base_keyword,primary_pillar_url,matched_pillar_slugs,sc_impressions_90d
"10 important smart goals that you want to achieve","D:/Website Goal Planner/vigilant-eagle-drift/articles/D:/Website Goal Planner/vigilant-eagle-drift/articles/10-important-smart-goals-that-you-want-to-achieve","D:/Website Goal Planner/vigilant-eagle-drift/articles/10-important-smart-goals-that-you-want-to-achieve|D:/Website Goal Planner/vigilant-eagle-drift/articles/smart-goals-t|D:/Website Goal Planner/vigilant-eagle-drift/articles/smart-goals-template-and-examples-2026","0"
"10 smart goals","D:/Website Goal Planner/vigilant-eagle-drift/articles/D:/Website Goal Planner/vigilant-eagle-drift/articles/smart-goals","D:/Website Goal Planner/vigilant-eagle-drift/articles/smart-goals|D:/Website Goal Planner/vigilant-eagle-drift/articles/10-smart-goals|D:/Website Goal Planner/vigilant-eagle-drift/articles/smart-goals-template-and-examples-2026","0"
"2 smart goals","D:/Website Goal Planner/vigilant-eagle-drift/articles/D:/Website Goal Planner/vigilant-eagle-drift/articles/smart-goals","D:/Website Goal Planner/vigilant-eagle-drift/articles/smart-goals|D:/Website Goal Planner/vigilant-eagle-drift/articles/2-smart-goals|D:/Website Goal Planner/vigilant-eagle-drift/articles/smart-goals-template-and-examples-2026","0"
"3 smart goals","D:/Website Goal Planner/vigilant-eagle-drift/articles/D:/Website Goal Planner/vigilant-eagle-drift/articles/smart-goals","D:/Website Goal Planner/vigilant-eagle-drift/articles/smart-goals|D:/Website Goal Planner/vigilant-eagle-drift/articles/3-smart-goals|D:/Website Goal Planner/vigilant-eagle-drift/articles/smart-goals-template-and-examples-2026","0"
"3 smart goals examples","D:/Website Goal Planner/vigilant-eagle-drift/articles/D:/Website Goal Planner/vigilant-eagle-drift/articles/smart-goals-examples","D:/Website Goal Planner/vigilant-eagle-drift/articles/smart-goals-examples|D:/Website Goal Planner/vigilant-eagle-drift/articles/3-smart-goals|D:/Website Goal Planner/vigilant-eagle-drift/articles/3-smart-goals-examples|D:/Website Goal Planner/vigilant-eagle-drift/articles/smart-goals-template-and-examples-2026","0"
"3 smart goals for work","D:/Website Goal Planner/vigilant-eagle-drift/articles/D:/Website Goal Planner/vigilant-eagle-drift/articles/smart-goals-for-work","D:/Website Goal Planner/vigilant-eagle-drift/articles/smart-goals-for-work|D:/Website Goal Planner/vigilant-eagle-drift/articles/3-smart-goals|D:/Website Goal Planner/vigilant-eagle-drift/articles/3-smart-goals-for-work|D:/Website Goal Planner/vigilant-eagle-drift/articles/smart-goals-template-and-examples-2026","0"
"3 smart objectives","D:/Website Goal Planner/vigilant-eagle-drift/articles/D:/Website Goal Planner/vigilant-eagle-drift/articles/smart-objectives","D:/Website Goal Planner/vigilant-eagle-drift/articles/smart-objectives|D:/Website Goal Planner/vigilant-eagle-drift/articles/3-smart-objectives","0"
"5 smart goals","D:/Website Goal Planner/vigilant-eagle-drift/articles/D:/Website Goal Planner/vigilant-eagle-drift/articles/smart-goals","D:/Website Goal Planner/vigilant-eagle-drift/articles/smart-goals|D:/Website Goal Planner/vigilant-eagle-drift/articles/5-smart-goals|D:/Website Goal Planner/vigilant-eagle-drift/articles/smart-goals-template-and-examples-2026","0"
"5 smart goals examples","D:/Website Goal Planner/vigilant-eagle-drift/articles/D:/Website Goal Planner/vigilant-eagle-drift/articles/smart-goals-examples","D:/Website Goal Planner/vigilant-eagle-drift/articles/smart-goals-examples|D:/Website Goal Planner/vigilant-eagle-drift/articles/5-smart-goals-examples|D:/Website Goal Planner/vigilant-eagle-drift/articles/5-smart-goals|D:/Website Goal Planner/vigilant-eagle-drift/articles/smart-goals-template-and-examples-2026","0"
"5 smart goals examples for work","D:/Website Goal Planner/vigilant-eagle-drift/articles/D:/Website Goal Planner/vigilant-eagle-drift/articles/smart-goals-examples","D:/Website Goal Planner/vigilant-eagle-drift/articles/smart-goals-examples|D:/Website Goal Planner/vigilant-eagle-drift/articles/smart-goals-examples-for-work|D:/Website Goal Planner/vigilant-eagle-drift/articles/5-smart-goals-examples|D:/Website Goal Planner/vigilant-eagle-drift/articles/5-smart-goals-examples-for-work|D:/Website Goal Planner/vigilant-eagle-drift/articles/5-smart-goals|D:/Website Goal Planner/vigilant-eagle-drift/articles/smart-goals-template-and-examples-2026","0"
"5 smart objectives","D:/Website Goal Planner/vigilant-eagle-drift/articles/D:/Website Goal Planner/vigilant-eagle-drift/articles/smart-objectives","D:/Website Goal Planner/vigilant-eagle-drift/articles/smart-objectives|D:/Website Goal Planner/vigilant-eagle-drift/articles/5-smart-objectives","0"
"5 year smart goals examples","D:/Website Goal Planner/vigilant-eagle-drift/articles/D:/Website Goal Planner/vigilant-eagle-drift/articles/smart-goals-examples","D:/Website Goal Planner/vigilant-eagle-drift/articles/smart-goals-examples|D:/Website Goal Planner/vigilant-eagle-drift/articles/5-year-smart-goals-examples|D:/Website Goal Planner/vigilant-eagle-drift/articles/smart-goals-template-and-examples-2026","0"
"a in smart goals","D:/Website Goal Planner/vigilant-eagle-drift/articles/D:/Website Goal Planner/vigilant-eagle-drift/articles/smart-goals","D:/Website Goal Planner/vigilant-eagle-drift/articles/smart-goals|D:/Website Goal Planner/vigilant-eagle-drift/articles/a-in-smart-goals|D:/Website Goal Planner/vigilant-eagle-drift/articles/smart-goals-template-and-examples-2026","0"
"a in smart goals stands for","D:/Website Goal Planner/vigilant-eagle-drift/articles/D:/Website Goal Planner/vigilant-eagle-drift/articles/a-in-smart-goals","D:/Website Goal Planner/vigilant-eagle-drift/articles/a-in-smart-goals|D:/Website Goal Planner/vigilant-eagle-drift/articles/a-in-smart-goals-stands-for|D:/Website Goal Planner/vigilant-eagle-drift/articles/smart-goals-template-and-examples-2026","0"
"a measurable goal","D:/Website Goal Planner/vigilant-eagle-drift/articles/D:/Website Goal Planner/vigilant-eagle-drift/articles/a-measurable-goal","D:/Website Goal Planner/vigilant-eagle-drift/articles/a-measurable-goal","0"
"a smart goal is","D:/Website Goal Planner/vigilant-eagle-drift/articles/D:/Website Goal Planner/vigilant-eagle-drift/articles/a-smart-goal-is","D:/Website Goal Planner/vigilant-eagle-drift/articles/a-smart-goal-is|D:/Website Goal Planner/vigilant-eagle-drift/articles/smart-goal-is","0"
"a smart goal should be measurable so you can","D:/Website Goal Planner/vigilant-eagle-drift/articles/D:/Website Goal Planner/vigilant-eagle-drift/articles/a-smart-goal-should-be-measurable-so-you-can","D:/Website Goal Planner/vigilant-eagle-drift/articles/a-smart-goal-should-be-measurable-so-you-can","0"
"a smart objective","D:/Website Goal Planner/vigilant-eagle-drift/articles/D:/Website Goal Planner/vigilant-eagle-drift/articles/a-smart-objective","D:/Website Goal Planner/vigilant-eagle-drift/articles/a-smart-objective","0"
"about smart goals","D:/Website Goal Planner/vigilant-eagle-drift/articles/D:/Website Goal Planner/vigilant-eagle-drift/articles/smart-goals","D:/Website Goal Planner/vigilant-eagle-drift/articles/smart-goals|D:/Website Goal Planner/vigilant-eagle-drift/articles/about-smart-goals|D:/Website Goal Planner/vigilant-eagle-drift/articles/smart-goals-template-and-examples-2026","0"
"academic smart goal examples","D:/Website Goal Planner/vigilant-eagle-drift/articles/D:/Website Goal Planner/vigilant-eagle-drift/articles/academic-smart-goal-examples","D:/Website Goal Planner/vigilant-eagle-drift/articles/academic-smart-goal-examples","0"
"academic smart goals examples for students","D:/Website Goal Planner/vigilant-eagle-drift/articles/D:/Website Goal Planner/vigilant-eagle-drift/articles/smart-goals-examples","D:/Website Goal Planner/vigilant-eagle-drift/articles/smart-goals-examples|D:/Website Goal Planner/vigilant-eagle-drift/articles/smart-goals-examples-for-students|D:/Website Goal Planner/vigilant-eagle-drift/articles/academic-smart-goals-examples-for-students|D:/Website Goal Planner/vigilant-eagle-drift/articles/c-smart-goals|D:/Website Goal Planner/vigilant-eagle-drift/articles/smart-goals-template-and-examples-2026","0"
"accountability smart goals examples","D:/Website Goal Planner/vigilant-eagle-drift/articles/D:/Website Goal Planner/vigilant-eagle-drift/articles/smart-goals-examples","D:/Website Goal Planner/vigilant-eagle-drift/articles/smart-goals-examples|D:/Website Goal Planner/vigilant-eagle-drift/articles/accountability-smart-goals-examples|D:/Website Goal Planner/vigilant-eagle-drift/articles/smart-goals-template-and-examples-2026","0"
"accounting smart goals","D:/Website Goal Planner/vigilant-eagle-drift/articles/D:/Website Goal Planner/vigilant-eagle-drift/articles/smart-goals","D:/Website Goal Planner/vigilant-eagle-drift/articles/smart-goals|D:/Website Goal Planner/vigilant-eagle-drift/articles/accounting-smart-goals|D:/Website Goal Planner/vigilant-eagle-drift/articles/smart-goals-template-and-examples-2026","0"
"accounts receivable smart goals examples","D:/Website Goal Planner/vigilant-eagle-drift/articles/D:/Website Goal Planner/vigilant-eagle-drift/articles/smart-goals-examples","D:/Website Goal Planner/vigilant-eagle-drift/articles/smart-goals-examples|D:/Website Goal Planner/vigilant-eagle-drift/articles/accounts-receivable-smart-goals-examples|D:/Website Goal Planner/vigilant-eagle-drift/articles/smart-goals-template-and-examples-2026","0"
"achievable goal example","D:/Website Goal Planner/vigilant-eagle-drift/articles/D:/Website Goal Planner/vigilant-eagle-drift/articles/achievable-goal-example","D:/Website Goal Planner/vigilant-eagle-drift/articles/achievable-goal-example","0"
"achievable in smart","D:/Website Goal Planner/vigilant-eagle-drift/articles/D:/Website Goal Planner/vigilant-eagle-drift/articles/achievable-in-smart","D:/Website Goal Planner/vigilant-eagle-drift/articles/achievable-in-smart","0"
"achievable in smart goals","D:/Website Goal Planner/vigilant-eagle-drift/articles/D:/Website Goal Planner/vigilant-eagle-drift/articles/smart-goals","D:/Website Goal Planner/vigilant-eagle-drift/articles/smart-goals|D:/Website Goal Planner/vigilant-eagle-drift/articles/achievable-in-smart|D:/Website Goal Planner/vigilant-eagle-drift/articles/achievable-in-smart-goals|D:/Website Goal Planner/vigilant-eagle-drift/articles/smart-goals-template-and-examples-2026","0"
"achievable objectives","D:/Website Goal Planner/vigilant-eagle-drift/articles/D:/Website Goal Planner/vigilant-eagle-drift/articles/achievable-objectives","D:/Website Goal Planner/vigilant-eagle-drift/articles/achievable-objectives","0"
"achievable objectives examples","D:/Website Goal Planner/vigilant-eagle-drift/articles/D:/Website Goal Planner/vigilant-eagle-drift/articles/achievable-objectives","D:/Website Goal Planner/vigilant-eagle-drift/articles/achievable-objectives|D:/Website Goal Planner/vigilant-eagle-drift/articles/achievable-objectives-examples","0"
"achievable smart","D:/Website Goal Planner/vigilant-eagle-drift/articles/D:/Website Goal Planner/vigilant-eagle-drift/articles/achievable-smart","D:/Website Goal Planner/vigilant-eagle-drift/articles/achievable-smart","0"
"achievable smart goals","D:/Website Goal Planner/vigilant-eagle-drift/articles/D:/Website Goal Planner/vigilant-eagle-drift/articles/smart-goals","D:/Website Goal Planner/vigilant-eagle-drift/articles/smart-goals|D:/Website Goal Planner/vigilant-eagle-drift/articles/achievable-smart|D:/Website Goal Planner/vigilant-eagle-drift/articles/achievable-smart-goals","0"
"achievable smart goals examples","D:/Website Goal Planner/vigilant-eagle-drift/articles/D:/Website Goal Planner/vigilant-eagle-drift/articles/smart-goals-examples","D:/Website Goal Planner/vigilant-eagle-drift/articles/smart-goals-examples|D:/Website Goal Planner/vigilant-eagle-drift/articles/achievable-smart|D:/Website Goal Planner/vigilant-eagle-drift/articles/achievable-smart-goals|D:/Website Goal Planner/vigilant-eagle-drift/articles/achievable-smart-goals-examples","0"
"acronym for goal setting","D:/Website Goal Planner/vigilant-eagle-drift/articles/D:/Website Goal Planner/vigilant-eagle-drift/articles/goal-planning-system-for-beginners","D:/Website Goal Planner/vigilant-eagle-drift/articles/goal-planning-system-for-beginners|D:/Website Goal Planner/vigilant-eagle-drift/articles/acronym-for-goal-setting|D:/Website Goal Planner/vigilant-eagle-drift/articles/how-to-set-goals-and-actually-achieve-them","0"
"acronym for goals","D:/Website Goal Planner/vigilant-eagle-drift/articles/D:/Website Goal Planner/vigilant-eagle-drift/articles/acronym-for-goals","D:/Website Goal Planner/vigilant-eagle-drift/articles/acronym-for-goals","0"
"acronym of smart goals","D:/Website Goal Planner/vigilant-eagle-drift/articles/D:/Website Goal Planner/vigilant-eagle-drift/articles/smart-goals","D:/Website Goal Planner/vigilant-eagle-drift/articles/smart-goals|D:/Website Goal Planner/vigilant-eagle-drift/articles/acronym-of-smart-goals","0"
"acronym smart for goal setting","D:/Website Goal Planner/vigilant-eagle-drift/articles/D:/Website Goal Planner/vigilant-eagle-drift/articles/goal-planning-system-for-beginners","D:/Website Goal Planner/vigilant-eagle-drift/articles/goal-planning-system-for-beginners|D:/Website Goal Planner/vigilant-eagle-drift/articles/acronym-smart-for-goal-setting|D:/Website Goal Planner/vigilant-eagle-drift/articles/how-to-set-goals-and-actually-achieve-them","0"
"acronym smart in goal setting","D:/Website Goal Planner/vigilant-eagle-drift/articles/D:/Website Goal Planner/vigilant-eagle-drift/articles/goal-planning-system-for-beginners","D:/Website Goal Planner/vigilant-eagle-drift/articles/goal-planning-system-for-beginners|D:/Website Goal Planner/vigilant-eagle-drift/articles/acronym-smart-in-goal-setting|D:/Website Goal Planner/vigilant-eagle-drift/articles/smart-in-goal|D:/Website Goal Planner/vigilant-eagle-drift/articles/how-to-set-goals-and-actually-achieve-them","0"
"acronym smart stand for","D:/Website Goal Planner/vigilant-eagle-drift/articles/D:/Website Goal Planner/vigilant-eagle-drift/articles/acronym-smart-stand-for","D:/Website Goal Planner/vigilant-eagle-drift/articles/acronym-smart-stand-for","0"
"act smart goals","D:/Website Goal Planner/vigilant-eagle-drift/articles/D:/Website Goal Planner/vigilant-eagle-drift/articles/smart-goals","D:/Website Goal Planner/vigilant-eagle-drift/articles/smart-goals|D:/Website Goal Planner/vigilant-eagle-drift/articles/act-smart-goals","0"
"action oriented smart goals","D:/Website Goal Planner/vigilant-eagle-drift/articles/D:/Website Goal Planner/vigilant-eagle-drift/articles/smart-goals","D:/Website Goal Planner/vigilant-eagle-drift/articles/smart-goals|D:/Website Goal Planner/vigilant-eagle-drift/articles/action-oriented-smart-goals","0"
"action oriented smart goals examples","D:/Website Goal Planner/vigilant-eagle-drift/articles/D:/Website Goal Planner/vigilant-eagle-drift/articles/smart-goals-examples","D:/Website Goal Planner/vigilant-eagle-drift/articles/smart-goals-examples|D:/Website Goal Planner/vigilant-eagle-drift/articles/action-oriented-smart-goals|D:/Website Goal Planner/vigilant-eagle-drift/articles/action-oriented-smart-goals-examples","0"
"action plan for smart goals examples","D:/Website Goal Planner/vigilant-eagle-drift/articles/D:/Website Goal Planner/vigilant-eagle-drift/articles/smart-goals-examples","D:/Website Goal Planner/vigilant-eagle-drift/articles/smart-goals-examples|D:/Website Goal Planner/vigilant-eagle-drift/articles/action-plan-for-smart-goals-examples","0"
"action plan smart format","D:/Website Goal Planner/vigilant-eagle-drift/articles/D:/Website Goal Planner/vigilant-eagle-drift/articles/action-plan-smart-format","D:/Website Goal Planner/vigilant-eagle-drift/articles/action-plan-smart-format","0"
"action plan smart goals","D:/Website Goal Planner/vigilant-eagle-drift/articles/D:/Website Goal Planner/vigilant-eagle-drift/articles/smart-goals","D:/Website Goal Planner/vigilant-eagle-drift/articles/smart-goals|D:/Website Goal Planner/vigilant-eagle-drift/articles/action-plan-smart-goals","0"
"action plan using smart goals","D:/Website Goal Planner/vigilant-eagle-drift/articles/D:/Website Goal Planner/vigilant-eagle-drift/articles/smart-goals","D:/Website Goal Planner/vigilant-eagle-drift/articles/smart-goals|D:/Website Goal Planner/vigilant-eagle-drift/articles/action-plan-using-smart-goals","0"
"action steps for smart goals","D:/Website Goal Planner/vigilant-eagle-drift/articles/D:/Website Goal Planner/vigilant-eagle-drift/articles/smart-goals","D:/Website Goal Planner/vigilant-eagle-drift/articles/smart-goals|D:/Website Goal Planner/vigilant-eagle-drift/articles/action-steps-for-smart-goals","0"
"active listening smart goal","D:/Website Goal Planner/vigilant-eagle-drift/articles/D:/Website Goal Planner/vigilant-eagle-drift/articles/smart-goals","D:/Website Goal Planner/vigilant-eagle-drift/articles/smart-goals|D:/Website Goal Planner/vigilant-eagle-drift/articles/active-listening-smart-goal","0"
"agile smart goals","D:/Website Goal Planner/vigilant-eagle-drift/articles/D:/Website Goal Planner/vigilant-eagle-drift/articles/smart-goals","D:/Website Goal Planner/vigilant-eagle-drift/articles/smart-goals|D:/Website Goal Planner/vigilant-eagle-drift/articles/agile-smart-goals","0"
"agile smart goals examples","D:/Website Goal Planner/vigilant-eagle-drift/articles/D:/Website Goal Planner/vigilant-eagle-drift/articles/smart-goals-examples","D:/Website Goal Planner/vigilant-eagle-drift/articles/smart-goals-examples|D:/Website Goal Planner/vigilant-eagle-drift/articles/agile-smart-goals","0"
"aia life planner app for iphone","D:/Website Goal Planner/vigilant-eagle-drift/articles/how-to-set-goals-and-actually-achieve-them","how-to-set-goals-and-actually-achieve-them","0"
"amazon smart goals","D:/Website Goal Planner/vigilant-eagle-drift/articles/D:/Website Goal Planner/vigilant-eagle-drift/articles/smart-goals","D:/Website Goal Planner/vigilant-eagle-drift/articles/smart-goals|D:/Website Goal Planner/vigilant-eagle-drift/articles/amazon-smart-goals","0"
"amazon smart goals examples","D:/Website Goal Planner/vigilant-eagle-drift/articles/D:/Website Goal Planner/vigilant-eagle-drift/articles/smart-goals-examples","D:/Website Goal Planner/vigilant-eagle-drift/articles/smart-goals-examples|D:/Website Goal Planner/vigilant-eagle-drift/articles/amazon-smart-goals","0"
"amazon smart objectives","D:/Website Goal Planner/vigilant-eagle-drift/articles/D:/Website Goal Planner/vigilant-eagle-drift/articles/smart-objectives","D:/Website Goal Planner/vigilant-eagle-drift/articles/smart-objectives|D:/Website Goal Planner/vigilant-eagle-drift/articles/amazon-smart-objectives","0"
"an example of a smart goal is","D:/Website Goal Planner/vigilant-eagle-drift/articles/D:/Website Goal Planner/vigilant-eagle-drift/articles/a-smart-goal-is","D:/Website Goal Planner/vigilant-eagle-drift/articles/a-smart-goal-is|D:/Website Goal Planner/vigilant-eagle-drift/articles/an-example-of-a-smart-goal-is|D:/Website Goal Planner/vigilant-eagle-drift/articles/smart-goal-is","0"
"annual goal setting template","D:/Website Goal Planner/vigilant-eagle-drift/articles/D:/Website Goal Planner/vigilant-eagle-drift/articles/goal-planning-system-for-beginners","D:/Website Goal Planner/vigilant-eagle-drift/articles/goal-planning-system-for-beginners|D:/Website Goal Planner/vigilant-eagle-drift/articles/how-to-set-goals-and-actually-achieve-them","0"
"anxiety smart goals","D:/Website Goal Planner/vigilant-eagle-drift/articles/D:/Website Goal Planner/vigilant-eagle-drift/articles/overcome-fear-and-anxiety","D:/Website Goal Planner/vigilant-eagle-drift/articles/overcome-fear-and-anxiety|D:/Website Goal Planner/vigilant-eagle-drift/articles/anxiety-smart-goals","0"
"anxiety smart goals examples","D:/Website Goal Planner/vigilant-eagle-drift/articles/D:/Website Goal Planner/vigilant-eagle-drift/articles/overcome-fear-and-anxiety","D:/Website Goal Planner/vigilant-eagle-drift/articles/overcome-fear-and-anxiety|D:/Website Goal Planner/vigilant-eagle-drift/articles/smart-goals-examples|D:/Website Goal Planner/vigilant-eagle-drift/articles/anxiety-smart-goals|D:/Website Goal Planner/vigilant-eagle-drift/articles/anxiety-smart-goals-examples","0"
"any.do alternative","NO_COVERAGE","","0"
"apa itu smart goals","D:/Website Goal Planner/vigilant-eagle-drift/articles/D:/Website Goal Planner/vigilant-eagle-drift/articles/apa-itu-smart-goals","D:/Website Goal Planner/vigilant-eagle-drift/articles/apa-itu-smart-goals","0"
"asana smart goals","D:/Website Goal Planner/vigilant-eagle-drift/articles/D:/Website Goal Planner/vigilant-eagle-drift/articles/asana-smart-goals","D:/Website Goal Planner/vigilant-eagle-drift/articles/asana-smart-goals","0"
"atlassian smart goals","D:/Website Goal Planner/vigilant-eagle-drift/articles/D:/Website Goal Planner/vigilant-eagle-drift/articles/atlassian-smart-goals","D:/Website Goal Planner/vigilant-eagle-drift/articles/atlassian-smart-goals","0"
"attainable goal example","D:/Website Goal Planner/vigilant-eagle-drift/articles/D:/Website Goal Planner/vigilant-eagle-drift/articles/attainable-goal-example","D:/Website Goal Planner/vigilant-eagle-drift/articles/attainable-goal-example","0"
"attainable goals","D:/Website Goal Planner/vigilant-eagle-drift/articles/D:/Website Goal Planner/vigilant-eagle-drift/articles/attainable-goals","D:/Website Goal Planner/vigilant-eagle-drift/articles/attainable-goals","0"
"attainable goals for work","D:/Website Goal Planner/vigilant-eagle-drift/articles/D:/Website Goal Planner/vigilant-eagle-drift/articles/attainable-goals","D:/Website Goal Planner/vigilant-eagle-drift/articles/attainable-goals|D:/Website Goal Planner/vigilant-eagle-drift/articles/attainable-goals-for-work","0"
"attainable in smart","D:/Website Goal Planner/vigilant-eagle-drift/articles/D:/Website Goal Planner/vigilant-eagle-drift/articles/attainable-in-smart","D:/Website Goal Planner/vigilant-eagle-drift/articles/attainable-in-smart","0"
"attainable in smart goals","D:/Website Goal Planner/vigilant-eagle-drift/articles/D:/Website Goal Planner/vigilant-eagle-drift/articles/attainable-in-smart","D:/Website Goal Planner/vigilant-eagle-drift/articles/attainable-in-smart|D:/Website Goal Planner/vigilant-eagle-drift/articles/attainable-in-smart-goals","0"
"attainable in smart goals example","D:/Website Goal Planner/vigilant-eagle-drift/articles/D:/Website Goal Planner/vigilant-eagle-drift/articles/attainable-in-smart","D:/Website Goal Planner/vigilant-eagle-drift/articles/attainable-in-smart|D:/Website Goal Planner/vigilant-eagle-drift/articles/attainable-in-smart-goals|D:/Website Goal Planner/vigilant-eagle-drift/articles/attainable-in-smart-goals-example","0"
"attainable objectives","D:/Website Goal Planner/vigilant-eagle-drift/articles/D:/Website Goal Planner/vigilant-eagle-drift/articles/attainable-objectives","D:/Website Goal Planner/vigilant-eagle-drift/articles/attainable-objectives","0"
"attainable objectives examples","D:/Website Goal Planner/vigilant-eagle-drift/articles/D:/Website Goal Planner/vigilant-eagle-drift/articles/attainable-objectives","D:/Website Goal Planner/vigilant-eagle-drift/articles/attainable-objectives|D:/Website Goal Planner/vigilant-eagle-drift/articles/attainable-objectives-examples","0"
"attainable smart","D:/Website Goal Planner/vigilant-eagle-drift/articles/D:/Website Goal Planner/vigilant-eagle-drift/articles/attainable-smart","D:/Website Goal Planner/vigilant-eagle-drift/articles/attainable-smart","0"
"attainable smart goals examples","D:/Website Goal Planner/vigilant-eagle-drift/articles/D:/Website Goal Planner/vigilant-eagle-drift/articles/smart-goals-examples","D:/Website Goal Planner/vigilant-eagle-drift/articles/smart-goals-examples|D:/Website Goal Planner/vigilant-eagle-drift/articles/attainable-smart|D:/Website Goal Planner/vigilant-eagle-drift/articles/attainable-smart-goals-examples","0"
"best daily planning system for students","D:/Website Goal Planner/vigilant-eagle-drift/articles/D:/Website Goal Planner/vigilant-eagle-drift/articles/how-to-create-a-daily-schedule-that-works-2026","D:/Website Goal Planner/vigilant-eagle-drift/articles/how-to-create-a-daily-schedule-that-works-2026","0"
"best free goal tracker app for iphone","D:/Website Goal Planner/vigilant-eagle-drift/articles/D:/Website Goal Planner/vigilant-eagle-drift/articles/goal-tracker-app-how-to-track-progress","D:/Website Goal Planner/vigilant-eagle-drift/articles/goal-tracker-app-how-to-track-progress","0"
"best goal planner","D:/Website Goal Planner/vigilant-eagle-drift/articles/D:/Website Goal Planner/vigilant-eagle-drift/articles/how-to-set-goals-and-actually-achieve-them","D:/Website Goal Planner/vigilant-eagle-drift/articles/how-to-set-goals-and-actually-achieve-them","0"
"best goal planner app","D:/Website Goal Planner/vigilant-eagle-drift/articles/D:/Website Goal Planner/vigilant-eagle-drift/articles/how-to-set-goals-and-actually-achieve-them","D:/Website Goal Planner/vigilant-eagle-drift/articles/how-to-set-goals-and-actually-achieve-them","8"
"best goal planner app for iphone","D:/Website Goal Planner/vigilant-eagle-drift/articles/D:/Website Goal Planner/vigilant-eagle-drift/articles/how-to-set-goals-and-actually-achieve-them","D:/Website Goal Planner/vigilant-eagle-drift/articles/how-to-set-goals-and-actually-achieve-them","0"
"best goal planning app","D:/Website Goal Planner/vigilant-eagle-drift/articles/goal-planning-system-for-beginners","goal-planning-system-for-beginners","1"
"best goal planning system for beginners","D:/Website Goal Planner/vigilant-eagle-drift/articles/D:/Website Goal Planner/vigilant-eagle-drift/articles/goal-planning-system-for-beginners","D:/Website Goal Planner/vigilant-eagle-drift/articles/goal-planning-system-for-beginners|D:/Website Goal Planner/vigilant-eagle-drift/articles/simple-productivity-system-for-beginners-2026","0"
"best goal setting app","D:/Website Goal Planner/vigilant-eagle-drift/articles/D:/Website Goal Planner/vigilant-eagle-drift/articles/goal-planning-system-for-beginners","D:/Website Goal Planner/vigilant-eagle-drift/articles/goal-planning-system-for-beginners|D:/Website Goal Planner/vigilant-eagle-drift/articles/how-to-set-goals-and-actually-achieve-them","2"
"best goal setting app for iphone","D:/Website Goal Planner/vigilant-eagle-drift/articles/D:/Website Goal Planner/vigilant-eagle-drift/articles/goal-planning-system-for-beginners","D:/Website Goal Planner/vigilant-eagle-drift/articles/goal-planning-system-for-beginners|D:/Website Goal Planner/vigilant-eagle-drift/articles/how-to-set-goals-and-actually-achieve-them","0"
"best goal setting app free","D:/Website Goal Planner/vigilant-eagle-drift/articles/D:/Website Goal Planner/vigilant-eagle-drift/articles/goal-planning-system-for-beginners","D:/Website Goal Planner/vigilant-eagle-drift/articles/goal-planning-system-for-beginners|D:/Website Goal Planner/vigilant-eagle-drift/articles/how-to-set-goals-and-actually-achieve-them","0"
"best goal setting app reddit","D:/Website Goal Planner/vigilant-eagle-drift/articles/D:/Website Goal Planner/vigilant-eagle-drift/articles/goal-planning-system-for-beginners","D:/Website Goal Planner/vigilant-eagle-drift/articles/goal-planning-system-for-beginners|D:/Website Goal Planner/vigilant-eagle-drift/articles/how-to-set-goals-and-actually-achieve-them","0"
"best goal tracker app","D:/Website Goal Planner/vigilant-eagle-drift/articles/D:/Website Goal Planner/vigilant-eagle-drift/articles/goal-tracker-app-how-to-track-progress","D:/Website Goal Planner/vigilant-eagle-drift/articles/goal-tracker-app-how-to-track-progress","10"
"best goal tracker app for iphone","D:/Website Goal Planner/vigilant-eagle-drift/articles/D:/Website Goal Planner/vigilant-eagle-drift/articles/goal-tracker-app-how-to-track-progress","D:/Website Goal Planner/vigilant-eagle-drift/articles/goal-tracker-app-how-to-track-progress","0"
"best goal tracker app free","D:/Website Goal Planner/vigilant-eagle-drift/articles/D:/Website Goal Planner/vigilant-eagle-drift/articles/goal-tracker-app-how-to-track-progress","D:/Website Goal Planner/vigilant-eagle-drift/articles/goal-tracker-app-how-to-track-progress","0"
"best goal tracking methods for success","D:/Website Goal Planner/vigilant-eagle-drift/articles/D:/Website Goal Planner/vigilant-eagle-drift/articles/goal-tracking-system","D:/Website Goal Planner/vigilant-eagle-drift/articles/goal-tracking-system|D:/Website Goal Planner/vigilant-eagle-drift/articles/quotes-for-success-and-determination|D:/Website Goal Planner/vigilant-eagle-drift/articles/goal-tracker-app-how-to-track-progress","0"
"best life planner app","D:/Website Goal Planner/vigilant-eagle-drift/articles/daily-planner-guide-2026","daily-planner-guide-2026|digital-planner-vs-paper|habit-tracking-with-a-planner-app","0"
"best life planner app for iphone","D:/Website Goal Planner/vigilant-eagle-drift/articles/how-to-set-goals-and-actually-achieve-them","how-to-set-goals-and-actually-achieve-them","0"
"best life planner app free","D:/Website Goal Planner/vigilant-eagle-drift/articles/daily-planner-guide-2026","daily-planner-guide-2026|habit-tracking-with-a-planner-app|how-to-create-a-daily-schedule-that-works-2026","0"
"best life planner for adhd","D:/Website Goal Planner/vigilant-eagle-drift/articles/stay-focused-without-distractions","stay-focused-without-distractions|organize-daily-tasks-system|daily-planner-guide-2026","0"
"best motivational quotes for success in life","D:/Website Goal Planner/vigilant-eagle-drift/articles/D:/Website Goal Planner/vigilant-eagle-drift/articles/best-motivational-quotes-2026","D:/Website Goal Planner/vigilant-eagle-drift/articles/best-motivational-quotes-2026|D:/Website Goal Planner/vigilant-eagle-drift/articles/quotes-for-success-and-determination","0"
"best motivational quotes to overcome fears","D:/Website Goal Planner/vigilant-eagle-drift/articles/D:/Website Goal Planner/vigilant-eagle-drift/articles/overcome-fear-and-anxiety","D:/Website Goal Planner/vigilant-eagle-drift/articles/overcome-fear-and-anxiety|D:/Website Goal Planner/vigilant-eagle-drift/articles/best-motivational-quotes-2026","0"
"best motivational speeches by Tony Robbins","D:/Website Goal Planner/vigilant-eagle-drift/articles/D:/Website Goal Planner/vigilant-eagle-drift/articles/best-motivational-quotes-2026","D:/Website Goal Planner/vigilant-eagle-drift/articles/best-motivational-quotes-2026|D:/Website Goal Planner/vigilant-eagle-drift/articles/motivational-speakers-and-influencers","0"
"best motivational talks by international speakers","D:/Website Goal Planner/vigilant-eagle-drift/articles/D:/Website Goal Planner/vigilant-eagle-drift/articles/best-motivational-quotes-2026","D:/Website Goal Planner/vigilant-eagle-drift/articles/best-motivational-quotes-2026|D:/Website Goal Planner/vigilant-eagle-drift/articles/motivational-speakers-and-influencers","0"
"best planner setup for daily tasks","D:/Website Goal Planner/vigilant-eagle-drift/articles/D:/Website Goal Planner/vigilant-eagle-drift/articles/organize-daily-tasks-system","D:/Website Goal Planner/vigilant-eagle-drift/articles/organize-daily-tasks-system|D:/Website Goal Planner/vigilant-eagle-drift/articles/daily-planner-guide-2026","0"
"best productivity tips for daily life","D:/Website Goal Planner/vigilant-eagle-drift/articles/D:/Website Goal Planner/vigilant-eagle-drift/articles/best-productivity-tips-for-daily-life-2026","D:/Website Goal Planner/vigilant-eagle-drift/articles/best-productivity-tips-for-daily-life-2026","0"
"best productivity tips for daily life for beginners","D:/Website Goal Planner/vigilant-eagle-drift/articles/D:/Website Goal Planner/vigilant-eagle-drift/articles/best-productivity-tips-for-daily-life-2026","D:/Website Goal Planner/vigilant-eagle-drift/articles/best-productivity-tips-for-daily-life-2026","0"
"best productivity tips for daily life for busy people","D:/Website Goal Planner/vigilant-eagle-drift/articles/D:/Website Goal Planner/vigilant-eagle-drift/articles/best-productivity-tips-for-daily-life-2026","D:/Website Goal Planner/vigilant-eagle-drift/articles/best-productivity-tips-for-daily-life-2026","0"
"best productivity tips for daily life for students","D:/Website Goal Planner/vigilant-eagle-drift/articles/D:/Website Goal Planner/vigilant-eagle-drift/articles/best-productivity-tips-for-daily-life-2026","D:/Website Goal Planner/vigilant-eagle-drift/articles/best-productivity-tips-for-daily-life-2026","0"
"best productivity tips for daily life in 2026","D:/Website Goal Planner/vigilant-eagle-drift/articles/D:/Website Goal Planner/vigilant-eagle-drift/articles/best-productivity-tips-for-daily-life-2026","D:/Website Goal Planner/vigilant-eagle-drift/articles/best-productivity-tips-for-daily-life-2026","0"
"best productivity tips for daily life step by step","D:/Website Goal Planner/vigilant-eagle-drift/articles/D:/Website Goal Planner/vigilant-eagle-drift/articles/best-productivity-tips-for-daily-life-2026","D:/Website Goal Planner/vigilant-eagle-drift/articles/best-productivity-tips-for-daily-life-2026","0"
"best quotes about persistence and hard work","D:/Website Goal Planner/vigilant-eagle-drift/articles/D:/Website Goal Planner/vigilant-eagle-drift/articles/best-motivational-quotes-2026","D:/Website Goal Planner/vigilant-eagle-drift/articles/best-motivational-quotes-2026|D:/Website Goal Planner/vigilant-eagle-drift/articles/quotes-for-discipline-and-hard-work","0"
"best quotes for daily motivation","D:/Website Goal Planner/vigilant-eagle-drift/articles/D:/Website Goal Planner/vigilant-eagle-drift/articles/best-motivational-quotes-2026","D:/Website Goal Planner/vigilant-eagle-drift/articles/best-motivational-quotes-2026","0"
"best quotes for self improvement and growth","D:/Website Goal Planner/vigilant-eagle-drift/articles/D:/Website Goal Planner/vigilant-eagle-drift/articles/best-motivational-quotes-2026","D:/Website Goal Planner/vigilant-eagle-drift/articles/best-motivational-quotes-2026|D:/Website Goal Planner/vigilant-eagle-drift/articles/self-improvement-plan-2026","0"
"best quotes for teachers to inspire students","D:/Website Goal Planner/vigilant-eagle-drift/articles/D:/Website Goal Planner/vigilant-eagle-drift/articles/best-motivational-quotes-2026","D:/Website Goal Planner/vigilant-eagle-drift/articles/best-motivational-quotes-2026","0"
"best smart goals","D:/Website Goal Planner/vigilant-eagle-drift/articles/D:/Website Goal Planner/vigilant-eagle-drift/articles/best-smart-goals","D:/Website Goal Planner/vigilant-eagle-drift/articles/best-smart-goals","0"
"best smart goals examples","D:/Website Goal Planner/vigilant-eagle-drift/articles/D:/Website Goal Planner/vigilant-eagle-drift/articles/smart-goals-examples","D:/Website Goal Planner/vigilant-eagle-drift/articles/smart-goals-examples|D:/Website Goal Planner/vigilant-eagle-drift/articles/best-smart-goals|D:/Website Goal Planner/vigilant-eagle-drift/articles/best-smart-goals-examples","0"
"best techniques for goal achievement","D:/Website Goal Planner/vigilant-eagle-drift/articles/time-management-tips-and-strategies-2026","time-management-tips-and-strategies-2026|daily-planner-guide-2026|habit-tracking-with-a-planner-app","0"
"best time management strategies for success","D:/Website Goal Planner/vigilant-eagle-drift/articles/D:/Website Goal Planner/vigilant-eagle-drift/articles/time-management-tips-and-strategies-2026","D:/Website Goal Planner/vigilant-eagle-drift/articles/time-management-tips-and-strategies-2026|D:/Website Goal Planner/vigilant-eagle-drift/articles/quotes-for-success-and-determination","0"
"best way to track daily goals and habits","D:/Website Goal Planner/vigilant-eagle-drift/articles/D:/Website Goal Planner/vigilant-eagle-drift/articles/habit-tracking-with-a-planner-app","D:/Website Goal Planner/vigilant-eagle-drift/articles/habit-tracking-with-a-planner-app","0"
"best way to track goals","D:/Website Goal Planner/vigilant-eagle-drift/articles/habit-tracking-with-a-planner-app","habit-tracking-with-a-planner-app","0"
"best ways to organize tasks digitally","D:/Website Goal Planner/vigilant-eagle-drift/articles/D:/Website Goal Planner/vigilant-eagle-drift/articles/digital-planner-vs-paper","D:/Website Goal Planner/vigilant-eagle-drift/articles/digital-planner-vs-paper","0"
"best ways to organize your daily tasks","D:/Website Goal Planner/vigilant-eagle-drift/articles/D:/Website Goal Planner/vigilant-eagle-drift/articles/organize-daily-tasks-system","D:/Website Goal Planner/vigilant-eagle-drift/articles/organize-daily-tasks-system","0"
"better than smart goals","D:/Website Goal Planner/vigilant-eagle-drift/articles/D:/Website Goal Planner/vigilant-eagle-drift/articles/better-than-smart-goals","D:/Website Goal Planner/vigilant-eagle-drift/articles/better-than-smart-goals","0"
"brand awareness smart goals examples","D:/Website Goal Planner/vigilant-eagle-drift/articles/D:/Website Goal Planner/vigilant-eagle-drift/articles/smart-goals-examples","D:/Website Goal Planner/vigilant-eagle-drift/articles/smart-goals-examples|D:/Website Goal Planner/vigilant-eagle-drift/articles/brand-awareness-smart-goals-examples","0"
"brand awareness smart objectives examples","D:/Website Goal Planner/vigilant-eagle-drift/articles/D:/Website Goal Planner/vigilant-eagle-drift/articles/smart-objectives","D:/Website Goal Planner/vigilant-eagle-drift/articles/smart-objectives|D:/Website Goal Planner/vigilant-eagle-drift/articles/smart-objectives-examples|D:/Website Goal Planner/vigilant-eagle-drift/articles/brand-awareness-smart-objectives-examples","0"
"business acumen smart goal examples","D:/Website Goal Planner/vigilant-eagle-drift/articles/D:/Website Goal Planner/vigilant-eagle-drift/articles/business-acumen-smart-goal-examples","D:/Website Goal Planner/vigilant-eagle-drift/articles/business-acumen-smart-goal-examples","0"
"business and marketing objectives smart","D:/Website Goal Planner/vigilant-eagle-drift/articles/smart-objectives","smart-objectives|smart-objectives-examples|smart-acronym","0"
"business goal setting worksheet","D:/Website Goal Planner/vigilant-eagle-drift/articles/D:/Website Goal Planner/vigilant-eagle-drift/articles/goal-planning-system-for-beginners","D:/Website Goal Planner/vigilant-eagle-drift/articles/goal-planning-system-for-beginners|D:/Website Goal Planner/vigilant-eagle-drift/articles/business-goal-setting-worksheet|D:/Website Goal Planner/vigilant-eagle-drift/articles/how-to-set-goals-and-actually-achieve-them","0"
"business objectives smart examples","D:/Website Goal Planner/vigilant-eagle-drift/articles/D:/Website Goal Planner/vigilant-eagle-drift/articles/smart-examples","D:/Website Goal Planner/vigilant-eagle-drift/articles/smart-examples|D:/Website Goal Planner/vigilant-eagle-drift/articles/business-objectives-smart-examples","0"
"business smart acronym","D:/Website Goal Planner/vigilant-eagle-drift/articles/D:/Website Goal Planner/vigilant-eagle-drift/articles/smart-acronym","D:/Website Goal Planner/vigilant-eagle-drift/articles/smart-acronym|D:/Website Goal Planner/vigilant-eagle-drift/articles/business-smart-acronym","0"
"business smart objectives examples","D:/Website Goal Planner/vigilant-eagle-drift/articles/D:/Website Goal Planner/vigilant-eagle-drift/articles/smart-objectives","D:/Website Goal Planner/vigilant-eagle-drift/articles/smart-objectives|D:/Website Goal Planner/vigilant-eagle-drift/articles/smart-objectives-examples|D:/Website Goal Planner/vigilant-eagle-drift/articles/business-smart-objectives-examples","0"
"c smart goals","D:/Website Goal Planner/vigilant-eagle-drift/articles/D:/Website Goal Planner/vigilant-eagle-drift/articles/c-smart-goals","D:/Website Goal Planner/vigilant-eagle-drift/articles/c-smart-goals","0"
"c smart objectives","D:/Website Goal Planner/vigilant-eagle-drift/articles/D:/Website Goal Planner/vigilant-eagle-drift/articles/smart-objectives","D:/Website Goal Planner/vigilant-eagle-drift/articles/smart-objectives|D:/Website Goal Planner/vigilant-eagle-drift/articles/c-smart-objectives","0"
"career development smart goals","D:/Website Goal Planner/vigilant-eagle-drift/articles/D:/Website Goal Planner/vigilant-eagle-drift/articles/career-development-smart-goals","D:/Website Goal Planner/vigilant-eagle-drift/articles/career-development-smart-goals","0"
"career development smart goals examples","D:/Website Goal Planner/vigilant-eagle-drift/articles/D:/Website Goal Planner/vigilant-eagle-drift/articles/smart-goals-examples","D:/Website Goal Planner/vigilant-eagle-drift/articles/smart-goals-examples|D:/Website Goal Planner/vigilant-eagle-drift/articles/career-development-smart-goals-examples|D:/Website Goal Planner/vigilant-eagle-drift/articles/career-development-smart-goals","0"
"career smart goals examples for students","D:/Website Goal Planner/vigilant-eagle-drift/articles/D:/Website Goal Planner/vigilant-eagle-drift/articles/smart-goals-examples","D:/Website Goal Planner/vigilant-eagle-drift/articles/smart-goals-examples|D:/Website Goal Planner/vigilant-eagle-drift/articles/smart-goals-examples-for-students|D:/Website Goal Planner/vigilant-eagle-drift/articles/career-smart-goals-examples-for-students","0"
"case management smart goals examples","D:/Website Goal Planner/vigilant-eagle-drift/articles/D:/Website Goal Planner/vigilant-eagle-drift/articles/case-management-smart-goals-examples","D:/Website Goal Planner/vigilant-eagle-drift/articles/case-management-smart-goals-examples","0"
"change management smart goals examples","D:/Website Goal Planner/vigilant-eagle-drift/articles/D:/Website Goal Planner/vigilant-eagle-drift/articles/change-management-smart-goals-examples","D:/Website Goal Planner/vigilant-eagle-drift/articles/change-management-smart-goals-examples","0"
"characteristics of goals smart","D:/Website Goal Planner/vigilant-eagle-drift/articles/D:/Website Goal Planner/vigilant-eagle-drift/articles/characteristics-of-goals-smart","D:/Website Goal Planner/vigilant-eagle-drift/articles/characteristics-of-goals-smart","0"
"characteristics of smart goals","D:/Website Goal Planner/vigilant-eagle-drift/articles/D:/Website Goal Planner/vigilant-eagle-drift/articles/characteristics-of-smart-goals","D:/Website Goal Planner/vigilant-eagle-drift/articles/characteristics-of-smart-goals","0"
"characteristics of smart objectives","D:/Website Goal Planner/vigilant-eagle-drift/articles/D:/Website Goal Planner/vigilant-eagle-drift/articles/smart-objectives","D:/Website Goal Planner/vigilant-eagle-drift/articles/smart-objectives|D:/Website Goal Planner/vigilant-eagle-drift/articles/characteristics-of-smart-objectives","0"
"chief of staff smart goals","D:/Website Goal Planner/vigilant-eagle-drift/articles/D:/Website Goal Planner/vigilant-eagle-drift/articles/chief-of-staff-smart-goals","D:/Website Goal Planner/vigilant-eagle-drift/articles/chief-of-staff-smart-goals","0"
"clickup alternative","NO_COVERAGE","","0"
"coaching smart goals examples","D:/Website Goal Planner/vigilant-eagle-drift/articles/D:/Website Goal Planner/vigilant-eagle-drift/articles/coaching-smart-goals-examples","D:/Website Goal Planner/vigilant-eagle-drift/articles/coaching-smart-goals-examples","0"
"coca cola smart objectives","D:/Website Goal Planner/vigilant-eagle-drift/articles/D:/Website Goal Planner/vigilant-eagle-drift/articles/smart-objectives","D:/Website Goal Planner/vigilant-eagle-drift/articles/smart-objectives|D:/Website Goal Planner/vigilant-eagle-drift/articles/a-smart-objective|D:/Website Goal Planner/vigilant-eagle-drift/articles/coca-cola-smart-objectives","0"
"collaboration smart goals examples","D:/Website Goal Planner/vigilant-eagle-drift/articles/D:/Website Goal Planner/vigilant-eagle-drift/articles/collaboration-smart-goals-examples","D:/Website Goal Planner/vigilant-eagle-drift/articles/collaboration-smart-goals-examples","0"
"common smart goals","D:/Website Goal Planner/vigilant-eagle-drift/articles/D:/Website Goal Planner/vigilant-eagle-drift/articles/common-smart-goals","D:/Website Goal Planner/vigilant-eagle-drift/articles/common-smart-goals","0"
"communication skills smart goals","D:/Website Goal Planner/vigilant-eagle-drift/articles/D:/Website Goal Planner/vigilant-eagle-drift/articles/communication-skills-smart-goals","D:/Website Goal Planner/vigilant-eagle-drift/articles/communication-skills-smart-goals","0"
"communication smart goal","D:/Website Goal Planner/vigilant-eagle-drift/articles/D:/Website Goal Planner/vigilant-eagle-drift/articles/communication-smart-goal","D:/Website Goal Planner/vigilant-eagle-drift/articles/communication-smart-goal","0"
"communication smart goal examples","D:/Website Goal Planner/vigilant-eagle-drift/articles/D:/Website Goal Planner/vigilant-eagle-drift/articles/communication-smart-goal","D:/Website Goal Planner/vigilant-eagle-drift/articles/communication-smart-goal|D:/Website Goal Planner/vigilant-eagle-drift/articles/communication-smart-goal-examples","0"
"community smart goals examples","D:/Website Goal Planner/vigilant-eagle-drift/articles/D:/Website Goal Planner/vigilant-eagle-drift/articles/community-smart-goals-examples","D:/Website Goal Planner/vigilant-eagle-drift/articles/community-smart-goals-examples","0"
"company smart goals","D:/Website Goal Planner/vigilant-eagle-drift/articles/D:/Website Goal Planner/vigilant-eagle-drift/articles/company-smart-goals","D:/Website Goal Planner/vigilant-eagle-drift/articles/company-smart-goals","0"
"company smart goals examples","D:/Website Goal Planner/vigilant-eagle-drift/articles/D:/Website Goal Planner/vigilant-eagle-drift/articles/company-smart-goals","D:/Website Goal Planner/vigilant-eagle-drift/articles/company-smart-goals|D:/Website Goal Planner/vigilant-eagle-drift/articles/company-smart-goals-examples","0"
"concept of smart goals","D:/Website Goal Planner/vigilant-eagle-drift/articles/D:/Website Goal Planner/vigilant-eagle-drift/articles/concept-of-smart-goals","D:/Website Goal Planner/vigilant-eagle-drift/articles/concept-of-smart-goals","0"
"concrete goals examples","D:/Website Goal Planner/vigilant-eagle-drift/articles/D:/Website Goal Planner/vigilant-eagle-drift/articles/concrete-goals-examples","D:/Website Goal Planner/vigilant-eagle-drift/articles/concrete-goals-examples","3"
"content marketing smart goals","D:/Website Goal Planner/vigilant-eagle-drift/articles/D:/Website Goal Planner/vigilant-eagle-drift/articles/content-marketing-smart-goals","D:/Website Goal Planner/vigilant-eagle-drift/articles/content-marketing-smart-goals","0"
"contoh smart goals","D:/Website Goal Planner/vigilant-eagle-drift/articles/D:/Website Goal Planner/vigilant-eagle-drift/articles/contoh-smart-goals","D:/Website Goal Planner/vigilant-eagle-drift/articles/contoh-smart-goals","0"
"costco smart goals","D:/Website Goal Planner/vigilant-eagle-drift/articles/D:/Website Goal Planner/vigilant-eagle-drift/articles/costco-smart-goals","D:/Website Goal Planner/vigilant-eagle-drift/articles/costco-smart-goals","0"
"create a smart goal example","D:/Website Goal Planner/vigilant-eagle-drift/articles/D:/Website Goal Planner/vigilant-eagle-drift/articles/create-a-smart-goal-example","D:/Website Goal Planner/vigilant-eagle-drift/articles/create-a-smart-goal-example","0"
"create a smart goal for yourself","D:/Website Goal Planner/vigilant-eagle-drift/articles/D:/Website Goal Planner/vigilant-eagle-drift/articles/create-a-smart-goal-for-yourself","D:/Website Goal Planner/vigilant-eagle-drift/articles/create-a-smart-goal-for-yourself","0"
"create a smart goals and kpi examples","D:/Website Goal Planner/vigilant-eagle-drift/articles/D:/Website Goal Planner/vigilant-eagle-drift/articles/smart-goals-and-kpi-examples","D:/Website Goal Planner/vigilant-eagle-drift/articles/smart-goals-and-kpi-examples","0"
"create an example of a smart goal","D:/Website Goal Planner/vigilant-eagle-drift/articles/time-management-tips-and-strategies-2026","time-management-tips-and-strategies-2026|mindset-shifts-for-success|create-a-smart-goal-example","0"
"creating smart goals","D:/Website Goal Planner/vigilant-eagle-drift/articles/D:/Website Goal Planner/vigilant-eagle-drift/articles/creating-smart-goals","D:/Website Goal Planner/vigilant-eagle-drift/articles/creating-smart-goals","0"
"creating smart goals for students","D:/Website Goal Planner/vigilant-eagle-drift/articles/D:/Website Goal Planner/vigilant-eagle-drift/articles/smart-goals-for-students","D:/Website Goal Planner/vigilant-eagle-drift/articles/smart-goals-for-students|D:/Website Goal Planner/vigilant-eagle-drift/articles/creating-smart-goals|D:/Website Goal Planner/vigilant-eagle-drift/articles/creating-smart-goals-for-students","0"
"creating smart goals for work","D:/Website Goal Planner/vigilant-eagle-drift/articles/D:/Website Goal Planner/vigilant-eagle-drift/articles/creating-smart-goals","D:/Website Goal Planner/vigilant-eagle-drift/articles/creating-smart-goals|D:/Website Goal Planner/vigilant-eagle-drift/articles/smart-goals-for-work|D:/Website Goal Planner/vigilant-eagle-drift/articles/creating-smart-goals-for-work","0"
"creating smart objectives","D:/Website Goal Planner/vigilant-eagle-drift/articles/D:/Website Goal Planner/vigilant-eagle-drift/articles/smart-objectives","D:/Website Goal Planner/vigilant-eagle-drift/articles/smart-objectives|D:/Website Goal Planner/vigilant-eagle-drift/articles/creating-smart-objectives","0"
"creator of smart goals","D:/Website Goal Planner/vigilant-eagle-drift/articles/D:/Website Goal Planner/vigilant-eagle-drift/articles/creator-of-smart-goals","D:/Website Goal Planner/vigilant-eagle-drift/articles/creator-of-smart-goals","0"
"critical thinking smart goal","D:/Website Goal Planner/vigilant-eagle-drift/articles/D:/Website Goal Planner/vigilant-eagle-drift/articles/critical-thinking-smart-goal","D:/Website Goal Planner/vigilant-eagle-drift/articles/critical-thinking-smart-goal","0"
"critical thinking smart goal examples","D:/Website Goal Planner/vigilant-eagle-drift/articles/D:/Website Goal Planner/vigilant-eagle-drift/articles/critical-thinking-smart-goal","D:/Website Goal Planner/vigilant-eagle-drift/articles/critical-thinking-smart-goal|D:/Website Goal Planner/vigilant-eagle-drift/articles/critical-thinking-smart-goal-examples","0"
"daily affirmations for mindset growth","D:/Website Goal Planner/vigilant-eagle-drift/articles/D:/Website Goal Planner/vigilant-eagle-drift/articles/mindset-shifts-for-success","D:/Website Goal Planner/vigilant-eagle-drift/articles/mindset-shifts-for-success|D:/Website Goal Planner/vigilant-eagle-drift/articles/daily-affirmations-for-mindset-growth","0"
"daily goal setting tips for beginners","D:/Website Goal Planner/vigilant-eagle-drift/articles/D:/Website Goal Planner/vigilant-eagle-drift/articles/goal-planning-system-for-beginners","D:/Website Goal Planner/vigilant-eagle-drift/articles/goal-planning-system-for-beginners|D:/Website Goal Planner/vigilant-eagle-drift/articles/how-to-set-goals-and-actually-achieve-them","0"
"daily goal tracking system for productivity","D:/Website Goal Planner/vigilant-eagle-drift/articles/D:/Website Goal Planner/vigilant-eagle-drift/articles/goal-tracking-system","D:/Website Goal Planner/vigilant-eagle-drift/articles/goal-tracking-system|D:/Website Goal Planner/vigilant-eagle-drift/articles/daily-goal-tracking-for-productivity|D:/Website Goal Planner/vigilant-eagle-drift/articles/goal-tracker-app-how-to-track-progress","0"
"daily goals app","D:/Website Goal Planner/vigilant-eagle-drift/articles/habit-tracking-with-a-planner-app","habit-tracking-with-a-planner-app|goal-tracking-system|how-to-set-goals-and-actually-achieve-them","2"
"daily goals checklist","D:/Website Goal Planner/vigilant-eagle-drift/articles/stay-focused-without-distractions","stay-focused-without-distractions|daily-productivity-routine|habit-tracking-with-a-planner-app","0"
"daily goals examples","D:/Website Goal Planner/vigilant-eagle-drift/articles/stay-focused-without-distractions","stay-focused-without-distractions|daily-productivity-routine|habit-tracking-with-a-planner-app","0"
"daily goals excel template","D:/Website Goal Planner/vigilant-eagle-drift/articles/habit-tracking-with-a-planner-app","habit-tracking-with-a-planner-app","0"
"daily goals ideas","D:/Website Goal Planner/vigilant-eagle-drift/articles/stay-focused-without-distractions","stay-focused-without-distractions|daily-productivity-routine|daily-planner-guide-2026","0"
"daily goals list","D:/Website Goal Planner/vigilant-eagle-drift/articles/habit-tracking-with-a-planner-app","habit-tracking-with-a-planner-app","0"
"daily goals pdf","D:/Website Goal Planner/vigilant-eagle-drift/articles/stay-focused-without-distractions","stay-focused-without-distractions|habit-tracking-with-a-planner-app|how-to-set-goals-and-actually-achieve-them","0"
"daily goals planner","D:/Website Goal Planner/vigilant-eagle-drift/articles/stay-focused-without-distractions","stay-focused-without-distractions|habit-tracking-with-a-planner-app|build-discipline-and-consistency","0"
"daily goals template","D:/Website Goal Planner/vigilant-eagle-drift/articles/habit-tracking-with-a-planner-app","habit-tracking-with-a-planner-app|how-to-set-goals-and-actually-achieve-them|self-improvement-plan-2026","0"
"daily goals tracker","D:/Website Goal Planner/vigilant-eagle-drift/articles/habit-tracking-with-a-planner-app","habit-tracking-with-a-planner-app","0"
"daily habits to achieve your goals faster","D:/Website Goal Planner/vigilant-eagle-drift/articles/D:/Website Goal Planner/vigilant-eagle-drift/articles/habit-tracking-with-a-planner-app","D:/Website Goal Planner/vigilant-eagle-drift/articles/habit-tracking-with-a-planner-app|D:/Website Goal Planner/vigilant-eagle-drift/articles/how-to-build-a-consistent-daily-routine|D:/Website Goal Planner/vigilant-eagle-drift/articles/how-to-set-goals-and-actually-achieve-them","0"
"daily habits to build a positive mindset","D:/Website Goal Planner/vigilant-eagle-drift/articles/D:/Website Goal Planner/vigilant-eagle-drift/articles/habit-tracking-with-a-planner-app","D:/Website Goal Planner/vigilant-eagle-drift/articles/habit-tracking-with-a-planner-app|D:/Website Goal Planner/vigilant-eagle-drift/articles/mindset-shifts-for-success|D:/Website Goal Planner/vigilant-eagle-drift/articles/daily-affirmations-for-mindset-growth|D:/Website Goal Planner/vigilant-eagle-drift/articles/how-to-build-a-consistent-daily-routine","0"
"daily inspirational quotes for motivation","D:/Website Goal Planner/vigilant-eagle-drift/articles/D:/Website Goal Planner/vigilant-eagle-drift/articles/best-motivational-quotes-2026","D:/Website Goal Planner/vigilant-eagle-drift/articles/best-motivational-quotes-2026","0"
"daily motivational thoughts for teens and young adults","D:/Website Goal Planner/vigilant-eagle-drift/articles/D:/Website Goal Planner/vigilant-eagle-drift/articles/best-motivational-quotes-2026","D:/Website Goal Planner/vigilant-eagle-drift/articles/best-motivational-quotes-2026","0"
"daily planner 2026","D:/Website Goal Planner/vigilant-eagle-drift/articles/D:/Website Goal Planner/vigilant-eagle-drift/articles/daily-planner-guide-2026","D:/Website Goal Planner/vigilant-eagle-drift/articles/daily-planner-guide-2026|D:/Website Goal Planner/vigilant-eagle-drift/articles/how-to-create-a-daily-schedule-that-works-2026","0"
"daily planner app","D:/Website Goal Planner/vigilant-eagle-drift/articles/D:/Website Goal Planner/vigilant-eagle-drift/articles/daily-planner-guide-2026","D:/Website Goal Planner/vigilant-eagle-drift/articles/daily-planner-guide-2026|D:/Website Goal Planner/vigilant-eagle-drift/articles/how-to-create-a-daily-schedule-that-works-2026","0"
"daily planner diary","D:/Website Goal Planner/vigilant-eagle-drift/articles/D:/Website Goal Planner/vigilant-eagle-drift/articles/daily-planner-guide-2026","D:/Website Goal Planner/vigilant-eagle-drift/articles/daily-planner-guide-2026|D:/Website Goal Planner/vigilant-eagle-drift/articles/how-to-create-a-daily-schedule-that-works-2026","0"
"daily planner diary pakistan","D:/Website Goal Planner/vigilant-eagle-drift/articles/D:/Website Goal Planner/vigilant-eagle-drift/articles/daily-planner-guide-2026","D:/Website Goal Planner/vigilant-eagle-drift/articles/daily-planner-guide-2026|D:/Website Goal Planner/vigilant-eagle-drift/articles/how-to-create-a-daily-schedule-that-works-2026","0"
"daily planner ideas","D:/Website Goal Planner/vigilant-eagle-drift/articles/D:/Website Goal Planner/vigilant-eagle-drift/articles/daily-planner-guide-2026","D:/Website Goal Planner/vigilant-eagle-drift/articles/daily-planner-guide-2026|D:/Website Goal Planner/vigilant-eagle-drift/articles/how-to-create-a-daily-schedule-that-works-2026","0"
"daily planner online","D:/Website Goal Planner/vigilant-eagle-drift/articles/D:/Website Goal Planner/vigilant-eagle-drift/articles/daily-planner-guide-2026","D:/Website Goal Planner/vigilant-eagle-drift/articles/daily-planner-guide-2026|D:/Website Goal Planner/vigilant-eagle-drift/articles/how-to-create-a-daily-schedule-that-works-2026","0"
"daily planner pdf","D:/Website Goal Planner/vigilant-eagle-drift/articles/D:/Website Goal Planner/vigilant-eagle-drift/articles/daily-planner-guide-2026","D:/Website Goal Planner/vigilant-eagle-drift/articles/daily-planner-guide-2026|D:/Website Goal Planner/vigilant-eagle-drift/articles/how-to-create-a-daily-schedule-that-works-2026","0"
"daily planner pdf free download","D:/Website Goal Planner/vigilant-eagle-drift/articles/D:/Website Goal Planner/vigilant-eagle-drift/articles/daily-planner-guide-2026","D:/Website Goal Planner/vigilant-eagle-drift/articles/daily-planner-guide-2026|D:/Website Goal Planner/vigilant-eagle-drift/articles/how-to-create-a-daily-schedule-that-works-2026","0"
"daily planner template","D:/Website Goal Planner/vigilant-eagle-drift/articles/D:/Website Goal Planner/vigilant-eagle-drift/articles/daily-planner-guide-2026","D:/Website Goal Planner/vigilant-eagle-drift/articles/daily-planner-guide-2026|D:/Website Goal Planner/vigilant-eagle-drift/articles/how-to-create-a-daily-schedule-that-works-2026","0"
"daily planner template excel","D:/Website Goal Planner/vigilant-eagle-drift/articles/D:/Website Goal Planner/vigilant-eagle-drift/articles/daily-planner-guide-2026","D:/Website Goal Planner/vigilant-eagle-drift/articles/daily-planner-guide-2026|D:/Website Goal Planner/vigilant-eagle-drift/articles/how-to-create-a-daily-schedule-that-works-2026","0"
"daily planner tips for beginners","D:/Website Goal Planner/vigilant-eagle-drift/articles/D:/Website Goal Planner/vigilant-eagle-drift/articles/daily-planner-guide-2026","D:/Website Goal Planner/vigilant-eagle-drift/articles/daily-planner-guide-2026|D:/Website Goal Planner/vigilant-eagle-drift/articles/how-to-create-a-daily-schedule-that-works-2026","0"
"daily planner vs to-do list which is better","D:/Website Goal Planner/vigilant-eagle-drift/articles/D:/Website Goal Planner/vigilant-eagle-drift/articles/daily-planner-guide-2026","D:/Website Goal Planner/vigilant-eagle-drift/articles/daily-planner-guide-2026|D:/Website Goal Planner/vigilant-eagle-drift/articles/how-to-create-a-daily-schedule-that-works-2026","0"
"daily planning routine for busy people","D:/Website Goal Planner/vigilant-eagle-drift/articles/D:/Website Goal Planner/vigilant-eagle-drift/articles/how-to-create-a-daily-schedule-that-works-2026","D:/Website Goal Planner/vigilant-eagle-drift/articles/how-to-create-a-daily-schedule-that-works-2026","0"
"daily planning tips for better time management","D:/Website Goal Planner/vigilant-eagle-drift/articles/D:/Website Goal Planner/vigilant-eagle-drift/articles/time-management-tips-and-strategies-2026","D:/Website Goal Planner/vigilant-eagle-drift/articles/time-management-tips-and-strategies-2026|D:/Website Goal Planner/vigilant-eagle-drift/articles/how-to-create-a-daily-schedule-that-works-2026","0"
"daily positive affirmations to boost confidence","D:/Website Goal Planner/vigilant-eagle-drift/articles/D:/Website Goal Planner/vigilant-eagle-drift/articles/daily-affirmations-for-mindset-growth","D:/Website Goal Planner/vigilant-eagle-drift/articles/daily-affirmations-for-mindset-growth","0"
"daily productivity quotes for working professionals","D:/Website Goal Planner/vigilant-eagle-drift/articles/D:/Website Goal Planner/vigilant-eagle-drift/articles/best-motivational-quotes-2026","D:/Website Goal Planner/vigilant-eagle-drift/articles/best-motivational-quotes-2026","0"
"daily productivity routine for success","D:/Website Goal Planner/vigilant-eagle-drift/articles/D:/Website Goal Planner/vigilant-eagle-drift/articles/daily-productivity-routine","D:/Website Goal Planner/vigilant-eagle-drift/articles/daily-productivity-routine|D:/Website Goal Planner/vigilant-eagle-drift/articles/quotes-for-success-and-determination","0"
"daily productivity routine for success for beginners","D:/Website Goal Planner/vigilant-eagle-drift/articles/D:/Website Goal Planner/vigilant-eagle-drift/articles/daily-productivity-routine","D:/Website Goal Planner/vigilant-eagle-drift/articles/daily-productivity-routine|D:/Website Goal Planner/vigilant-eagle-drift/articles/quotes-for-success-and-determination","0"
"daily productivity routine for success for busy people","D:/Website Goal Planner/vigilant-eagle-drift/articles/D:/Website Goal Planner/vigilant-eagle-drift/articles/daily-productivity-routine","D:/Website Goal Planner/vigilant-eagle-drift/articles/daily-productivity-routine|D:/Website Goal Planner/vigilant-eagle-drift/articles/quotes-for-success-and-determination","0"
"daily productivity routine for success for students","D:/Website Goal Planner/vigilant-eagle-drift/articles/D:/Website Goal Planner/vigilant-eagle-drift/articles/daily-productivity-routine","D:/Website Goal Planner/vigilant-eagle-drift/articles/daily-productivity-routine|D:/Website Goal Planner/vigilant-eagle-drift/articles/quotes-for-success-and-determination","0"
"daily productivity routine for success in 2026","D:/Website Goal Planner/vigilant-eagle-drift/articles/D:/Website Goal Planner/vigilant-eagle-drift/articles/daily-productivity-routine","D:/Website Goal Planner/vigilant-eagle-drift/articles/daily-productivity-routine|D:/Website Goal Planner/vigilant-eagle-drift/articles/quotes-for-success-and-determination","0"
"daily productivity routine for success step by step","D:/Website Goal Planner/vigilant-eagle-drift/articles/D:/Website Goal Planner/vigilant-eagle-drift/articles/daily-productivity-routine","D:/Website Goal Planner/vigilant-eagle-drift/articles/daily-productivity-routine|D:/Website Goal Planner/vigilant-eagle-drift/articles/quotes-for-success-and-determination","0"
"daily quotes to boost mental strength","D:/Website Goal Planner/vigilant-eagle-drift/articles/D:/Website Goal Planner/vigilant-eagle-drift/articles/mindset-shifts-for-success","D:/Website Goal Planner/vigilant-eagle-drift/articles/mindset-shifts-for-success|D:/Website Goal Planner/vigilant-eagle-drift/articles/best-motivational-quotes-2026|D:/Website Goal Planner/vigilant-eagle-drift/articles/quotes-for-tough-times","0"
"daily quotes to boost productivity","D:/Website Goal Planner/vigilant-eagle-drift/articles/D:/Website Goal Planner/vigilant-eagle-drift/articles/best-motivational-quotes-2026","D:/Website Goal Planner/vigilant-eagle-drift/articles/best-motivational-quotes-2026","0"
"daily quotes to stay motivated at work","D:/Website Goal Planner/vigilant-eagle-drift/articles/D:/Website Goal Planner/vigilant-eagle-drift/articles/best-motivational-quotes-2026","D:/Website Goal Planner/vigilant-eagle-drift/articles/best-motivational-quotes-2026|D:/Website Goal Planner/vigilant-eagle-drift/articles/how-to-stay-motivated-and-consistent","0"
"daily routine for achieving big goals","D:/Website Goal Planner/vigilant-eagle-drift/articles/D:/Website Goal Planner/vigilant-eagle-drift/articles/daily-productivity-routine","D:/Website Goal Planner/vigilant-eagle-drift/articles/daily-productivity-routine|D:/Website Goal Planner/vigilant-eagle-drift/articles/build-a-better-routine-from-scratch|D:/Website Goal Planner/vigilant-eagle-drift/articles/how-to-build-a-consistent-daily-routine","0"
"daily routine to fix your life","D:/Website Goal Planner/vigilant-eagle-drift/articles/D:/Website Goal Planner/vigilant-eagle-drift/articles/daily-productivity-routine","D:/Website Goal Planner/vigilant-eagle-drift/articles/daily-productivity-routine|D:/Website Goal Planner/vigilant-eagle-drift/articles/restart-your-life-and-stay-focused|D:/Website Goal Planner/vigilant-eagle-drift/articles/build-a-better-routine-from-scratch|D:/Website Goal Planner/vigilant-eagle-drift/articles/how-to-build-a-consistent-daily-routine","0"
"daily routine to improve self discipline","D:/Website Goal Planner/vigilant-eagle-drift/articles/D:/Website Goal Planner/vigilant-eagle-drift/articles/daily-productivity-routine","D:/Website Goal Planner/vigilant-eagle-drift/articles/daily-productivity-routine|D:/Website Goal Planner/vigilant-eagle-drift/articles/build-discipline-and-consistency|D:/Website Goal Planner/vigilant-eagle-drift/articles/build-a-better-routine-from-scratch|D:/Website Goal Planner/vigilant-eagle-drift/articles/quotes-for-discipline-and-hard-work|D:/Website Goal Planner/vigilant-eagle-drift/articles/how-to-build-a-consistent-daily-routine","0"
"daily routine to maximize productivity","D:/Website Goal Planner/vigilant-eagle-drift/articles/D:/Website Goal Planner/vigilant-eagle-drift/articles/daily-productivity-routine","D:/Website Goal Planner/vigilant-eagle-drift/articles/daily-productivity-routine|D:/Website Goal Planner/vigilant-eagle-drift/articles/build-a-better-routine-from-scratch|D:/Website Goal Planner/vigilant-eagle-drift/articles/how-to-build-a-consistent-daily-routine","0"
"daily self improvement habits for beginners","D:/Website Goal Planner/vigilant-eagle-drift/articles/D:/Website Goal Planner/vigilant-eagle-drift/articles/habit-tracking-with-a-planner-app","D:/Website Goal Planner/vigilant-eagle-drift/articles/habit-tracking-with-a-planner-app|D:/Website Goal Planner/vigilant-eagle-drift/articles/self-improvement-plan-2026","0"
"data analyst smart goals examples","D:/Website Goal Planner/vigilant-eagle-drift/articles/D:/Website Goal Planner/vigilant-eagle-drift/articles/data-analyst-smart-goals-examples","D:/Website Goal Planner/vigilant-eagle-drift/articles/data-analyst-smart-goals-examples","11"
"dbt smart goals worksheet","D:/Website Goal Planner/vigilant-eagle-drift/articles/D:/Website Goal Planner/vigilant-eagle-drift/articles/dbt-smart-goals-worksheet","D:/Website Goal Planner/vigilant-eagle-drift/articles/dbt-smart-goals-worksheet","0"
"decision making smart goals examples","D:/Website Goal Planner/vigilant-eagle-drift/articles/D:/Website Goal Planner/vigilant-eagle-drift/articles/making-smart-goals","D:/Website Goal Planner/vigilant-eagle-drift/articles/making-smart-goals","0"
"define and determine smart project goals","D:/Website Goal Planner/vigilant-eagle-drift/articles/D:/Website Goal Planner/vigilant-eagle-drift/articles/define-and-determine-smart-project-goals","D:/Website Goal Planner/vigilant-eagle-drift/articles/define-and-determine-smart-project-goals","0"
"define measurable goals","D:/Website Goal Planner/vigilant-eagle-drift/articles/D:/Website Goal Planner/vigilant-eagle-drift/articles/measurable-goals","D:/Website Goal Planner/vigilant-eagle-drift/articles/measurable-goals|D:/Website Goal Planner/vigilant-eagle-drift/articles/define-measurable-goals","0"
"define smart acronym","D:/Website Goal Planner/vigilant-eagle-drift/articles/D:/Website Goal Planner/vigilant-eagle-drift/articles/smart-acronym","D:/Website Goal Planner/vigilant-eagle-drift/articles/smart-acronym|D:/Website Goal Planner/vigilant-eagle-drift/articles/define-smart-acronym","0"
"define smart goals","D:/Website Goal Planner/vigilant-eagle-drift/articles/D:/Website Goal Planner/vigilant-eagle-drift/articles/define-smart-goals","D:/Website Goal Planner/vigilant-eagle-drift/articles/define-smart-goals","0"
"define smart objectives","D:/Website Goal Planner/vigilant-eagle-drift/articles/D:/Website Goal Planner/vigilant-eagle-drift/articles/smart-objectives","D:/Website Goal Planner/vigilant-eagle-drift/articles/smart-objectives|D:/Website Goal Planner/vigilant-eagle-drift/articles/define-smart-objectives","0"
"define smart targets","D:/Website Goal Planner/vigilant-eagle-drift/articles/D:/Website Goal Planner/vigilant-eagle-drift/articles/smart-targets","D:/Website Goal Planner/vigilant-eagle-drift/articles/smart-targets|D:/Website Goal Planner/vigilant-eagle-drift/articles/define-smart-targets","0"
"define the acronym smart","D:/Website Goal Planner/vigilant-eagle-drift/articles/D:/Website Goal Planner/vigilant-eagle-drift/articles/define-the-acronym-smart","D:/Website Goal Planner/vigilant-eagle-drift/articles/define-the-acronym-smart","0"
"dei smart goals","D:/Website Goal Planner/vigilant-eagle-drift/articles/D:/Website Goal Planner/vigilant-eagle-drift/articles/dei-smart-goals","D:/Website Goal Planner/vigilant-eagle-drift/articles/dei-smart-goals","0"
"delegation smart goals examples","D:/Website Goal Planner/vigilant-eagle-drift/articles/beat-procrastination-and-stay-productive","beat-procrastination-and-stay-productive|stay-focused-without-distractions|daily-productivity-routine","0"
"describe smart goals","D:/Website Goal Planner/vigilant-eagle-drift/articles/D:/Website Goal Planner/vigilant-eagle-drift/articles/describe-smart-goals","D:/Website Goal Planner/vigilant-eagle-drift/articles/describe-smart-goals","0"
"describe the smart way of defining goals","D:/Website Goal Planner/vigilant-eagle-drift/articles/D:/Website Goal Planner/vigilant-eagle-drift/articles/describe-the-smart-way-of-defining-goals","D:/Website Goal Planner/vigilant-eagle-drift/articles/describe-the-smart-way-of-defining-goals","0"
"develop leadership skills smart goal","D:/Website Goal Planner/vigilant-eagle-drift/articles/D:/Website Goal Planner/vigilant-eagle-drift/articles/develop-leadership-skills-smart-goal","D:/Website Goal Planner/vigilant-eagle-drift/articles/develop-leadership-skills-smart-goal","0"
"developgoodhabits com smart goals","D:/Website Goal Planner/vigilant-eagle-drift/articles/D:/Website Goal Planner/vigilant-eagle-drift/articles/habit-tracking-with-a-planner-app","D:/Website Goal Planner/vigilant-eagle-drift/articles/habit-tracking-with-a-planner-app|D:/Website Goal Planner/vigilant-eagle-drift/articles/developgoodhabits-com-smart-goals","0"
"developing smart goals","D:/Website Goal Planner/vigilant-eagle-drift/articles/D:/Website Goal Planner/vigilant-eagle-drift/articles/developing-smart-goals","D:/Website Goal Planner/vigilant-eagle-drift/articles/developing-smart-goals","0"
"developing smart objectives","D:/Website Goal Planner/vigilant-eagle-drift/articles/D:/Website Goal Planner/vigilant-eagle-drift/articles/smart-objectives","D:/Website Goal Planner/vigilant-eagle-drift/articles/smart-objectives|D:/Website Goal Planner/vigilant-eagle-drift/articles/developing-smart-objectives","0"
"development goals examples","D:/Website Goal Planner/vigilant-eagle-drift/articles/D:/Website Goal Planner/vigilant-eagle-drift/articles/development-goals-examples","D:/Website Goal Planner/vigilant-eagle-drift/articles/development-goals-examples","0"
"digital marketing smart goals","D:/Website Goal Planner/vigilant-eagle-drift/articles/D:/Website Goal Planner/vigilant-eagle-drift/articles/digital-marketing-smart-goals","D:/Website Goal Planner/vigilant-eagle-drift/articles/digital-marketing-smart-goals","0"
"digital marketing smart goals examples","D:/Website Goal Planner/vigilant-eagle-drift/articles/D:/Website Goal Planner/vigilant-eagle-drift/articles/digital-marketing-smart-goals-examples","D:/Website Goal Planner/vigilant-eagle-drift/articles/digital-marketing-smart-goals-examples|D:/Website Goal Planner/vigilant-eagle-drift/articles/digital-marketing-smart-goals","0"
"digital marketing smart objectives","D:/Website Goal Planner/vigilant-eagle-drift/articles/D:/Website Goal Planner/vigilant-eagle-drift/articles/smart-objectives","D:/Website Goal Planner/vigilant-eagle-drift/articles/smart-objectives|D:/Website Goal Planner/vigilant-eagle-drift/articles/digital-marketing-smart-objectives","0"
"digital marketing smart objectives examples","D:/Website Goal Planner/vigilant-eagle-drift/articles/D:/Website Goal Planner/vigilant-eagle-drift/articles/smart-objectives","D:/Website Goal Planner/vigilant-eagle-drift/articles/smart-objectives|D:/Website Goal Planner/vigilant-eagle-drift/articles/smart-objectives-examples|D:/Website Goal Planner/vigilant-eagle-drift/articles/digital-marketing-smart-objectives-examples|D:/Website Goal Planner/vigilant-eagle-drift/articles/digital-marketing-smart-objectives","0"
"diversity and inclusion smart goals","D:/Website Goal Planner/vigilant-eagle-drift/articles/smart-goals-for-diversity-and-inclusion","smart-goals-for-diversity-and-inclusion|diversity-and-inclusion-smart-goals-examples|diversity-equity-and-inclusion-smart-goals-examples","0"
"diversity and inclusion smart goals examples","D:/Website Goal Planner/vigilant-eagle-drift/articles/D:/Website Goal Planner/vigilant-eagle-drift/articles/diversity-and-inclusion-smart-goals-examples","D:/Website Goal Planner/vigilant-eagle-drift/articles/diversity-and-inclusion-smart-goals-examples","48"
"diversity equity and inclusion smart goals examples","D:/Website Goal Planner/vigilant-eagle-drift/articles/D:/Website Goal Planner/vigilant-eagle-drift/articles/diversity-equity-and-inclusion-smart-goals-examples","D:/Website Goal Planner/vigilant-eagle-drift/articles/diversity-equity-and-inclusion-smart-goals-examples","2"
"diversity smart goals examples","D:/Website Goal Planner/vigilant-eagle-drift/articles/smart-goals-for-diversity-and-inclusion","smart-goals-for-diversity-and-inclusion|diversity-and-inclusion-smart-goals-examples|diversity-equity-and-inclusion-smart-goals-examples","0"
"don t set goals set objectives","D:/Website Goal Planner/vigilant-eagle-drift/articles/D:/Website Goal Planner/vigilant-eagle-drift/articles/goals-set","D:/Website Goal Planner/vigilant-eagle-drift/articles/goals-set|D:/Website Goal Planner/vigilant-eagle-drift/articles/how-to-set-goals-and-actually-achieve-them","0"
"doran 1981 smart goals","D:/Website Goal Planner/vigilant-eagle-drift/articles/D:/Website Goal Planner/vigilant-eagle-drift/articles/doran-1981-smart-goals","D:/Website Goal Planner/vigilant-eagle-drift/articles/doran-1981-smart-goals","4"
"doran smart goals","D:/Website Goal Planner/vigilant-eagle-drift/articles/D:/Website Goal Planner/vigilant-eagle-drift/articles/doran-smart-goals","D:/Website Goal Planner/vigilant-eagle-drift/articles/doran-smart-goals","15"
"dumb goals","D:/Website Goal Planner/vigilant-eagle-drift/articles/D:/Website Goal Planner/vigilant-eagle-drift/articles/dumb-goals","D:/Website Goal Planner/vigilant-eagle-drift/articles/dumb-goals","0"
"easy smart goals","D:/Website Goal Planner/vigilant-eagle-drift/articles/D:/Website Goal Planner/vigilant-eagle-drift/articles/easy-smart-goals","D:/Website Goal Planner/vigilant-eagle-drift/articles/easy-smart-goals","0"
"easy smart goals for work","D:/Website Goal Planner/vigilant-eagle-drift/articles/D:/Website Goal Planner/vigilant-eagle-drift/articles/smart-goals-for-work","D:/Website Goal Planner/vigilant-eagle-drift/articles/smart-goals-for-work|D:/Website Goal Planner/vigilant-eagle-drift/articles/easy-smart-goals-for-work|D:/Website Goal Planner/vigilant-eagle-drift/articles/easy-smart-goals","0"
"educational leadership smart goals examples","D:/Website Goal Planner/vigilant-eagle-drift/articles/smart-goals-examples-for-work","smart-goals-examples-for-work|smart-leadership-goals-examples|smart-goals-for-leadership","0"
"effective goal setting examples","D:/Website Goal Planner/vigilant-eagle-drift/articles/D:/Website Goal Planner/vigilant-eagle-drift/articles/goal-planning-system-for-beginners","D:/Website Goal Planner/vigilant-eagle-drift/articles/goal-planning-system-for-beginners|D:/Website Goal Planner/vigilant-eagle-drift/articles/effective-goal-setting-examples|D:/Website Goal Planner/vigilant-eagle-drift/articles/how-to-set-goals-and-actually-achieve-them","0"
"effective goals examples","D:/Website Goal Planner/vigilant-eagle-drift/articles/D:/Website Goal Planner/vigilant-eagle-drift/articles/effective-goals-examples","D:/Website Goal Planner/vigilant-eagle-drift/articles/effective-goals-examples","0"
"electrical engineer smart goals examples","NO_COVERAGE","","0"
"elements of a smart goal","D:/Website Goal Planner/vigilant-eagle-drift/articles/D:/Website Goal Planner/vigilant-eagle-drift/articles/elements-of-a-smart-goal","D:/Website Goal Planner/vigilant-eagle-drift/articles/elements-of-a-smart-goal","0"
"elements of smart goals","D:/Website Goal Planner/vigilant-eagle-drift/articles/D:/Website Goal Planner/vigilant-eagle-drift/articles/elements-of-smart-goals","D:/Website Goal Planner/vigilant-eagle-drift/articles/elements-of-smart-goals","0"
"emotional intelligence smart goals","D:/Website Goal Planner/vigilant-eagle-drift/articles/D:/Website Goal Planner/vigilant-eagle-drift/articles/emotional-intelligence-smart-goals","D:/Website Goal Planner/vigilant-eagle-drift/articles/emotional-intelligence-smart-goals","0"
"emotional smart goals examples","D:/Website Goal Planner/vigilant-eagle-drift/articles/D:/Website Goal Planner/vigilant-eagle-drift/articles/emotional-smart-goals-examples","D:/Website Goal Planner/vigilant-eagle-drift/articles/emotional-smart-goals-examples","0"
"emotional wellness smart goals","D:/Website Goal Planner/vigilant-eagle-drift/articles/D:/Website Goal Planner/vigilant-eagle-drift/articles/emotional-wellness-smart-goals","D:/Website Goal Planner/vigilant-eagle-drift/articles/emotional-wellness-smart-goals","0"
"engineering smart goals","D:/Website Goal Planner/vigilant-eagle-drift/articles/D:/Website Goal Planner/vigilant-eagle-drift/articles/engineering-smart-goals","D:/Website Goal Planner/vigilant-eagle-drift/articles/engineering-smart-goals","0"
"engineering smart goals examples","D:/Website Goal Planner/vigilant-eagle-drift/articles/D:/Website Goal Planner/vigilant-eagle-drift/articles/engineering-smart-goals","D:/Website Goal Planner/vigilant-eagle-drift/articles/engineering-smart-goals|D:/Website Goal Planner/vigilant-eagle-drift/articles/engineering-smart-goals-examples","0"
"Eric Thomas best motivational videos for work","D:/Website Goal Planner/vigilant-eagle-drift/articles/D:/Website Goal Planner/vigilant-eagle-drift/articles/best-motivational-quotes-2026","D:/Website Goal Planner/vigilant-eagle-drift/articles/best-motivational-quotes-2026|D:/Website Goal Planner/vigilant-eagle-drift/articles/motivational-speakers-and-influencers","0"
"Eric Thomas motivational speech for students","D:/Website Goal Planner/vigilant-eagle-drift/articles/D:/Website Goal Planner/vigilant-eagle-drift/articles/best-motivational-quotes-2026","D:/Website Goal Planner/vigilant-eagle-drift/articles/best-motivational-quotes-2026|D:/Website Goal Planner/vigilant-eagle-drift/articles/motivational-speakers-and-influencers","0"
"Eric Thomas productivity and mindset tips","D:/Website Goal Planner/vigilant-eagle-drift/articles/D:/Website Goal Planner/vigilant-eagle-drift/articles/mindset-shifts-for-success","D:/Website Goal Planner/vigilant-eagle-drift/articles/mindset-shifts-for-success|D:/Website Goal Planner/vigilant-eagle-drift/articles/motivational-speakers-and-influencers","0"
"establishing smart goals","D:/Website Goal Planner/vigilant-eagle-drift/articles/D:/Website Goal Planner/vigilant-eagle-drift/articles/establishing-smart-goals","D:/Website Goal Planner/vigilant-eagle-drift/articles/establishing-smart-goals","0"
"event tracking software","D:/Website Goal Planner/vigilant-eagle-drift/articles/goal-tracking-system","goal-tracking-system","0"
"evernote alternative","NO_COVERAGE","","0"
"example of a goal that would be realistic and manageable","D:/Website Goal Planner/vigilant-eagle-drift/articles/D:/Website Goal Planner/vigilant-eagle-drift/articles/example-of-a-goal-that-would-be-realistic-and-manageable","D:/Website Goal Planner/vigilant-eagle-drift/articles/example-of-a-goal-that-would-be-realistic-and-manageable","0"
"example of a smart goal for employees","D:/Website Goal Planner/vigilant-eagle-drift/articles/smart-goal-setting","smart-goal-setting|professional-smart-goal-examples|smart-goal-setting-examples","0"
"example of achievable in smart goals","D:/Website Goal Planner/vigilant-eagle-drift/articles/D:/Website Goal Planner/vigilant-eagle-drift/articles/achievable-in-smart","D:/Website Goal Planner/vigilant-eagle-drift/articles/achievable-in-smart|D:/Website Goal Planner/vigilant-eagle-drift/articles/achievable-in-smart-goals|D:/Website Goal Planner/vigilant-eagle-drift/articles/example-of-achievable-in-smart-goals","0"
"example of attainable in smart goals","D:/Website Goal Planner/vigilant-eagle-drift/articles/D:/Website Goal Planner/vigilant-eagle-drift/articles/attainable-in-smart","D:/Website Goal Planner/vigilant-eagle-drift/articles/attainable-in-smart|D:/Website Goal Planner/vigilant-eagle-drift/articles/attainable-in-smart-goals|D:/Website Goal Planner/vigilant-eagle-drift/articles/example-of-attainable-in-smart-goals","0"
"example of goals in food business","D:/Website Goal Planner/vigilant-eagle-drift/articles/D:/Website Goal Planner/vigilant-eagle-drift/articles/example-of-goals-in-food-business","D:/Website Goal Planner/vigilant-eagle-drift/articles/example-of-goals-in-food-business","0"
"example of measurable in smart goals","D:/Website Goal Planner/vigilant-eagle-drift/articles/D:/Website Goal Planner/vigilant-eagle-drift/articles/example-of-measurable-in-smart-goals","D:/Website Goal Planner/vigilant-eagle-drift/articles/example-of-measurable-in-smart-goals","0"
"example of measurable objectives","D:/Website Goal Planner/vigilant-eagle-drift/articles/D:/Website Goal Planner/vigilant-eagle-drift/articles/example-of-measurable-objectives","D:/Website Goal Planner/vigilant-eagle-drift/articles/example-of-measurable-objectives","0"
"example of realistic in smart goals","D:/Website Goal Planner/vigilant-eagle-drift/articles/D:/Website Goal Planner/vigilant-eagle-drift/articles/example-of-realistic-in-smart-goals","D:/Website Goal Planner/vigilant-eagle-drift/articles/example-of-realistic-in-smart-goals","0"
"example of relevant in smart goals","D:/Website Goal Planner/vigilant-eagle-drift/articles/D:/Website Goal Planner/vigilant-eagle-drift/articles/example-of-relevant-in-smart-goals","D:/Website Goal Planner/vigilant-eagle-drift/articles/example-of-relevant-in-smart-goals|D:/Website Goal Planner/vigilant-eagle-drift/articles/t-in-smart-goals","0"
"example of smart analysis","D:/Website Goal Planner/vigilant-eagle-drift/articles/D:/Website Goal Planner/vigilant-eagle-drift/articles/example-of-smart-analysis","D:/Website Goal Planner/vigilant-eagle-drift/articles/example-of-smart-analysis","0"
"example of smart goals in business","D:/Website Goal Planner/vigilant-eagle-drift/articles/D:/Website Goal Planner/vigilant-eagle-drift/articles/example-of-smart-goals-in-business","D:/Website Goal Planner/vigilant-eagle-drift/articles/example-of-smart-goals-in-business","0"
"example of smart goals in the workplace","D:/Website Goal Planner/vigilant-eagle-drift/articles/D:/Website Goal Planner/vigilant-eagle-drift/articles/example-of-smart-goals-in-the-workplace","D:/Website Goal Planner/vigilant-eagle-drift/articles/example-of-smart-goals-in-the-workplace","0"
"example of smart learning objectives","D:/Website Goal Planner/vigilant-eagle-drift/articles/D:/Website Goal Planner/vigilant-eagle-drift/articles/example-of-smart-learning-objectives","D:/Website Goal Planner/vigilant-eagle-drift/articles/example-of-smart-learning-objectives|D:/Website Goal Planner/vigilant-eagle-drift/articles/smart-learning-objective","0"
"example of smart objectives admin staff","D:/Website Goal Planner/vigilant-eagle-drift/articles/D:/Website Goal Planner/vigilant-eagle-drift/articles/smart-objectives","D:/Website Goal Planner/vigilant-eagle-drift/articles/smart-objectives","0"
"example of smart objectives for students","D:/Website Goal Planner/vigilant-eagle-drift/articles/D:/Website Goal Planner/vigilant-eagle-drift/articles/smart-objectives","D:/Website Goal Planner/vigilant-eagle-drift/articles/smart-objectives|D:/Website Goal Planner/vigilant-eagle-drift/articles/example-of-smart-objectives-for-students","0"
"example of smart objectives in lesson plan","D:/Website Goal Planner/vigilant-eagle-drift/articles/D:/Website Goal Planner/vigilant-eagle-drift/articles/smart-objectives","D:/Website Goal Planner/vigilant-eagle-drift/articles/smart-objectives|D:/Website Goal Planner/vigilant-eagle-drift/articles/example-of-smart-objectives-in-lesson-plan","0"
"example of smart plan","D:/Website Goal Planner/vigilant-eagle-drift/articles/D:/Website Goal Planner/vigilant-eagle-drift/articles/example-of-smart-plan","D:/Website Goal Planner/vigilant-eagle-drift/articles/example-of-smart-plan","0"
"example of smart work","D:/Website Goal Planner/vigilant-eagle-drift/articles/D:/Website Goal Planner/vigilant-eagle-drift/articles/example-of-smart-work","D:/Website Goal Planner/vigilant-eagle-drift/articles/example-of-smart-work","0"
"example of specific in smart goals","D:/Website Goal Planner/vigilant-eagle-drift/articles/D:/Website Goal Planner/vigilant-eagle-drift/articles/example-of-specific-in-smart-goals","D:/Website Goal Planner/vigilant-eagle-drift/articles/example-of-specific-in-smart-goals|D:/Website Goal Planner/vigilant-eagle-drift/articles/specific-in-smart","0"
"example of time bound in smart goals","D:/Website Goal Planner/vigilant-eagle-drift/articles/D:/Website Goal Planner/vigilant-eagle-drift/articles/example-of-time-bound-in-smart-goals","D:/Website Goal Planner/vigilant-eagle-drift/articles/example-of-time-bound-in-smart-goals|D:/Website Goal Planner/vigilant-eagle-drift/articles/time-bound-in-smart-goals","0"
"example smart goals for project managers","D:/Website Goal Planner/vigilant-eagle-drift/articles/D:/Website Goal Planner/vigilant-eagle-drift/articles/smart-goals-for-project-managers","D:/Website Goal Planner/vigilant-eagle-drift/articles/smart-goals-for-project-managers|D:/Website Goal Planner/vigilant-eagle-drift/articles/example-smart-goals-for-project-managers","1"
"examples list of smart goals for administrative assistants","D:/Website Goal Planner/vigilant-eagle-drift/articles/D:/Website Goal Planner/vigilant-eagle-drift/articles/list-of-smart-goals-for-administrative-assistants","D:/Website Goal Planner/vigilant-eagle-drift/articles/list-of-smart-goals-for-administrative-assistants|D:/Website Goal Planner/vigilant-eagle-drift/articles/smart-goals-for-administrative-assistants|D:/Website Goal Planner/vigilant-eagle-drift/articles/examples-list-of-smart-goals-for-administrative-assistants","3"
"examples list of smart goals for executive assistants","D:/Website Goal Planner/vigilant-eagle-drift/articles/examples-of-smart-goals-for-executive-assistants","examples-of-smart-goals-for-executive-assistants|list-of-smart-goals-for-administrative-assistants|smart-goals-for-administrative-assistants","0"
"examples of academic smart goals","D:/Website Goal Planner/vigilant-eagle-drift/articles/D:/Website Goal Planner/vigilant-eagle-drift/articles/c-smart-goals","D:/Website Goal Planner/vigilant-eagle-drift/articles/c-smart-goals|D:/Website Goal Planner/vigilant-eagle-drift/articles/examples-of-academic-smart-goals","0"
"examples of administrative smart goals","D:/Website Goal Planner/vigilant-eagle-drift/articles/D:/Website Goal Planner/vigilant-eagle-drift/articles/examples-of-administrative-smart-goals","D:/Website Goal Planner/vigilant-eagle-drift/articles/examples-of-administrative-smart-goals","0"
"examples of business smart goals","D:/Website Goal Planner/vigilant-eagle-drift/articles/D:/Website Goal Planner/vigilant-eagle-drift/articles/examples-of-business-smart-goals","D:/Website Goal Planner/vigilant-eagle-drift/articles/examples-of-business-smart-goals","0"
"examples of good and bad smart goals for students","D:/Website Goal Planner/vigilant-eagle-drift/articles/D:/Website Goal Planner/vigilant-eagle-drift/articles/smart-goals-for-students","D:/Website Goal Planner/vigilant-eagle-drift/articles/smart-goals-for-students|D:/Website Goal Planner/vigilant-eagle-drift/articles/examples-of-good-and-bad-smart-goals-for-students","0"
"examples of good smart goals","D:/Website Goal Planner/vigilant-eagle-drift/articles/D:/Website Goal Planner/vigilant-eagle-drift/articles/examples-of-good-smart-goals","D:/Website Goal Planner/vigilant-eagle-drift/articles/examples-of-good-smart-goals|D:/Website Goal Planner/vigilant-eagle-drift/articles/good-smart-goals","0"
"examples of long term smart goals","D:/Website Goal Planner/vigilant-eagle-drift/articles/D:/Website Goal Planner/vigilant-eagle-drift/articles/examples-of-long-term-smart-goals","D:/Website Goal Planner/vigilant-eagle-drift/articles/examples-of-long-term-smart-goals","0"
"examples of marketing objectives smart","D:/Website Goal Planner/vigilant-eagle-drift/articles/smart-objectives","smart-objectives|smart-objectives-examples|smart-acronym","0"
"examples of measurable business outcomes","D:/Website Goal Planner/vigilant-eagle-drift/articles/D:/Website Goal Planner/vigilant-eagle-drift/articles/examples-of-measurable-business-outcomes","D:/Website Goal Planner/vigilant-eagle-drift/articles/examples-of-measurable-business-outcomes","0"
"examples of measurable goals for employees","D:/Website Goal Planner/vigilant-eagle-drift/articles/D:/Website Goal Planner/vigilant-eagle-drift/articles/measurable-goals","D:/Website Goal Planner/vigilant-eagle-drift/articles/measurable-goals|D:/Website Goal Planner/vigilant-eagle-drift/articles/measurable-goals-for-employees|D:/Website Goal Planner/vigilant-eagle-drift/articles/examples-of-measurable-goals-for-employees","0"
"examples of measurable goals for students","D:/Website Goal Planner/vigilant-eagle-drift/articles/D:/Website Goal Planner/vigilant-eagle-drift/articles/measurable-goals","D:/Website Goal Planner/vigilant-eagle-drift/articles/measurable-goals|D:/Website Goal Planner/vigilant-eagle-drift/articles/examples-of-measurable-goals-for-students","0"
"examples of measurable team goals","D:/Website Goal Planner/vigilant-eagle-drift/articles/D:/Website Goal Planner/vigilant-eagle-drift/articles/examples-of-measurable-team-goals","D:/Website Goal Planner/vigilant-eagle-drift/articles/examples-of-measurable-team-goals","0"
"examples of realistic goals for students","D:/Website Goal Planner/vigilant-eagle-drift/articles/D:/Website Goal Planner/vigilant-eagle-drift/articles/examples-of-realistic-goals-for-students","D:/Website Goal Planner/vigilant-eagle-drift/articles/examples-of-realistic-goals-for-students","0"
"examples of smart goals and not smart goals","D:/Website Goal Planner/vigilant-eagle-drift/articles/D:/Website Goal Planner/vigilant-eagle-drift/articles/examples-of-smart-goals-and-not-smart-goals","D:/Website Goal Planner/vigilant-eagle-drift/articles/examples-of-smart-goals-and-not-smart-goals","0"
"examples of smart goals at work","D:/Website Goal Planner/vigilant-eagle-drift/articles/D:/Website Goal Planner/vigilant-eagle-drift/articles/examples-of-smart-goals-at-work","D:/Website Goal Planner/vigilant-eagle-drift/articles/examples-of-smart-goals-at-work","0"
"examples of smart goals for a farm","D:/Website Goal Planner/vigilant-eagle-drift/articles/D:/Website Goal Planner/vigilant-eagle-drift/articles/examples-of-smart-goals-for-a-farm","D:/Website Goal Planner/vigilant-eagle-drift/articles/examples-of-smart-goals-for-a-farm","0"
"examples of smart goals for account managers","D:/Website Goal Planner/vigilant-eagle-drift/articles/D:/Website Goal Planner/vigilant-eagle-drift/articles/examples-of-smart-goals-for-account-managers","D:/Website Goal Planner/vigilant-eagle-drift/articles/examples-of-smart-goals-for-account-managers","0"
"examples of smart goals for administrative assistants","D:/Website Goal Planner/vigilant-eagle-drift/articles/D:/Website Goal Planner/vigilant-eagle-drift/articles/smart-goals-for-administrative-assistants","D:/Website Goal Planner/vigilant-eagle-drift/articles/smart-goals-for-administrative-assistants|D:/Website Goal Planner/vigilant-eagle-drift/articles/examples-of-smart-goals-for-administrative-assistants","1"
"examples of smart goals for attendance","D:/Website Goal Planner/vigilant-eagle-drift/articles/D:/Website Goal Planner/vigilant-eagle-drift/articles/examples-of-smart-goals-for-attendance","D:/Website Goal Planner/vigilant-eagle-drift/articles/examples-of-smart-goals-for-attendance","0"
"examples of smart goals for clinical research coordinator","D:/Website Goal Planner/vigilant-eagle-drift/articles/D:/Website Goal Planner/vigilant-eagle-drift/articles/examples-of-smart-goals-for-clinical-research-coordinator","D:/Website Goal Planner/vigilant-eagle-drift/articles/examples-of-smart-goals-for-clinical-research-coordinator","0"
"examples of smart goals for communication and relationship building","D:/Website Goal Planner/vigilant-eagle-drift/articles/D:/Website Goal Planner/vigilant-eagle-drift/articles/examples-of-smart-goals-for-communication-and-relationship-building","D:/Website Goal Planner/vigilant-eagle-drift/articles/examples-of-smart-goals-for-communication-and-relationship-building","2"
"examples of smart goals for conflict resolution","NO_COVERAGE","","0"
"examples of smart goals for construction project managers","D:/Website Goal Planner/vigilant-eagle-drift/articles/D:/Website Goal Planner/vigilant-eagle-drift/articles/examples-of-smart-goals-for-construction-project-managers","D:/Website Goal Planner/vigilant-eagle-drift/articles/examples-of-smart-goals-for-construction-project-managers","0"
"examples of smart goals for continuous improvement","D:/Website Goal Planner/vigilant-eagle-drift/articles/D:/Website Goal Planner/vigilant-eagle-drift/articles/examples-of-smart-goals-for-continuous-improvement","D:/Website Goal Planner/vigilant-eagle-drift/articles/examples-of-smart-goals-for-continuous-improvement","0"
"examples of smart goals for custodial","D:/Website Goal Planner/vigilant-eagle-drift/articles/D:/Website Goal Planner/vigilant-eagle-drift/articles/examples-of-smart-goals-for-custodial","D:/Website Goal Planner/vigilant-eagle-drift/articles/examples-of-smart-goals-for-custodial","0"
"examples of smart goals for depression","D:/Website Goal Planner/vigilant-eagle-drift/articles/D:/Website Goal Planner/vigilant-eagle-drift/articles/examples-of-smart-goals-for-depression","D:/Website Goal Planner/vigilant-eagle-drift/articles/examples-of-smart-goals-for-depression","0"
"examples of smart goals for diversity and inclusion","D:/Website Goal Planner/vigilant-eagle-drift/articles/D:/Website Goal Planner/vigilant-eagle-drift/articles/smart-goals-for-diversity-and-inclusion","D:/Website Goal Planner/vigilant-eagle-drift/articles/smart-goals-for-diversity-and-inclusion","0"
"examples of smart goals for doctors","D:/Website Goal Planner/vigilant-eagle-drift/articles/beat-procrastination-and-stay-productive","beat-procrastination-and-stay-productive|stay-focused-without-distractions|daily-productivity-routine","0"
"examples of smart goals for effective communication","D:/Website Goal Planner/vigilant-eagle-drift/articles/D:/Website Goal Planner/vigilant-eagle-drift/articles/examples-of-smart-goals-for-effective-communication","D:/Website Goal Planner/vigilant-eagle-drift/articles/examples-of-smart-goals-for-effective-communication","0"
"examples of smart goals for engineers","D:/Website Goal Planner/vigilant-eagle-drift/articles/D:/Website Goal Planner/vigilant-eagle-drift/articles/examples-of-smart-goals-for-engineers","D:/Website Goal Planner/vigilant-eagle-drift/articles/examples-of-smart-goals-for-engineers","0"
"examples of smart goals for executive assistants","D:/Website Goal Planner/vigilant-eagle-drift/articles/D:/Website Goal Planner/vigilant-eagle-drift/articles/examples-of-smart-goals-for-executive-assistants","D:/Website Goal Planner/vigilant-eagle-drift/articles/examples-of-smart-goals-for-executive-assistants","0"
"examples of smart goals for finance employees","D:/Website Goal Planner/vigilant-eagle-drift/articles/D:/Website Goal Planner/vigilant-eagle-drift/articles/examples-of-smart-goals-for-finance-employees","D:/Website Goal Planner/vigilant-eagle-drift/articles/examples-of-smart-goals-for-finance-employees","0"
"examples of smart goals for healthcare administrators","D:/Website Goal Planner/vigilant-eagle-drift/articles/D:/Website Goal Planner/vigilant-eagle-drift/articles/examples-of-smart-goals-for-healthcare-administrators","D:/Website Goal Planner/vigilant-eagle-drift/articles/examples-of-smart-goals-for-healthcare-administrators","0"
"examples of smart goals for healthcare professionals","D:/Website Goal Planner/vigilant-eagle-drift/articles/D:/Website Goal Planner/vigilant-eagle-drift/articles/examples-of-smart-goals-for-healthcare-professionals","D:/Website Goal Planner/vigilant-eagle-drift/articles/examples-of-smart-goals-for-healthcare-professionals","0"
"examples of smart goals for hotels","D:/Website Goal Planner/vigilant-eagle-drift/articles/beat-procrastination-and-stay-productive","beat-procrastination-and-stay-productive|stay-focused-without-distractions|daily-productivity-routine","0"
"examples of smart goals for hr coordinator","D:/Website Goal Planner/vigilant-eagle-drift/articles/D:/Website Goal Planner/vigilant-eagle-drift/articles/examples-of-smart-goals-for-hr-coordinator","D:/Website Goal Planner/vigilant-eagle-drift/articles/examples-of-smart-goals-for-hr-coordinator","0"
"examples of smart goals for hr professionals","D:/Website Goal Planner/vigilant-eagle-drift/articles/D:/Website Goal Planner/vigilant-eagle-drift/articles/examples-of-smart-goals-for-hr-professionals","D:/Website Goal Planner/vigilant-eagle-drift/articles/examples-of-smart-goals-for-hr-professionals|D:/Website Goal Planner/vigilant-eagle-drift/articles/smart-goals-for-hr-professionals","0"
"examples of smart goals for improving communication","D:/Website Goal Planner/vigilant-eagle-drift/articles/D:/Website Goal Planner/vigilant-eagle-drift/articles/examples-of-smart-goals-for-improving-communication","D:/Website Goal Planner/vigilant-eagle-drift/articles/examples-of-smart-goals-for-improving-communication","0"
"examples of smart goals for increasing sales","D:/Website Goal Planner/vigilant-eagle-drift/articles/D:/Website Goal Planner/vigilant-eagle-drift/articles/examples-of-smart-goals-for-increasing-sales","D:/Website Goal Planner/vigilant-eagle-drift/articles/examples-of-smart-goals-for-increasing-sales","0"
"examples of smart goals for law students","D:/Website Goal Planner/vigilant-eagle-drift/articles/D:/Website Goal Planner/vigilant-eagle-drift/articles/examples-of-smart-goals-for-law-students","D:/Website Goal Planner/vigilant-eagle-drift/articles/examples-of-smart-goals-for-law-students","0"
"examples of smart goals for lawyers","D:/Website Goal Planner/vigilant-eagle-drift/articles/smart-goals-for-lawyers-examples","smart-goals-for-lawyers-examples","0"
"examples of smart goals for leadership","D:/Website Goal Planner/vigilant-eagle-drift/articles/D:/Website Goal Planner/vigilant-eagle-drift/articles/smart-goals-for-leadership","D:/Website Goal Planner/vigilant-eagle-drift/articles/smart-goals-for-leadership|D:/Website Goal Planner/vigilant-eagle-drift/articles/examples-of-smart-goals-for-leadership","0"
"examples of smart goals for medical assistant","D:/Website Goal Planner/vigilant-eagle-drift/articles/D:/Website Goal Planner/vigilant-eagle-drift/articles/examples-of-smart-goals-for-medical-assistant","D:/Website Goal Planner/vigilant-eagle-drift/articles/examples-of-smart-goals-for-medical-assistant","0"
"examples of smart goals for medical coders","D:/Website Goal Planner/vigilant-eagle-drift/articles/D:/Website Goal Planner/vigilant-eagle-drift/articles/examples-of-smart-goals-for-medical-coders","D:/Website Goal Planner/vigilant-eagle-drift/articles/examples-of-smart-goals-for-medical-coders","0"
"examples of smart goals for medical students","D:/Website Goal Planner/vigilant-eagle-drift/articles/D:/Website Goal Planner/vigilant-eagle-drift/articles/examples-of-smart-goals-for-medical-students","D:/Website Goal Planner/vigilant-eagle-drift/articles/examples-of-smart-goals-for-medical-students|D:/Website Goal Planner/vigilant-eagle-drift/articles/smart-goals-for-medical-students","0"
"examples of smart goals for mental health","D:/Website Goal Planner/vigilant-eagle-drift/articles/D:/Website Goal Planner/vigilant-eagle-drift/articles/examples-of-smart-goals-for-mental-health","D:/Website Goal Planner/vigilant-eagle-drift/articles/examples-of-smart-goals-for-mental-health|D:/Website Goal Planner/vigilant-eagle-drift/articles/smart-goals-for-mental-health","0"
"examples of smart goals for personal development","D:/Website Goal Planner/vigilant-eagle-drift/articles/D:/Website Goal Planner/vigilant-eagle-drift/articles/smart-goals-for-personal-development","D:/Website Goal Planner/vigilant-eagle-drift/articles/smart-goals-for-personal-development|D:/Website Goal Planner/vigilant-eagle-drift/articles/examples-of-smart-goals-for-personal-development|D:/Website Goal Planner/vigilant-eagle-drift/articles/self-improvement-plan-2026","0"
"examples of smart goals for project coordinator","D:/Website Goal Planner/vigilant-eagle-drift/articles/D:/Website Goal Planner/vigilant-eagle-drift/articles/examples-of-smart-goals-for-project-coordinator","D:/Website Goal Planner/vigilant-eagle-drift/articles/examples-of-smart-goals-for-project-coordinator","0"
"examples of smart goals for psychology","D:/Website Goal Planner/vigilant-eagle-drift/articles/smart-goals-psychology-examples","smart-goals-psychology-examples","0"
"examples of smart goals for quality improvement","D:/Website Goal Planner/vigilant-eagle-drift/articles/D:/Website Goal Planner/vigilant-eagle-drift/articles/examples-of-smart-goals-for-quality-improvement","D:/Website Goal Planner/vigilant-eagle-drift/articles/examples-of-smart-goals-for-quality-improvement|D:/Website Goal Planner/vigilant-eagle-drift/articles/smart-goals-for-quality-improvement","0"
"examples of smart goals for receptionist","D:/Website Goal Planner/vigilant-eagle-drift/articles/D:/Website Goal Planner/vigilant-eagle-drift/articles/examples-of-smart-goals-for-receptionist","D:/Website Goal Planner/vigilant-eagle-drift/articles/examples-of-smart-goals-for-receptionist|D:/Website Goal Planner/vigilant-eagle-drift/articles/smart-goals-for-receptionist","0"
"examples of smart goals for relationship building","D:/Website Goal Planner/vigilant-eagle-drift/articles/D:/Website Goal Planner/vigilant-eagle-drift/articles/examples-of-smart-goals-for-relationship-building","D:/Website Goal Planner/vigilant-eagle-drift/articles/examples-of-smart-goals-for-relationship-building","0"
"examples of smart goals for research","D:/Website Goal Planner/vigilant-eagle-drift/articles/D:/Website Goal Planner/vigilant-eagle-drift/articles/examples-of-smart-goals-for-research","D:/Website Goal Planner/vigilant-eagle-drift/articles/examples-of-smart-goals-for-research","0"
"examples of smart goals for sales managers","D:/Website Goal Planner/vigilant-eagle-drift/articles/D:/Website Goal Planner/vigilant-eagle-drift/articles/smart-goals-for-sales-managers","D:/Website Goal Planner/vigilant-eagle-drift/articles/smart-goals-for-sales-managers","0"
"examples of smart goals for security manager","D:/Website Goal Planner/vigilant-eagle-drift/articles/D:/Website Goal Planner/vigilant-eagle-drift/articles/examples-of-smart-goals-for-security-manager","D:/Website Goal Planner/vigilant-eagle-drift/articles/examples-of-smart-goals-for-security-manager","0"
"examples of smart goals for security officers","D:/Website Goal Planner/vigilant-eagle-drift/articles/D:/Website Goal Planner/vigilant-eagle-drift/articles/examples-of-smart-goals-for-security-officers","D:/Website Goal Planner/vigilant-eagle-drift/articles/examples-of-smart-goals-for-security-officers","0"
"examples of smart goals for self confidence","D:/Website Goal Planner/vigilant-eagle-drift/articles/D:/Website Goal Planner/vigilant-eagle-drift/articles/examples-of-smart-goals-for-self-confidence","D:/Website Goal Planner/vigilant-eagle-drift/articles/examples-of-smart-goals-for-self-confidence","0"
"examples of smart goals for strategic planning","D:/Website Goal Planner/vigilant-eagle-drift/articles/D:/Website Goal Planner/vigilant-eagle-drift/articles/examples-of-smart-goals-for-strategic-planning","D:/Website Goal Planner/vigilant-eagle-drift/articles/examples-of-smart-goals-for-strategic-planning|D:/Website Goal Planner/vigilant-eagle-drift/articles/smart-goals-for-strategic-planning","0"
"examples of smart goals for technicians","D:/Website Goal Planner/vigilant-eagle-drift/articles/D:/Website Goal Planner/vigilant-eagle-drift/articles/examples-of-smart-goals-for-technicians","D:/Website Goal Planner/vigilant-eagle-drift/articles/examples-of-smart-goals-for-technicians","0"
"examples of smart goals for training managers","D:/Website Goal Planner/vigilant-eagle-drift/articles/smart-goals-for-managers-examples","smart-goals-for-managers-examples|smart-goals-for-warehouse-managers|smart-goals-for-managers","0"
"examples of smart goals in healthcare","D:/Website Goal Planner/vigilant-eagle-drift/articles/D:/Website Goal Planner/vigilant-eagle-drift/articles/examples-of-smart-goals-in-healthcare","D:/Website Goal Planner/vigilant-eagle-drift/articles/examples-of-smart-goals-in-healthcare","0"
"examples of smart goals in hospitality","D:/Website Goal Planner/vigilant-eagle-drift/articles/D:/Website Goal Planner/vigilant-eagle-drift/articles/examples-of-smart-goals-in-hospitality","D:/Website Goal Planner/vigilant-eagle-drift/articles/examples-of-smart-goals-in-hospitality","0"
"examples of smart long term career goals","D:/Website Goal Planner/vigilant-eagle-drift/articles/smart-goals-examples-for-students","smart-goals-examples-for-students","0"
"examples of smart marketing goals","D:/Website Goal Planner/vigilant-eagle-drift/articles/D:/Website Goal Planner/vigilant-eagle-drift/articles/smart-marketing-goals","D:/Website Goal Planner/vigilant-eagle-drift/articles/smart-marketing-goals|D:/Website Goal Planner/vigilant-eagle-drift/articles/examples-of-smart-marketing-goals","0"
"examples of smart objectives in education","D:/Website Goal Planner/vigilant-eagle-drift/articles/D:/Website Goal Planner/vigilant-eagle-drift/articles/smart-objectives","D:/Website Goal Planner/vigilant-eagle-drift/articles/smart-objectives|D:/Website Goal Planner/vigilant-eagle-drift/articles/examples-of-smart-objectives-in-education","0"
"examples of smart objectives in healthcare","D:/Website Goal Planner/vigilant-eagle-drift/articles/D:/Website Goal Planner/vigilant-eagle-drift/articles/smart-objectives","D:/Website Goal Planner/vigilant-eagle-drift/articles/smart-objectives|D:/Website Goal Planner/vigilant-eagle-drift/articles/examples-of-smart-objectives-in-healthcare|D:/Website Goal Planner/vigilant-eagle-drift/articles/smart-objectives-in-healthcare","0"
"examples of smart targets for students","D:/Website Goal Planner/vigilant-eagle-drift/articles/D:/Website Goal Planner/vigilant-eagle-drift/articles/smart-targets","D:/Website Goal Planner/vigilant-eagle-drift/articles/smart-targets|D:/Website Goal Planner/vigilant-eagle-drift/articles/examples-of-smart-targets-for-students|D:/Website Goal Planner/vigilant-eagle-drift/articles/smart-targets-for-students","0"
"examples of smart work goals","D:/Website Goal Planner/vigilant-eagle-drift/articles/D:/Website Goal Planner/vigilant-eagle-drift/articles/examples-of-smart-work-goals","D:/Website Goal Planner/vigilant-eagle-drift/articles/examples-of-smart-work-goals","0"
"excel planner alternative","D:/Website Goal Planner/vigilant-eagle-drift/articles/daily-planner-guide-2026","daily-planner-guide-2026|habit-tracking-with-a-planner-app|how-to-create-a-daily-schedule-that-works-2026","0"
"executive assistant smart goals","D:/Website Goal Planner/vigilant-eagle-drift/articles/D:/Website Goal Planner/vigilant-eagle-drift/articles/executive-assistant-smart-goals","D:/Website Goal Planner/vigilant-eagle-drift/articles/executive-assistant-smart-goals","0"
"executive assistant smart goals examples","D:/Website Goal Planner/vigilant-eagle-drift/articles/D:/Website Goal Planner/vigilant-eagle-drift/articles/executive-assistant-smart-goals-examples","D:/Website Goal Planner/vigilant-eagle-drift/articles/executive-assistant-smart-goals-examples|D:/Website Goal Planner/vigilant-eagle-drift/articles/executive-assistant-smart-goals","5"
"expand smart goals","D:/Website Goal Planner/vigilant-eagle-drift/articles/D:/Website Goal Planner/vigilant-eagle-drift/articles/expand-smart-goals","D:/Website Goal Planner/vigilant-eagle-drift/articles/expand-smart-goals","0"
"explain and define smart goals","D:/Website Goal Planner/vigilant-eagle-drift/articles/D:/Website Goal Planner/vigilant-eagle-drift/articles/define-smart-goals","D:/Website Goal Planner/vigilant-eagle-drift/articles/define-smart-goals","0"
"explain how to set smart objectives for a team member","D:/Website Goal Planner/vigilant-eagle-drift/articles/D:/Website Goal Planner/vigilant-eagle-drift/articles/explain-how-to-set-smart-objectives-for-a-team-member","D:/Website Goal Planner/vigilant-eagle-drift/articles/explain-how-to-set-smart-objectives-for-a-team-member","0"
"explain how to write smart targets for own personal development","D:/Website Goal Planner/vigilant-eagle-drift/articles/D:/Website Goal Planner/vigilant-eagle-drift/articles/smart-targets","D:/Website Goal Planner/vigilant-eagle-drift/articles/smart-targets|D:/Website Goal Planner/vigilant-eagle-drift/articles/explain-how-to-write-smart-targets-for-own-personal-development|D:/Website Goal Planner/vigilant-eagle-drift/articles/self-improvement-plan-2026","0"
"explain smart goals with examples","D:/Website Goal Planner/vigilant-eagle-drift/articles/D:/Website Goal Planner/vigilant-eagle-drift/articles/explain-smart-goals-with-examples","D:/Website Goal Planner/vigilant-eagle-drift/articles/explain-smart-goals-with-examples","0"
"explain smart objectives","D:/Website Goal Planner/vigilant-eagle-drift/articles/D:/Website Goal Planner/vigilant-eagle-drift/articles/explain-smart-objectives","D:/Website Goal Planner/vigilant-eagle-drift/articles/explain-smart-objectives","0"
"explain the acronym smart","D:/Website Goal Planner/vigilant-eagle-drift/articles/D:/Website Goal Planner/vigilant-eagle-drift/articles/explain-the-acronym-smart","D:/Website Goal Planner/vigilant-eagle-drift/articles/explain-the-acronym-smart","0"
"explain the concept of smart goals","D:/Website Goal Planner/vigilant-eagle-drift/articles/D:/Website Goal Planner/vigilant-eagle-drift/articles/concept-of-smart-goals","D:/Website Goal Planner/vigilant-eagle-drift/articles/concept-of-smart-goals|D:/Website Goal Planner/vigilant-eagle-drift/articles/explain-the-concept-of-smart-goals","0"
"explain the smart characteristics of goals","D:/Website Goal Planner/vigilant-eagle-drift/articles/D:/Website Goal Planner/vigilant-eagle-drift/articles/explain-the-smart-characteristics-of-goals","D:/Website Goal Planner/vigilant-eagle-drift/articles/explain-the-smart-characteristics-of-goals","0"
"explanation of smart goals","D:/Website Goal Planner/vigilant-eagle-drift/articles/D:/Website Goal Planner/vigilant-eagle-drift/articles/explanation-of-smart-goals","D:/Website Goal Planner/vigilant-eagle-drift/articles/explanation-of-smart-goals","0"
"family smart goals","D:/Website Goal Planner/vigilant-eagle-drift/articles/D:/Website Goal Planner/vigilant-eagle-drift/articles/family-smart-goals","D:/Website Goal Planner/vigilant-eagle-drift/articles/family-smart-goals","0"
"family smart goals examples","D:/Website Goal Planner/vigilant-eagle-drift/articles/D:/Website Goal Planner/vigilant-eagle-drift/articles/family-smart-goals","D:/Website Goal Planner/vigilant-eagle-drift/articles/family-smart-goals|D:/Website Goal Planner/vigilant-eagle-drift/articles/family-smart-goals-examples","0"
"fast method to goal achievement","D:/Website Goal Planner/vigilant-eagle-drift/articles/stay-focused-without-distractions","stay-focused-without-distractions|mindset-shifts-for-success|smart-method","0"
"features of smart goals","D:/Website Goal Planner/vigilant-eagle-drift/articles/D:/Website Goal Planner/vigilant-eagle-drift/articles/features-of-smart-goals","D:/Website Goal Planner/vigilant-eagle-drift/articles/features-of-smart-goals","0"
"financial smart goals examples for business","D:/Website Goal Planner/vigilant-eagle-drift/articles/D:/Website Goal Planner/vigilant-eagle-drift/articles/smart-goals-examples-for-business","D:/Website Goal Planner/vigilant-eagle-drift/articles/smart-goals-examples-for-business|D:/Website Goal Planner/vigilant-eagle-drift/articles/financial-smart-goals-examples-for-business","0"
"five smart goals","D:/Website Goal Planner/vigilant-eagle-drift/articles/D:/Website Goal Planner/vigilant-eagle-drift/articles/five-smart-goals","D:/Website Goal Planner/vigilant-eagle-drift/articles/five-smart-goals","0"
"for smart goal s stands for","D:/Website Goal Planner/vigilant-eagle-drift/articles/D:/Website Goal Planner/vigilant-eagle-drift/articles/for-smart-goal-s-stands-for","D:/Website Goal Planner/vigilant-eagle-drift/articles/for-smart-goal-s-stands-for","0"
"free goal planner","D:/Website Goal Planner/vigilant-eagle-drift/articles/D:/Website Goal Planner/vigilant-eagle-drift/articles/how-to-set-goals-and-actually-achieve-them","D:/Website Goal Planner/vigilant-eagle-drift/articles/how-to-set-goals-and-actually-achieve-them","0"
"free goal tracker app for iphone","D:/Website Goal Planner/vigilant-eagle-drift/articles/D:/Website Goal Planner/vigilant-eagle-drift/articles/goal-tracker-app-how-to-track-progress","D:/Website Goal Planner/vigilant-eagle-drift/articles/goal-tracker-app-how-to-track-progress","0"
"free goal tracker online","D:/Website Goal Planner/vigilant-eagle-drift/articles/D:/Website Goal Planner/vigilant-eagle-drift/articles/goal-tracker-app-how-to-track-progress","D:/Website Goal Planner/vigilant-eagle-drift/articles/goal-tracker-app-how-to-track-progress","0"
"free goals","D:/Website Goal Planner/vigilant-eagle-drift/articles/habit-tracking-with-a-planner-app","habit-tracking-with-a-planner-app|goal-tracking-system|how-to-set-goals-and-actually-achieve-them","0"
"free manifestation planner","D:/Website Goal Planner/vigilant-eagle-drift/articles/daily-planner-guide-2026","daily-planner-guide-2026|habit-tracking-with-a-planner-app|how-to-create-a-daily-schedule-that-works-2026","0"
"free pdf goal planner","D:/Website Goal Planner/vigilant-eagle-drift/articles/D:/Website Goal Planner/vigilant-eagle-drift/articles/how-to-set-goals-and-actually-achieve-them","D:/Website Goal Planner/vigilant-eagle-drift/articles/how-to-set-goals-and-actually-achieve-them","0"
"full focus planner smarter goals","D:/Website Goal Planner/vigilant-eagle-drift/articles/D:/Website Goal Planner/vigilant-eagle-drift/articles/stay-focused-without-distractions","D:/Website Goal Planner/vigilant-eagle-drift/articles/stay-focused-without-distractions|D:/Website Goal Planner/vigilant-eagle-drift/articles/full-focus-planner-smarter-goals","0"
"full focus smarter goals","D:/Website Goal Planner/vigilant-eagle-drift/articles/D:/Website Goal Planner/vigilant-eagle-drift/articles/stay-focused-without-distractions","D:/Website Goal Planner/vigilant-eagle-drift/articles/stay-focused-without-distractions","0"
"full form of smart in goal setting","D:/Website Goal Planner/vigilant-eagle-drift/articles/D:/Website Goal Planner/vigilant-eagle-drift/articles/goal-planning-system-for-beginners","D:/Website Goal Planner/vigilant-eagle-drift/articles/goal-planning-system-for-beginners|D:/Website Goal Planner/vigilant-eagle-drift/articles/full-form-of-smart-in-goal-setting|D:/Website Goal Planner/vigilant-eagle-drift/articles/smart-in-goal","0"
"george doran smart goals","D:/Website Goal Planner/vigilant-eagle-drift/articles/D:/Website Goal Planner/vigilant-eagle-drift/articles/doran-smart-goals","D:/Website Goal Planner/vigilant-eagle-drift/articles/doran-smart-goals|D:/Website Goal Planner/vigilant-eagle-drift/articles/george-doran-smart-goals","27"
"george t doran smart goals","D:/Website Goal Planner/vigilant-eagle-drift/articles/D:/Website Goal Planner/vigilant-eagle-drift/articles/doran-smart-goals","D:/Website Goal Planner/vigilant-eagle-drift/articles/doran-smart-goals|D:/Website Goal Planner/vigilant-eagle-drift/articles/george-t-doran-smart-goals","3"
"get self help smart goals","D:/Website Goal Planner/vigilant-eagle-drift/articles/D:/Website Goal Planner/vigilant-eagle-drift/articles/get-self-help-smart-goals","D:/Website Goal Planner/vigilant-eagle-drift/articles/get-self-help-smart-goals","0"
"give an example of a smart goal for a business","D:/Website Goal Planner/vigilant-eagle-drift/articles/D:/Website Goal Planner/vigilant-eagle-drift/articles/give-an-example-of-a-smart-goal-for-a-business","D:/Website Goal Planner/vigilant-eagle-drift/articles/give-an-example-of-a-smart-goal-for-a-business","0"
"goal accelerator planner","D:/Website Goal Planner/vigilant-eagle-drift/articles/stay-focused-without-distractions","stay-focused-without-distractions|daily-planner-guide-2026|habit-tracking-with-a-planner-app","0"
"goal acronym smart","D:/Website Goal Planner/vigilant-eagle-drift/articles/D:/Website Goal Planner/vigilant-eagle-drift/articles/goal-acronym-smart","D:/Website Goal Planner/vigilant-eagle-drift/articles/goal-acronym-smart","0"
"goal and planner","D:/Website Goal Planner/vigilant-eagle-drift/articles/stay-focused-without-distractions","stay-focused-without-distractions|daily-planner-guide-2026|habit-tracking-with-a-planner-app","0"
"goal management app","D:/Website Goal Planner/vigilant-eagle-drift/articles/time-management-tips-and-strategies-2026","time-management-tips-and-strategies-2026|daily-planner-guide-2026|habit-tracking-with-a-planner-app","0"
"goal management framework","D:/Website Goal Planner/vigilant-eagle-drift/articles/time-management-tips-and-strategies-2026","time-management-tips-and-strategies-2026|quotes-for-success-and-determination|smart-acronym","0"
"goal management software","D:/Website Goal Planner/vigilant-eagle-drift/articles/time-management-tips-and-strategies-2026","time-management-tips-and-strategies-2026|goal-tracking-system|quotes-for-success-and-determination","0"
"goal management system","D:/Website Goal Planner/vigilant-eagle-drift/articles/time-management-tips-and-strategies-2026","time-management-tips-and-strategies-2026|goal-planning-system-for-beginners|goal-tracking-system","0"
"goal management training","D:/Website Goal Planner/vigilant-eagle-drift/articles/time-management-tips-and-strategies-2026","time-management-tips-and-strategies-2026|quotes-for-success-and-determination|smart-acronym","0"
"goal management training (gmt)","D:/Website Goal Planner/vigilant-eagle-drift/articles/time-management-tips-and-strategies-2026","time-management-tips-and-strategies-2026|quotes-for-success-and-determination|smart-acronym","0"
"goal management training for adhd","D:/Website Goal Planner/vigilant-eagle-drift/articles/time-management-tips-and-strategies-2026","time-management-tips-and-strategies-2026|quotes-for-success-and-determination|smart-acronym","0"
"goal management training pdf","D:/Website Goal Planner/vigilant-eagle-drift/articles/time-management-tips-and-strategies-2026","time-management-tips-and-strategies-2026","0"
"goal management training speech therapy","D:/Website Goal Planner/vigilant-eagle-drift/articles/time-management-tips-and-strategies-2026","time-management-tips-and-strategies-2026|quotes-for-success-and-determination|smart-acronym","0"
"goal management training tbi","D:/Website Goal Planner/vigilant-eagle-drift/articles/time-management-tips-and-strategies-2026","time-management-tips-and-strategies-2026|quotes-for-success-and-determination|smart-acronym","0"
"goal management training workbook","D:/Website Goal Planner/vigilant-eagle-drift/articles/time-management-tips-and-strategies-2026","time-management-tips-and-strategies-2026|quotes-for-success-and-determination|smart-acronym","0"
"goal must be smart","D:/Website Goal Planner/vigilant-eagle-drift/articles/D:/Website Goal Planner/vigilant-eagle-drift/articles/goal-must-be-smart","D:/Website Goal Planner/vigilant-eagle-drift/articles/goal-must-be-smart","0"
"goal plan action","D:/Website Goal Planner/vigilant-eagle-drift/articles/smart-goals","smart-goals","0"
"goal plan example for work","D:/Website Goal Planner/vigilant-eagle-drift/articles/time-management-tips-and-strategies-2026","time-management-tips-and-strategies-2026|goal-planning-system-for-beginners|smart-goals","0"
"goal planner ai","D:/Website Goal Planner/vigilant-eagle-drift/articles/stay-focused-without-distractions","stay-focused-without-distractions|daily-planner-guide-2026|habit-tracking-with-a-planner-app","0"
"goal planner and habit tracker","D:/Website Goal Planner/vigilant-eagle-drift/articles/D:/Website Goal Planner/vigilant-eagle-drift/articles/habit-tracking-with-a-planner-app","D:/Website Goal Planner/vigilant-eagle-drift/articles/habit-tracking-with-a-planner-app|D:/Website Goal Planner/vigilant-eagle-drift/articles/habit-tracker-system-that-works-2026","0"
"goal planner and journal","D:/Website Goal Planner/vigilant-eagle-drift/articles/stay-focused-without-distractions","stay-focused-without-distractions|daily-planner-guide-2026|habit-tracking-with-a-planner-app","0"
"goal planner app","D:/Website Goal Planner/vigilant-eagle-drift/articles/daily-planner-guide-2026","daily-planner-guide-2026|habit-tracking-with-a-planner-app|how-to-set-goals-and-actually-achieve-them","231"
"goal planner app iphone","D:/Website Goal Planner/vigilant-eagle-drift/articles/how-to-set-goals-and-actually-achieve-them","how-to-set-goals-and-actually-achieve-them","0"
"goal planner for adhd","D:/Website Goal Planner/vigilant-eagle-drift/articles/stay-focused-without-distractions","stay-focused-without-distractions|daily-planner-guide-2026|habit-tracking-with-a-planner-app","0"
"goal planner for kids","D:/Website Goal Planner/vigilant-eagle-drift/articles/stay-focused-without-distractions","stay-focused-without-distractions|daily-planner-guide-2026|habit-tracking-with-a-planner-app","0"
"goal planner for students","D:/Website Goal Planner/vigilant-eagle-drift/articles/time-management-tips-and-strategies-2026","time-management-tips-and-strategies-2026|beat-procrastination-and-stay-productive|stay-focused-without-distractions","0"
"goal planner for work","D:/Website Goal Planner/vigilant-eagle-drift/articles/time-management-tips-and-strategies-2026","time-management-tips-and-strategies-2026|stay-focused-without-distractions|daily-planner-guide-2026","0"
"goal planner ideas","D:/Website Goal Planner/vigilant-eagle-drift/articles/D:/Website Goal Planner/vigilant-eagle-drift/articles/daily-planner-guide-2026","D:/Website Goal Planner/vigilant-eagle-drift/articles/daily-planner-guide-2026","0"
"goal planner online free","D:/Website Goal Planner/vigilant-eagle-drift/articles/daily-planner-guide-2026","daily-planner-guide-2026","0"
"goal planner template free","D:/Website Goal Planner/vigilant-eagle-drift/articles/daily-planner-guide-2026","daily-planner-guide-2026|habit-tracking-with-a-planner-app|how-to-set-goals-and-actually-achieve-them","0"
"goal planner template free download","D:/Website Goal Planner/vigilant-eagle-drift/articles/daily-planner-guide-2026","daily-planner-guide-2026|habit-tracking-with-a-planner-app|habit-tracker-system-that-works-2026","0"
"goal planner.io/articles","D:/Website Goal Planner/vigilant-eagle-drift/articles/time-management-tips-and-strategies-2026","time-management-tips-and-strategies-2026|beat-procrastination-and-stay-productive|stay-focused-without-distractions","0"
"goal planning for adhd","D:/Website Goal Planner/vigilant-eagle-drift/articles/time-management-tips-and-strategies-2026","time-management-tips-and-strategies-2026|goal-planning-system-for-beginners|simple-productivity-system-for-beginners-2026","0"
"goal planning for students","D:/Website Goal Planner/vigilant-eagle-drift/articles/time-management-tips-and-strategies-2026","time-management-tips-and-strategies-2026|goal-planning-system-for-beginners","0"
"goal planning for work","D:/Website Goal Planner/vigilant-eagle-drift/articles/time-management-tips-and-strategies-2026","time-management-tips-and-strategies-2026","0"
"goal planning ideas for work","D:/Website Goal Planner/vigilant-eagle-drift/articles/time-management-tips-and-strategies-2026","time-management-tips-and-strategies-2026","0"
"goal planning template free","D:/Website Goal Planner/vigilant-eagle-drift/articles/goal-planning-system-for-beginners","goal-planning-system-for-beginners","0"
"goal setting acronym","D:/Website Goal Planner/vigilant-eagle-drift/articles/D:/Website Goal Planner/vigilant-eagle-drift/articles/goal-planning-system-for-beginners","D:/Website Goal Planner/vigilant-eagle-drift/articles/goal-planning-system-for-beginners","0"
"goal setting activities","D:/Website Goal Planner/vigilant-eagle-drift/articles/D:/Website Goal Planner/vigilant-eagle-drift/articles/goal-planning-system-for-beginners","D:/Website Goal Planner/vigilant-eagle-drift/articles/goal-planning-system-for-beginners","0"
"goal setting activities for adults","D:/Website Goal Planner/vigilant-eagle-drift/articles/D:/Website Goal Planner/vigilant-eagle-drift/articles/goal-planning-system-for-beginners","D:/Website Goal Planner/vigilant-eagle-drift/articles/goal-planning-system-for-beginners","0"
"goal setting activities for students","D:/Website Goal Planner/vigilant-eagle-drift/articles/D:/Website Goal Planner/vigilant-eagle-drift/articles/goal-planning-system-for-beginners","D:/Website Goal Planner/vigilant-eagle-drift/articles/goal-planning-system-for-beginners","0"
"goal setting and creating a learning plan","D:/Website Goal Planner/vigilant-eagle-drift/articles/D:/Website Goal Planner/vigilant-eagle-drift/articles/goal-planning-system-for-beginners","D:/Website Goal Planner/vigilant-eagle-drift/articles/goal-planning-system-for-beginners","0"
"goal setting and time management","D:/Website Goal Planner/vigilant-eagle-drift/articles/D:/Website Goal Planner/vigilant-eagle-drift/articles/time-management-tips-and-strategies-2026","D:/Website Goal Planner/vigilant-eagle-drift/articles/time-management-tips-and-strategies-2026","0"
"goal setting and time management pdf","D:/Website Goal Planner/vigilant-eagle-drift/articles/D:/Website Goal Planner/vigilant-eagle-drift/articles/time-management-tips-and-strategies-2026","D:/Website Goal Planner/vigilant-eagle-drift/articles/time-management-tips-and-strategies-2026","0"
"goal setting and vision board","D:/Website Goal Planner/vigilant-eagle-drift/articles/time-management-tips-and-strategies-2026","time-management-tips-and-strategies-2026|goal-planning-system-for-beginners|quotes-for-success-and-determination","0"
"goal setting app","D:/Website Goal Planner/vigilant-eagle-drift/articles/goal-planning-system-for-beginners","goal-planning-system-for-beginners|how-to-set-goals-and-actually-achieve-them","0"
"goal setting app iphone","D:/Website Goal Planner/vigilant-eagle-drift/articles/goal-planning-system-for-beginners","goal-planning-system-for-beginners|how-to-set-goals-and-actually-achieve-them","0"
"goal setting assessment test pdf","D:/Website Goal Planner/vigilant-eagle-drift/articles/time-management-tips-and-strategies-2026","time-management-tips-and-strategies-2026|how-to-set-goals-and-actually-achieve-them","0"
"goal setting criteria","D:/Website Goal Planner/vigilant-eagle-drift/articles/D:/Website Goal Planner/vigilant-eagle-drift/articles/goal-setting-criteria","D:/Website Goal Planner/vigilant-eagle-drift/articles/goal-setting-criteria","0"
"goal setting for adhd","D:/Website Goal Planner/vigilant-eagle-drift/articles/time-management-tips-and-strategies-2026","time-management-tips-and-strategies-2026|goal-planning-system-for-beginners|quotes-for-success-and-determination","0"
"goal setting for adhd adults","D:/Website Goal Planner/vigilant-eagle-drift/articles/goal-planning-system-for-beginners","goal-planning-system-for-beginners","0"
"goal setting for adhd students","D:/Website Goal Planner/vigilant-eagle-drift/articles/time-management-tips-and-strategies-2026","time-management-tips-and-strategies-2026|goal-planning-system-for-beginners|quotes-for-success-and-determination","0"
"goal setting for business","D:/Website Goal Planner/vigilant-eagle-drift/articles/D:/Website Goal Planner/vigilant-eagle-drift/articles/goal-setting-for-business","D:/Website Goal Planner/vigilant-eagle-drift/articles/goal-setting-for-business","0"
"goal setting for students","D:/Website Goal Planner/vigilant-eagle-drift/articles/time-management-tips-and-strategies-2026","time-management-tips-and-strategies-2026|goal-planning-system-for-beginners|quotes-for-success-and-determination","0"
"goal setting for students examples","D:/Website Goal Planner/vigilant-eagle-drift/articles/time-management-tips-and-strategies-2026","time-management-tips-and-strategies-2026|goal-planning-system-for-beginners|quotes-for-success-and-determination","0"
"goal setting for students pdf","D:/Website Goal Planner/vigilant-eagle-drift/articles/time-management-tips-and-strategies-2026","time-management-tips-and-strategies-2026","0"
"goal setting for students ppt","D:/Website Goal Planner/vigilant-eagle-drift/articles/smart-goal-setting","smart-goal-setting","0"
"goal setting for students worksheet","D:/Website Goal Planner/vigilant-eagle-drift/articles/goal-planning-system-for-beginners","goal-planning-system-for-beginners|smart-goal-setting","0"
"goal setting for work","D:/Website Goal Planner/vigilant-eagle-drift/articles/time-management-tips-and-strategies-2026","time-management-tips-and-strategies-2026","0"
"goal setting for work appraisal","D:/Website Goal Planner/vigilant-eagle-drift/articles/time-management-tips-and-strategies-2026","time-management-tips-and-strategies-2026","0"
"goal setting for work examples","D:/Website Goal Planner/vigilant-eagle-drift/articles/time-management-tips-and-strategies-2026","time-management-tips-and-strategies-2026","0"
"goal setting for work ideas","D:/Website Goal Planner/vigilant-eagle-drift/articles/time-management-tips-and-strategies-2026","time-management-tips-and-strategies-2026","0"
"goal setting measurable","D:/Website Goal Planner/vigilant-eagle-drift/articles/D:/Website Goal Planner/vigilant-eagle-drift/articles/goal-setting-measurable","D:/Website Goal Planner/vigilant-eagle-drift/articles/goal-setting-measurable","0"
"goal setting mistakes to avoid","D:/Website Goal Planner/vigilant-eagle-drift/articles/time-management-tips-and-strategies-2026","time-management-tips-and-strategies-2026|beat-procrastination-and-stay-productive|goal-planning-system-for-beginners","0"
"goal setting smart goals","D:/Website Goal Planner/vigilant-eagle-drift/articles/D:/Website Goal Planner/vigilant-eagle-drift/articles/goal-setting-smart-goals","D:/Website Goal Planner/vigilant-eagle-drift/articles/goal-setting-smart-goals","0"
"goal setting software","D:/Website Goal Planner/vigilant-eagle-drift/articles/time-management-tips-and-strategies-2026","time-management-tips-and-strategies-2026|goal-planning-system-for-beginners|goal-tracking-system","0"
"goal setting specific","D:/Website Goal Planner/vigilant-eagle-drift/articles/D:/Website Goal Planner/vigilant-eagle-drift/articles/goal-setting-specific","D:/Website Goal Planner/vigilant-eagle-drift/articles/goal-setting-specific","0"
"goal setting specific measurable attainable realistic","D:/Website Goal Planner/vigilant-eagle-drift/articles/D:/Website Goal Planner/vigilant-eagle-drift/articles/goal-setting-specific","D:/Website Goal Planner/vigilant-eagle-drift/articles/goal-setting-specific|D:/Website Goal Planner/vigilant-eagle-drift/articles/goal-setting-specific-measurable-attainable-realistic|D:/Website Goal Planner/vigilant-eagle-drift/articles/specific-measurable","0"
"goal setting strategies that actually work","D:/Website Goal Planner/vigilant-eagle-drift/articles/time-management-tips-and-strategies-2026","time-management-tips-and-strategies-2026","0"
"goal setting template free","D:/Website Goal Planner/vigilant-eagle-drift/articles/goal-planning-system-for-beginners","goal-planning-system-for-beginners|how-to-set-goals-and-actually-achieve-them","0"
"goal setting template free download","D:/Website Goal Planner/vigilant-eagle-drift/articles/daily-planner-guide-2026","daily-planner-guide-2026|habit-tracking-with-a-planner-app|goal-planning-system-for-beginners","0"
"goal setting template free download pdf","D:/Website Goal Planner/vigilant-eagle-drift/articles/daily-planner-guide-2026","daily-planner-guide-2026|habit-tracking-with-a-planner-app|how-to-set-goals-and-actually-achieve-them","0"
"goal setting template free download word","D:/Website Goal Planner/vigilant-eagle-drift/articles/daily-planner-guide-2026","daily-planner-guide-2026|habit-tracking-with-a-planner-app|goal-planning-system-for-beginners","0"
"goal setting theory smart","D:/Website Goal Planner/vigilant-eagle-drift/articles/D:/Website Goal Planner/vigilant-eagle-drift/articles/goal-setting-theory-smart","D:/Website Goal Planner/vigilant-eagle-drift/articles/goal-setting-theory-smart","0"
"goal setting tips for long term success","D:/Website Goal Planner/vigilant-eagle-drift/articles/D:/Website Goal Planner/vigilant-eagle-drift/articles/quotes-for-success-and-determination","D:/Website Goal Planner/vigilant-eagle-drift/articles/quotes-for-success-and-determination","0"
"goal setting using smart","D:/Website Goal Planner/vigilant-eagle-drift/articles/D:/Website Goal Planner/vigilant-eagle-drift/articles/goal-setting-using-smart","D:/Website Goal Planner/vigilant-eagle-drift/articles/goal-setting-using-smart","0"
"goal setting with smart method","D:/Website Goal Planner/vigilant-eagle-drift/articles/D:/Website Goal Planner/vigilant-eagle-drift/articles/smart-method","D:/Website Goal Planner/vigilant-eagle-drift/articles/smart-method|D:/Website Goal Planner/vigilant-eagle-drift/articles/goal-setting-with-smart-method","0"
"goal setting worksheet for adhd","D:/Website Goal Planner/vigilant-eagle-drift/articles/goal-planning-system-for-beginners","goal-planning-system-for-beginners|smart-goal-setting|business-goal-setting-worksheet","0"
"goal template for students","D:/Website Goal Planner/vigilant-eagle-drift/articles/goal-planning-system-for-beginners","goal-planning-system-for-beginners","0"
"goal template for work","D:/Website Goal Planner/vigilant-eagle-drift/articles/time-management-tips-and-strategies-2026","time-management-tips-and-strategies-2026|daily-planner-guide-2026|habit-tracking-with-a-planner-app","0"
"goal tracker afl","D:/Website Goal Planner/vigilant-eagle-drift/articles/D:/Website Goal Planner/vigilant-eagle-drift/articles/goal-tracker-app-how-to-track-progress","D:/Website Goal Planner/vigilant-eagle-drift/articles/goal-tracker-app-how-to-track-progress","0"
"goal tracker ai","D:/Website Goal Planner/vigilant-eagle-drift/articles/D:/Website Goal Planner/vigilant-eagle-drift/articles/goal-tracker-app-how-to-track-progress","D:/Website Goal Planner/vigilant-eagle-drift/articles/goal-tracker-app-how-to-track-progress","0"
"goal tracker and habit list","D:/Website Goal Planner/vigilant-eagle-drift/articles/D:/Website Goal Planner/vigilant-eagle-drift/articles/habit-tracking-with-a-planner-app","D:/Website Goal Planner/vigilant-eagle-drift/articles/habit-tracking-with-a-planner-app|D:/Website Goal Planner/vigilant-eagle-drift/articles/goal-tracker-app-how-to-track-progress","0"
"goal tracker app","D:/Website Goal Planner/vigilant-eagle-drift/articles/D:/Website Goal Planner/vigilant-eagle-drift/articles/goal-tracker-app-how-to-track-progress","D:/Website Goal Planner/vigilant-eagle-drift/articles/goal-tracker-app-how-to-track-progress","0"
"goal tracker app android","D:/Website Goal Planner/vigilant-eagle-drift/articles/D:/Website Goal Planner/vigilant-eagle-drift/articles/goal-tracker-app-how-to-track-progress","D:/Website Goal Planner/vigilant-eagle-drift/articles/goal-tracker-app-how-to-track-progress","0"
"goal tracker app for iphone","D:/Website Goal Planner/vigilant-eagle-drift/articles/D:/Website Goal Planner/vigilant-eagle-drift/articles/goal-tracker-app-how-to-track-progress","D:/Website Goal Planner/vigilant-eagle-drift/articles/goal-tracker-app-how-to-track-progress","0"
"goal tracker app for pc","D:/Website Goal Planner/vigilant-eagle-drift/articles/D:/Website Goal Planner/vigilant-eagle-drift/articles/goal-tracker-app-how-to-track-progress","D:/Website Goal Planner/vigilant-eagle-drift/articles/goal-tracker-app-how-to-track-progress","0"
"goal tracker app free","D:/Website Goal Planner/vigilant-eagle-drift/articles/D:/Website Goal Planner/vigilant-eagle-drift/articles/goal-tracker-app-how-to-track-progress","D:/Website Goal Planner/vigilant-eagle-drift/articles/goal-tracker-app-how-to-track-progress","0"
"goal tracker app reddit","D:/Website Goal Planner/vigilant-eagle-drift/articles/D:/Website Goal Planner/vigilant-eagle-drift/articles/goal-tracker-app-how-to-track-progress","D:/Website Goal Planner/vigilant-eagle-drift/articles/goal-tracker-app-how-to-track-progress","0"
"goal tracker app with friends","D:/Website Goal Planner/vigilant-eagle-drift/articles/D:/Website Goal Planner/vigilant-eagle-drift/articles/goal-tracker-app-how-to-track-progress","D:/Website Goal Planner/vigilant-eagle-drift/articles/goal-tracker-app-how-to-track-progress","0"
"goal tracker for adhd","D:/Website Goal Planner/vigilant-eagle-drift/articles/habit-tracking-with-a-planner-app","habit-tracking-with-a-planner-app|goal-tracker-app-how-to-track-progress|habit-tracker-system-that-works-2026","0"
"goal tracker for students","D:/Website Goal Planner/vigilant-eagle-drift/articles/time-management-tips-and-strategies-2026","time-management-tips-and-strategies-2026|beat-procrastination-and-stay-productive|habit-tracking-with-a-planner-app","0"
"goal tracker for work","D:/Website Goal Planner/vigilant-eagle-drift/articles/time-management-tips-and-strategies-2026","time-management-tips-and-strategies-2026|habit-tracking-with-a-planner-app|smart-goal-for-work","0"
"goal tracker template free","D:/Website Goal Planner/vigilant-eagle-drift/articles/habit-tracking-with-a-planner-app","habit-tracking-with-a-planner-app|habit-tracker-system-that-works-2026","0"
"goal tracking app","D:/Website Goal Planner/vigilant-eagle-drift/articles/D:/Website Goal Planner/vigilant-eagle-drift/articles/goal-tracking-system","D:/Website Goal Planner/vigilant-eagle-drift/articles/goal-tracking-system","0"
"goal tracking app free","D:/Website Goal Planner/vigilant-eagle-drift/articles/D:/Website Goal Planner/vigilant-eagle-drift/articles/goal-tracking-system","D:/Website Goal Planner/vigilant-eagle-drift/articles/goal-tracking-system","0"
"goal tracking app with friends","D:/Website Goal Planner/vigilant-eagle-drift/articles/D:/Website Goal Planner/vigilant-eagle-drift/articles/goal-tracking-system","D:/Website Goal Planner/vigilant-eagle-drift/articles/goal-tracking-system","0"
"goal tracking software","D:/Website Goal Planner/vigilant-eagle-drift/articles/D:/Website Goal Planner/vigilant-eagle-drift/articles/goal-tracking-system","D:/Website Goal Planner/vigilant-eagle-drift/articles/goal-tracking-system","0"
"goal tracking software for business","D:/Website Goal Planner/vigilant-eagle-drift/articles/D:/Website Goal Planner/vigilant-eagle-drift/articles/goal-tracking-system","D:/Website Goal Planner/vigilant-eagle-drift/articles/goal-tracking-system","0"
"goal tracking software free","D:/Website Goal Planner/vigilant-eagle-drift/articles/D:/Website Goal Planner/vigilant-eagle-drift/articles/goal-tracking-system","D:/Website Goal Planner/vigilant-eagle-drift/articles/goal-tracking-system","0"
"goal tracking system","D:/Website Goal Planner/vigilant-eagle-drift/articles/D:/Website Goal Planner/vigilant-eagle-drift/articles/goal-tracking-system","D:/Website Goal Planner/vigilant-eagle-drift/articles/goal-tracking-system","0"
"goals attainable measurable","D:/Website Goal Planner/vigilant-eagle-drift/articles/D:/Website Goal Planner/vigilant-eagle-drift/articles/goals-attainable-measurable","D:/Website Goal Planner/vigilant-eagle-drift/articles/goals-attainable-measurable","0"
"goals for the project should be smart","D:/Website Goal Planner/vigilant-eagle-drift/articles/goals-for-project-should-be-smart","goals-for-project-should-be-smart","0"
"goals format","D:/Website Goal Planner/vigilant-eagle-drift/articles/D:/Website Goal Planner/vigilant-eagle-drift/articles/goals-format","D:/Website Goal Planner/vigilant-eagle-drift/articles/goals-format","0"
"goals have to be smart","D:/Website Goal Planner/vigilant-eagle-drift/articles/D:/Website Goal Planner/vigilant-eagle-drift/articles/goals-have-to-be-smart","D:/Website Goal Planner/vigilant-eagle-drift/articles/goals-have-to-be-smart","0"
"goals measurable achievable","D:/Website Goal Planner/vigilant-eagle-drift/articles/D:/Website Goal Planner/vigilant-eagle-drift/articles/goals-measurable-achievable","D:/Website Goal Planner/vigilant-eagle-drift/articles/goals-measurable-achievable","0"
"goals must be specific","D:/Website Goal Planner/vigilant-eagle-drift/articles/D:/Website Goal Planner/vigilant-eagle-drift/articles/goals-must-be-specific","D:/Website Goal Planner/vigilant-eagle-drift/articles/goals-must-be-specific","0"
"goals need to be smart","D:/Website Goal Planner/vigilant-eagle-drift/articles/D:/Website Goal Planner/vigilant-eagle-drift/articles/goals-need-to-be-smart","D:/Website Goal Planner/vigilant-eagle-drift/articles/goals-need-to-be-smart","0"
"goals realistic measurable","D:/Website Goal Planner/vigilant-eagle-drift/articles/D:/Website Goal Planner/vigilant-eagle-drift/articles/goals-realistic-measurable","D:/Website Goal Planner/vigilant-eagle-drift/articles/goals-realistic-measurable","0"
"goals set","D:/Website Goal Planner/vigilant-eagle-drift/articles/D:/Website Goal Planner/vigilant-eagle-drift/articles/goals-set","D:/Website Goal Planner/vigilant-eagle-drift/articles/goals-set","0"
"goals set for yourself","D:/Website Goal Planner/vigilant-eagle-drift/articles/D:/Website Goal Planner/vigilant-eagle-drift/articles/goals-set","D:/Website Goal Planner/vigilant-eagle-drift/articles/goals-set|D:/Website Goal Planner/vigilant-eagle-drift/articles/goals-set-for-yourself","0"
"goals setting examples","D:/Website Goal Planner/vigilant-eagle-drift/articles/D:/Website Goal Planner/vigilant-eagle-drift/articles/goals-setting-examples","D:/Website Goal Planner/vigilant-eagle-drift/articles/goals-setting-examples|D:/Website Goal Planner/vigilant-eagle-drift/articles/goals-set","0"
"goals should be measurable","D:/Website Goal Planner/vigilant-eagle-drift/articles/D:/Website Goal Planner/vigilant-eagle-drift/articles/goals-should-be-measurable","D:/Website Goal Planner/vigilant-eagle-drift/articles/goals-should-be-measurable","0"
"goals should be smart","D:/Website Goal Planner/vigilant-eagle-drift/articles/D:/Website Goal Planner/vigilant-eagle-drift/articles/goals-should-be-smart","D:/Website Goal Planner/vigilant-eagle-drift/articles/goals-should-be-smart","0"
"goals should be smart which stands for","D:/Website Goal Planner/vigilant-eagle-drift/articles/D:/Website Goal Planner/vigilant-eagle-drift/articles/goals-should-be-smart","D:/Website Goal Planner/vigilant-eagle-drift/articles/goals-should-be-smart|D:/Website Goal Planner/vigilant-eagle-drift/articles/goals-should-be-smart-which-stands-for","0"
"goals specific measurable","D:/Website Goal Planner/vigilant-eagle-drift/articles/D:/Website Goal Planner/vigilant-eagle-drift/articles/goals-specific-measurable","D:/Website Goal Planner/vigilant-eagle-drift/articles/goals-specific-measurable|D:/Website Goal Planner/vigilant-eagle-drift/articles/specific-measurable","0"
"goals specific measurable achievable","D:/Website Goal Planner/vigilant-eagle-drift/articles/D:/Website Goal Planner/vigilant-eagle-drift/articles/goals-specific-measurable","D:/Website Goal Planner/vigilant-eagle-drift/articles/goals-specific-measurable|D:/Website Goal Planner/vigilant-eagle-drift/articles/goals-specific-measurable-achievable|D:/Website Goal Planner/vigilant-eagle-drift/articles/specific-measurable|D:/Website Goal Planner/vigilant-eagle-drift/articles/specific-measurable-achievable","0"
"goals using smart method","D:/Website Goal Planner/vigilant-eagle-drift/articles/D:/Website Goal Planner/vigilant-eagle-drift/articles/smart-method","D:/Website Goal Planner/vigilant-eagle-drift/articles/smart-method|D:/Website Goal Planner/vigilant-eagle-drift/articles/goals-using-smart-method","0"
"goals using the smart method examples","D:/Website Goal Planner/vigilant-eagle-drift/articles/D:/Website Goal Planner/vigilant-eagle-drift/articles/smart-method","D:/Website Goal Planner/vigilant-eagle-drift/articles/smart-method|D:/Website Goal Planner/vigilant-eagle-drift/articles/smart-method-example|D:/Website Goal Planner/vigilant-eagle-drift/articles/using-the-smart-method","0"
"good examples of smart goals for employees","D:/Website Goal Planner/vigilant-eagle-drift/articles/D:/Website Goal Planner/vigilant-eagle-drift/articles/smart-goals-for-employees","D:/Website Goal Planner/vigilant-eagle-drift/articles/smart-goals-for-employees|D:/Website Goal Planner/vigilant-eagle-drift/articles/good-examples-of-smart-goals-for-employees","0"
"good smart goals","D:/Website Goal Planner/vigilant-eagle-drift/articles/D:/Website Goal Planner/vigilant-eagle-drift/articles/good-smart-goals","D:/Website Goal Planner/vigilant-eagle-drift/articles/good-smart-goals","0"
"good smart goals for work","D:/Website Goal Planner/vigilant-eagle-drift/articles/D:/Website Goal Planner/vigilant-eagle-drift/articles/smart-goals-for-work","D:/Website Goal Planner/vigilant-eagle-drift/articles/smart-goals-for-work|D:/Website Goal Planner/vigilant-eagle-drift/articles/good-smart-goals|D:/Website Goal Planner/vigilant-eagle-drift/articles/good-smart-goals-for-work","0"
"goodnotes alternative","NO_COVERAGE","","0"
"google keep alternative","NO_COVERAGE","","0"
"google notes app alternative","D:/Website Goal Planner/vigilant-eagle-drift/articles/habit-tracking-with-a-planner-app","habit-tracking-with-a-planner-app|habit-tracker-system-that-works-2026","0"
"graphic designer smart goals examples","D:/Website Goal Planner/vigilant-eagle-drift/articles/D:/Website Goal Planner/vigilant-eagle-drift/articles/graphic-designer-smart-goals-examples","D:/Website Goal Planner/vigilant-eagle-drift/articles/graphic-designer-smart-goals-examples","0"
"growth mindset smart goals examples","D:/Website Goal Planner/vigilant-eagle-drift/articles/D:/Website Goal Planner/vigilant-eagle-drift/articles/mindset-shifts-for-success","D:/Website Goal Planner/vigilant-eagle-drift/articles/mindset-shifts-for-success|D:/Website Goal Planner/vigilant-eagle-drift/articles/growth-mindset-smart-goals-examples|D:/Website Goal Planner/vigilant-eagle-drift/articles/growth-mindset-exercises-2026","0"
"habit tracker app","D:/Website Goal Planner/vigilant-eagle-drift/articles/D:/Website Goal Planner/vigilant-eagle-drift/articles/habit-tracking-with-a-planner-app","D:/Website Goal Planner/vigilant-eagle-drift/articles/habit-tracking-with-a-planner-app|D:/Website Goal Planner/vigilant-eagle-drift/articles/habit-tracker-system-that-works-2026","0"
"habit tracker excel","D:/Website Goal Planner/vigilant-eagle-drift/articles/D:/Website Goal Planner/vigilant-eagle-drift/articles/habit-tracking-with-a-planner-app","D:/Website Goal Planner/vigilant-eagle-drift/articles/habit-tracking-with-a-planner-app|D:/Website Goal Planner/vigilant-eagle-drift/articles/habit-tracker-system-that-works-2026","0"
"habit tracker excel template free","D:/Website Goal Planner/vigilant-eagle-drift/articles/D:/Website Goal Planner/vigilant-eagle-drift/articles/habit-tracking-with-a-planner-app","D:/Website Goal Planner/vigilant-eagle-drift/articles/habit-tracking-with-a-planner-app|D:/Website Goal Planner/vigilant-eagle-drift/articles/habit-tracker-system-that-works-2026","0"
"habit tracker google sheets","D:/Website Goal Planner/vigilant-eagle-drift/articles/D:/Website Goal Planner/vigilant-eagle-drift/articles/habit-tracking-with-a-planner-app","D:/Website Goal Planner/vigilant-eagle-drift/articles/habit-tracking-with-a-planner-app|D:/Website Goal Planner/vigilant-eagle-drift/articles/habit-tracker-system-that-works-2026","0"
"habit tracker google sheets template free","D:/Website Goal Planner/vigilant-eagle-drift/articles/D:/Website Goal Planner/vigilant-eagle-drift/articles/habit-tracking-with-a-planner-app","D:/Website Goal Planner/vigilant-eagle-drift/articles/habit-tracking-with-a-planner-app|D:/Website Goal Planner/vigilant-eagle-drift/articles/habit-tracker-system-that-works-2026","0"
"habit tracker pdf","D:/Website Goal Planner/vigilant-eagle-drift/articles/D:/Website Goal Planner/vigilant-eagle-drift/articles/habit-tracking-with-a-planner-app","D:/Website Goal Planner/vigilant-eagle-drift/articles/habit-tracking-with-a-planner-app|D:/Website Goal Planner/vigilant-eagle-drift/articles/habit-tracker-system-that-works-2026","0"
"habit tracker printable","D:/Website Goal Planner/vigilant-eagle-drift/articles/D:/Website Goal Planner/vigilant-eagle-drift/articles/habit-tracking-with-a-planner-app","D:/Website Goal Planner/vigilant-eagle-drift/articles/habit-tracking-with-a-planner-app|D:/Website Goal Planner/vigilant-eagle-drift/articles/habit-tracker-system-that-works-2026","0"
"habit tracker template","D:/Website Goal Planner/vigilant-eagle-drift/articles/D:/Website Goal Planner/vigilant-eagle-drift/articles/habit-tracking-with-a-planner-app","D:/Website Goal Planner/vigilant-eagle-drift/articles/habit-tracking-with-a-planner-app|D:/Website Goal Planner/vigilant-eagle-drift/articles/habit-tracker-system-that-works-2026","0"
"habit tracker template excel free download","D:/Website Goal Planner/vigilant-eagle-drift/articles/D:/Website Goal Planner/vigilant-eagle-drift/articles/habit-tracking-with-a-planner-app","D:/Website Goal Planner/vigilant-eagle-drift/articles/habit-tracking-with-a-planner-app|D:/Website Goal Planner/vigilant-eagle-drift/articles/habit-tracker-system-that-works-2026","0"
"habit tracker template free download","D:/Website Goal Planner/vigilant-eagle-drift/articles/D:/Website Goal Planner/vigilant-eagle-drift/articles/habit-tracking-with-a-planner-app","D:/Website Goal Planner/vigilant-eagle-drift/articles/habit-tracking-with-a-planner-app|D:/Website Goal Planner/vigilant-eagle-drift/articles/habit-tracker-system-that-works-2026","0"
"habit tracker template google sheets","D:/Website Goal Planner/vigilant-eagle-drift/articles/D:/Website Goal Planner/vigilant-eagle-drift/articles/habit-tracking-with-a-planner-app","D:/Website Goal Planner/vigilant-eagle-drift/articles/habit-tracking-with-a-planner-app|D:/Website Goal Planner/vigilant-eagle-drift/articles/habit-tracker-system-that-works-2026","0"
"habitica alternative","NO_COVERAGE","","0"
"habits that improve your mindset fast","D:/Website Goal Planner/vigilant-eagle-drift/articles/D:/Website Goal Planner/vigilant-eagle-drift/articles/mindset-shifts-for-success","D:/Website Goal Planner/vigilant-eagle-drift/articles/mindset-shifts-for-success","0"
"habits that improve your mindset fast for beginners","D:/Website Goal Planner/vigilant-eagle-drift/articles/D:/Website Goal Planner/vigilant-eagle-drift/articles/mindset-shifts-for-success","D:/Website Goal Planner/vigilant-eagle-drift/articles/mindset-shifts-for-success","0"
"habits that improve your mindset fast for busy people","D:/Website Goal Planner/vigilant-eagle-drift/articles/D:/Website Goal Planner/vigilant-eagle-drift/articles/mindset-shifts-for-success","D:/Website Goal Planner/vigilant-eagle-drift/articles/mindset-shifts-for-success","0"
"habits that improve your mindset fast for students","D:/Website Goal Planner/vigilant-eagle-drift/articles/D:/Website Goal Planner/vigilant-eagle-drift/articles/mindset-shifts-for-success","D:/Website Goal Planner/vigilant-eagle-drift/articles/mindset-shifts-for-success","0"
"habits that improve your mindset fast in 2026","D:/Website Goal Planner/vigilant-eagle-drift/articles/D:/Website Goal Planner/vigilant-eagle-drift/articles/mindset-shifts-for-success","D:/Website Goal Planner/vigilant-eagle-drift/articles/mindset-shifts-for-success","0"
"habits that improve your mindset fast step by step","D:/Website Goal Planner/vigilant-eagle-drift/articles/D:/Website Goal Planner/vigilant-eagle-drift/articles/mindset-shifts-for-success","D:/Website Goal Planner/vigilant-eagle-drift/articles/mindset-shifts-for-success","0"
"hbr smart goals","D:/Website Goal Planner/vigilant-eagle-drift/articles/D:/Website Goal Planner/vigilant-eagle-drift/articles/hbr-smart-goals","D:/Website Goal Planner/vigilant-eagle-drift/articles/hbr-smart-goals","0"
"health and safety smart objectives examples","D:/Website Goal Planner/vigilant-eagle-drift/articles/D:/Website Goal Planner/vigilant-eagle-drift/articles/smart-objectives-examples","D:/Website Goal Planner/vigilant-eagle-drift/articles/smart-objectives-examples|D:/Website Goal Planner/vigilant-eagle-drift/articles/health-and-safety-smart-objectives-examples","0"
"health smart goals","D:/Website Goal Planner/vigilant-eagle-drift/articles/D:/Website Goal Planner/vigilant-eagle-drift/articles/health-smart-goals","D:/Website Goal Planner/vigilant-eagle-drift/articles/health-smart-goals","0"
"health smart goals examples","D:/Website Goal Planner/vigilant-eagle-drift/articles/D:/Website Goal Planner/vigilant-eagle-drift/articles/health-smart-goals","D:/Website Goal Planner/vigilant-eagle-drift/articles/health-smart-goals|D:/Website Goal Planner/vigilant-eagle-drift/articles/health-smart-goals-examples","0"
"healthcare smart goals","D:/Website Goal Planner/vigilant-eagle-drift/articles/D:/Website Goal Planner/vigilant-eagle-drift/articles/healthcare-smart-goals","D:/Website Goal Planner/vigilant-eagle-drift/articles/healthcare-smart-goals","0"
"housekeeping smart goals examples","D:/Website Goal Planner/vigilant-eagle-drift/articles/D:/Website Goal Planner/vigilant-eagle-drift/articles/housekeeping-smart-goals-examples","D:/Website Goal Planner/vigilant-eagle-drift/articles/housekeeping-smart-goals-examples","0"
"how do i make a vision board on my phone","D:/Website Goal Planner/vigilant-eagle-drift/articles/daily-planner-guide-2026","daily-planner-guide-2026|fix-lack-of-motivation|how-to-create-a-daily-schedule-that-works-2026","0"
"how to achieve goals at work","D:/Website Goal Planner/vigilant-eagle-drift/articles/how-to-stay-motivated-and-consistent","how-to-stay-motivated-and-consistent","0"
"how to achieve goals book","D:/Website Goal Planner/vigilant-eagle-drift/articles/stay-focused-without-distractions","stay-focused-without-distractions|habit-tracking-with-a-planner-app|break-big-goals-into-small-steps","0"
"how to achieve goals book pdf","D:/Website Goal Planner/vigilant-eagle-drift/articles/stay-focused-without-distractions","stay-focused-without-distractions|habit-tracking-with-a-planner-app|how-to-set-goals-and-actually-achieve-them","0"
"how to achieve goals faster","D:/Website Goal Planner/vigilant-eagle-drift/articles/habit-tracking-with-a-planner-app","habit-tracking-with-a-planner-app|break-big-goals-into-small-steps|how-to-build-a-consistent-daily-routine","0"
"how to achieve goals in 2026","D:/Website Goal Planner/vigilant-eagle-drift/articles/quotes-for-success-and-determination","quotes-for-success-and-determination","0"
"how to achieve goals in business","D:/Website Goal Planner/vigilant-eagle-drift/articles/how-to-set-goals-and-actually-achieve-them","how-to-set-goals-and-actually-achieve-them","0"
"how to achieve goals in life","D:/Website Goal Planner/vigilant-eagle-drift/articles/stay-focused-without-distractions","stay-focused-without-distractions|build-discipline-and-consistency|quotes-for-success-and-determination","0"
"how to achieve goals in short time","D:/Website Goal Planner/vigilant-eagle-drift/articles/quotes-for-success-and-determination","quotes-for-success-and-determination","0"
"how to achieve goals with adhd","D:/Website Goal Planner/vigilant-eagle-drift/articles/how-to-stay-motivated-and-consistent","how-to-stay-motivated-and-consistent","0"
"how to achieve goals without distraction","D:/Website Goal Planner/vigilant-eagle-drift/articles/D:/Website Goal Planner/vigilant-eagle-drift/articles/stay-focused-without-distractions","D:/Website Goal Planner/vigilant-eagle-drift/articles/stay-focused-without-distractions","0"
"how to achieve set goals","D:/Website Goal Planner/vigilant-eagle-drift/articles/how-to-set-goals-and-actually-achieve-them","how-to-set-goals-and-actually-achieve-them","0"
"how to achieve success step by step","D:/Website Goal Planner/vigilant-eagle-drift/articles/D:/Website Goal Planner/vigilant-eagle-drift/articles/break-big-goals-into-small-steps","D:/Website Goal Planner/vigilant-eagle-drift/articles/break-big-goals-into-small-steps|D:/Website Goal Planner/vigilant-eagle-drift/articles/quotes-for-success-and-determination","0"
"how to achieve your dreams faster","D:/Website Goal Planner/vigilant-eagle-drift/articles/D:/Website Goal Planner/vigilant-eagle-drift/articles/break-big-goals-into-small-steps","D:/Website Goal Planner/vigilant-eagle-drift/articles/break-big-goals-into-small-steps","0"
"how to avoid procrastination and stay productive","D:/Website Goal Planner/vigilant-eagle-drift/articles/D:/Website Goal Planner/vigilant-eagle-drift/articles/beat-procrastination-and-stay-productive","D:/Website Goal Planner/vigilant-eagle-drift/articles/beat-procrastination-and-stay-productive|D:/Website Goal Planner/vigilant-eagle-drift/articles/how-to-stop-procrastinating-step-by-step-2026","0"
"how to avoid procrastination and stay productive for beginners","D:/Website Goal Planner/vigilant-eagle-drift/articles/D:/Website Goal Planner/vigilant-eagle-drift/articles/beat-procrastination-and-stay-productive","D:/Website Goal Planner/vigilant-eagle-drift/articles/beat-procrastination-and-stay-productive|D:/Website Goal Planner/vigilant-eagle-drift/articles/how-to-stop-procrastinating-step-by-step-2026","0"
"how to avoid procrastination and stay productive for busy people","D:/Website Goal Planner/vigilant-eagle-drift/articles/D:/Website Goal Planner/vigilant-eagle-drift/articles/beat-procrastination-and-stay-productive","D:/Website Goal Planner/vigilant-eagle-drift/articles/beat-procrastination-and-stay-productive|D:/Website Goal Planner/vigilant-eagle-drift/articles/how-to-stop-procrastinating-step-by-step-2026","0"
"how to avoid procrastination and stay productive for students","D:/Website Goal Planner/vigilant-eagle-drift/articles/D:/Website Goal Planner/vigilant-eagle-drift/articles/beat-procrastination-and-stay-productive","D:/Website Goal Planner/vigilant-eagle-drift/articles/beat-procrastination-and-stay-productive|D:/Website Goal Planner/vigilant-eagle-drift/articles/how-to-stop-procrastinating-step-by-step-2026","0"
"how to avoid procrastination and stay productive in 2026","D:/Website Goal Planner/vigilant-eagle-drift/articles/D:/Website Goal Planner/vigilant-eagle-drift/articles/beat-procrastination-and-stay-productive","D:/Website Goal Planner/vigilant-eagle-drift/articles/beat-procrastination-and-stay-productive|D:/Website Goal Planner/vigilant-eagle-drift/articles/how-to-stop-procrastinating-step-by-step-2026","0"
"how to avoid procrastination and stay productive step by step","D:/Website Goal Planner/vigilant-eagle-drift/articles/D:/Website Goal Planner/vigilant-eagle-drift/articles/beat-procrastination-and-stay-productive","D:/Website Goal Planner/vigilant-eagle-drift/articles/beat-procrastination-and-stay-productive|D:/Website Goal Planner/vigilant-eagle-drift/articles/how-to-stop-procrastinating-step-by-step-2026","0"
"how to become more productive daily","D:/Website Goal Planner/vigilant-eagle-drift/articles/D:/Website Goal Planner/vigilant-eagle-drift/articles/daily-productivity-routine","D:/Website Goal Planner/vigilant-eagle-drift/articles/daily-productivity-routine","0"
"how to become the best version of yourself","D:/Website Goal Planner/vigilant-eagle-drift/articles/time-management-tips-and-strategies-2026","time-management-tips-and-strategies-2026|daily-productivity-routine|organize-daily-tasks-system","0"
"how to break big goals into small steps","D:/Website Goal Planner/vigilant-eagle-drift/articles/D:/Website Goal Planner/vigilant-eagle-drift/articles/break-big-goals-into-small-steps","D:/Website Goal Planner/vigilant-eagle-drift/articles/break-big-goals-into-small-steps","0"
"how to build a better routine from scratch","D:/Website Goal Planner/vigilant-eagle-drift/articles/D:/Website Goal Planner/vigilant-eagle-drift/articles/build-a-better-routine-from-scratch","D:/Website Goal Planner/vigilant-eagle-drift/articles/build-a-better-routine-from-scratch","0"
"how to build a productive morning routine","D:/Website Goal Planner/vigilant-eagle-drift/articles/D:/Website Goal Planner/vigilant-eagle-drift/articles/build-a-productive-morning-routine","D:/Website Goal Planner/vigilant-eagle-drift/articles/build-a-productive-morning-routine","0"
"how to build discipline to achieve goals","D:/Website Goal Planner/vigilant-eagle-drift/articles/D:/Website Goal Planner/vigilant-eagle-drift/articles/build-discipline-and-consistency","D:/Website Goal Planner/vigilant-eagle-drift/articles/build-discipline-and-consistency|D:/Website Goal Planner/vigilant-eagle-drift/articles/quotes-for-discipline-and-hard-work","0"
"how to build habits when you feel lazy","D:/Website Goal Planner/vigilant-eagle-drift/articles/D:/Website Goal Planner/vigilant-eagle-drift/articles/how-to-build-good-habits-step-by-step","D:/Website Goal Planner/vigilant-eagle-drift/articles/how-to-build-good-habits-step-by-step","0"
"how to change your mindset permanently","D:/Website Goal Planner/vigilant-eagle-drift/articles/D:/Website Goal Planner/vigilant-eagle-drift/articles/mindset-shifts-for-success","D:/Website Goal Planner/vigilant-eagle-drift/articles/mindset-shifts-for-success","0"
"how to create a daily schedule that works","D:/Website Goal Planner/vigilant-eagle-drift/articles/D:/Website Goal Planner/vigilant-eagle-drift/articles/time-management-tips-and-strategies-2026","D:/Website Goal Planner/vigilant-eagle-drift/articles/time-management-tips-and-strategies-2026|D:/Website Goal Planner/vigilant-eagle-drift/articles/plan-your-day-step-by-step|D:/Website Goal Planner/vigilant-eagle-drift/articles/how-to-create-a-daily-schedule-that-works-2026","0"
"how to create a daily schedule that works for beginners","D:/Website Goal Planner/vigilant-eagle-drift/articles/D:/Website Goal Planner/vigilant-eagle-drift/articles/time-management-tips-and-strategies-2026","D:/Website Goal Planner/vigilant-eagle-drift/articles/time-management-tips-and-strategies-2026|D:/Website Goal Planner/vigilant-eagle-drift/articles/plan-your-day-step-by-step|D:/Website Goal Planner/vigilant-eagle-drift/articles/how-to-create-a-daily-schedule-that-works-2026","0"
"how to create a daily schedule that works for busy people","D:/Website Goal Planner/vigilant-eagle-drift/articles/D:/Website Goal Planner/vigilant-eagle-drift/articles/time-management-tips-and-strategies-2026","D:/Website Goal Planner/vigilant-eagle-drift/articles/time-management-tips-and-strategies-2026|D:/Website Goal Planner/vigilant-eagle-drift/articles/plan-your-day-step-by-step|D:/Website Goal Planner/vigilant-eagle-drift/articles/how-to-create-a-daily-schedule-that-works-2026","0"
"how to create a daily schedule that works for students","D:/Website Goal Planner/vigilant-eagle-drift/articles/D:/Website Goal Planner/vigilant-eagle-drift/articles/time-management-tips-and-strategies-2026","D:/Website Goal Planner/vigilant-eagle-drift/articles/time-management-tips-and-strategies-2026|D:/Website Goal Planner/vigilant-eagle-drift/articles/plan-your-day-step-by-step","0"
"how to create a daily schedule that works in 2026","D:/Website Goal Planner/vigilant-eagle-drift/articles/D:/Website Goal Planner/vigilant-eagle-drift/articles/time-management-tips-and-strategies-2026","D:/Website Goal Planner/vigilant-eagle-drift/articles/time-management-tips-and-strategies-2026|D:/Website Goal Planner/vigilant-eagle-drift/articles/plan-your-day-step-by-step","0"
"how to create a daily schedule that works step by step","D:/Website Goal Planner/vigilant-eagle-drift/articles/D:/Website Goal Planner/vigilant-eagle-drift/articles/time-management-tips-and-strategies-2026","D:/Website Goal Planner/vigilant-eagle-drift/articles/time-management-tips-and-strategies-2026|D:/Website Goal Planner/vigilant-eagle-drift/articles/plan-your-day-step-by-step","0"
"how to create a goal oriented mindset","D:/Website Goal Planner/vigilant-eagle-drift/articles/D:/Website Goal Planner/vigilant-eagle-drift/articles/mindset-shifts-for-success","D:/Website Goal Planner/vigilant-eagle-drift/articles/mindset-shifts-for-success","0"
"how to create a personal planning system","D:/Website Goal Planner/vigilant-eagle-drift/articles/weekly-planning-system-2026","weekly-planning-system-2026|how-to-create-a-daily-schedule-that-works-2026","0"
"how to create a vision board for 2026","D:/Website Goal Planner/vigilant-eagle-drift/articles/time-management-tips-and-strategies-2026","time-management-tips-and-strategies-2026|plan-your-day-step-by-step|weekly-planning-system-2026","0"
"how to create a vision board for manifestation","D:/Website Goal Planner/vigilant-eagle-drift/articles/time-management-tips-and-strategies-2026","time-management-tips-and-strategies-2026|plan-your-day-step-by-step|weekly-planning-system-2026","0"
"how to create a vision board for your life","D:/Website Goal Planner/vigilant-eagle-drift/articles/mindset-shifts-for-success","mindset-shifts-for-success","0"
"how to create a vision board in canva","D:/Website Goal Planner/vigilant-eagle-drift/articles/time-management-tips-and-strategies-2026","time-management-tips-and-strategies-2026|plan-your-day-step-by-step|weekly-planning-system-2026","0"
"how to create a vision board on ipad","D:/Website Goal Planner/vigilant-eagle-drift/articles/time-management-tips-and-strategies-2026","time-management-tips-and-strategies-2026|plan-your-day-step-by-step|weekly-planning-system-2026","0"
"how to create a vision board on iphone","D:/Website Goal Planner/vigilant-eagle-drift/articles/time-management-tips-and-strategies-2026","time-management-tips-and-strategies-2026|plan-your-day-step-by-step|weekly-planning-system-2026","0"
"how to create a vision board on my phone","D:/Website Goal Planner/vigilant-eagle-drift/articles/time-management-tips-and-strategies-2026","time-management-tips-and-strategies-2026|plan-your-day-step-by-step|weekly-planning-system-2026","0"
"how to create a vision board on pinterest","D:/Website Goal Planner/vigilant-eagle-drift/articles/time-management-tips-and-strategies-2026","time-management-tips-and-strategies-2026|plan-your-day-step-by-step|weekly-planning-system-2026","0"
"how to create a vision board on powerpoint","D:/Website Goal Planner/vigilant-eagle-drift/articles/time-management-tips-and-strategies-2026","time-management-tips-and-strategies-2026|plan-your-day-step-by-step|weekly-planning-system-2026","0"
"how to create a vision board online","D:/Website Goal Planner/vigilant-eagle-drift/articles/how-to-create-a-daily-schedule-that-works-2026","how-to-create-a-daily-schedule-that-works-2026","0"
"how to create a weekly planning system","D:/Website Goal Planner/vigilant-eagle-drift/articles/D:/Website Goal Planner/vigilant-eagle-drift/articles/weekly-planning-system-2026","D:/Website Goal Planner/vigilant-eagle-drift/articles/weekly-planning-system-2026","0"
"how to develop a winning mindset daily","D:/Website Goal Planner/vigilant-eagle-drift/articles/D:/Website Goal Planner/vigilant-eagle-drift/articles/mindset-shifts-for-success","D:/Website Goal Planner/vigilant-eagle-drift/articles/mindset-shifts-for-success","0"
"how to find goals","D:/Website Goal Planner/vigilant-eagle-drift/articles/beat-procrastination-and-stay-productive","beat-procrastination-and-stay-productive|stay-focused-without-distractions|daily-productivity-routine","0"
"how to find goals in life","D:/Website Goal Planner/vigilant-eagle-drift/articles/stay-focused-without-distractions","stay-focused-without-distractions|daily-productivity-routine|build-discipline-and-consistency","0"
"how to fix lack of motivation quickly","D:/Website Goal Planner/vigilant-eagle-drift/articles/D:/Website Goal Planner/vigilant-eagle-drift/articles/fix-lack-of-motivation","D:/Website Goal Planner/vigilant-eagle-drift/articles/fix-lack-of-motivation","0"
"how to focus better without distractions","D:/Website Goal Planner/vigilant-eagle-drift/articles/D:/Website Goal Planner/vigilant-eagle-drift/articles/stay-focused-without-distractions","D:/Website Goal Planner/vigilant-eagle-drift/articles/stay-focused-without-distractions","0"
"how to get motivated again in life","D:/Website Goal Planner/vigilant-eagle-drift/articles/D:/Website Goal Planner/vigilant-eagle-drift/articles/fix-lack-of-motivation","D:/Website Goal Planner/vigilant-eagle-drift/articles/fix-lack-of-motivation|D:/Website Goal Planner/vigilant-eagle-drift/articles/how-to-stay-motivated-and-consistent","0"
"how to get your life organized fast","D:/Website Goal Planner/vigilant-eagle-drift/articles/D:/Website Goal Planner/vigilant-eagle-drift/articles/restart-your-life-and-stay-focused","D:/Website Goal Planner/vigilant-eagle-drift/articles/restart-your-life-and-stay-focused","0"
"how to grow personally and professionally","NO_COVERAGE","","0"
"how to improve focus and concentration fast","D:/Website Goal Planner/vigilant-eagle-drift/articles/D:/Website Goal Planner/vigilant-eagle-drift/articles/stay-focused-without-distractions","D:/Website Goal Planner/vigilant-eagle-drift/articles/stay-focused-without-distractions","0"
"how to improve your life step by step","D:/Website Goal Planner/vigilant-eagle-drift/articles/daily-productivity-routine","daily-productivity-routine|mindset-shifts-for-success","0"
"how to improve your mindset and attitude","D:/Website Goal Planner/vigilant-eagle-drift/articles/D:/Website Goal Planner/vigilant-eagle-drift/articles/mindset-shifts-for-success","D:/Website Goal Planner/vigilant-eagle-drift/articles/mindset-shifts-for-success","0"
"how to improve your productivity system","D:/Website Goal Planner/vigilant-eagle-drift/articles/D:/Website Goal Planner/vigilant-eagle-drift/articles/simple-productivity-system-for-beginners-2026","D:/Website Goal Planner/vigilant-eagle-drift/articles/simple-productivity-system-for-beginners-2026","0"
"how to increase productivity at work","D:/Website Goal Planner/vigilant-eagle-drift/articles/time-management-tips-and-strategies-2026","time-management-tips-and-strategies-2026","0"
"how to manage multiple tasks efficiently","D:/Website Goal Planner/vigilant-eagle-drift/articles/D:/Website Goal Planner/vigilant-eagle-drift/articles/organize-daily-tasks-system","D:/Website Goal Planner/vigilant-eagle-drift/articles/organize-daily-tasks-system|D:/Website Goal Planner/vigilant-eagle-drift/articles/how-to-manage-multiple-tasks-efficiently","0"
"how to manage time effectively at home","D:/Website Goal Planner/vigilant-eagle-drift/articles/D:/Website Goal Planner/vigilant-eagle-drift/articles/time-management-tips-and-strategies-2026","D:/Website Goal Planner/vigilant-eagle-drift/articles/time-management-tips-and-strategies-2026","0"
"how to manage time effectively at home for beginners","D:/Website Goal Planner/vigilant-eagle-drift/articles/D:/Website Goal Planner/vigilant-eagle-drift/articles/time-management-tips-and-strategies-2026","D:/Website Goal Planner/vigilant-eagle-drift/articles/time-management-tips-and-strategies-2026","0"
"how to manage time effectively at home for busy people","D:/Website Goal Planner/vigilant-eagle-drift/articles/D:/Website Goal Planner/vigilant-eagle-drift/articles/time-management-tips-and-strategies-2026","D:/Website Goal Planner/vigilant-eagle-drift/articles/time-management-tips-and-strategies-2026","0"
"how to manage time effectively at home for students","D:/Website Goal Planner/vigilant-eagle-drift/articles/D:/Website Goal Planner/vigilant-eagle-drift/articles/time-management-tips-and-strategies-2026","D:/Website Goal Planner/vigilant-eagle-drift/articles/time-management-tips-and-strategies-2026","0"
"how to manage time effectively at home in 2026","D:/Website Goal Planner/vigilant-eagle-drift/articles/D:/Website Goal Planner/vigilant-eagle-drift/articles/time-management-tips-and-strategies-2026","D:/Website Goal Planner/vigilant-eagle-drift/articles/time-management-tips-and-strategies-2026","0"
"how to manage time for study and work","D:/Website Goal Planner/vigilant-eagle-drift/articles/D:/Website Goal Planner/vigilant-eagle-drift/articles/time-management-tips-and-strategies-2026","D:/Website Goal Planner/vigilant-eagle-drift/articles/time-management-tips-and-strategies-2026","0"
"how to organize your day for success","D:/Website Goal Planner/vigilant-eagle-drift/articles/D:/Website Goal Planner/vigilant-eagle-drift/articles/plan-your-day-step-by-step","D:/Website Goal Planner/vigilant-eagle-drift/articles/plan-your-day-step-by-step|D:/Website Goal Planner/vigilant-eagle-drift/articles/quotes-for-success-and-determination","0"
"how to organize your life with a planner","D:/Website Goal Planner/vigilant-eagle-drift/articles/D:/Website Goal Planner/vigilant-eagle-drift/articles/restart-your-life-and-stay-focused","D:/Website Goal Planner/vigilant-eagle-drift/articles/restart-your-life-and-stay-focused","0"
"how to plan your day effectively step by step","D:/Website Goal Planner/vigilant-eagle-drift/articles/D:/Website Goal Planner/vigilant-eagle-drift/articles/plan-your-day-step-by-step","D:/Website Goal Planner/vigilant-eagle-drift/articles/plan-your-day-step-by-step","0"
"how to plan your day using a mobile app","D:/Website Goal Planner/vigilant-eagle-drift/articles/D:/Website Goal Planner/vigilant-eagle-drift/articles/plan-your-day-step-by-step","D:/Website Goal Planner/vigilant-eagle-drift/articles/plan-your-day-step-by-step|D:/Website Goal Planner/vigilant-eagle-drift/articles/digital-planner-vs-paper","0"
"how to plan your week for maximum productivity","D:/Website Goal Planner/vigilant-eagle-drift/articles/D:/Website Goal Planner/vigilant-eagle-drift/articles/weekly-planning-system-2026","D:/Website Goal Planner/vigilant-eagle-drift/articles/weekly-planning-system-2026","0"
"how to remain focused on goals","D:/Website Goal Planner/vigilant-eagle-drift/articles/D:/Website Goal Planner/vigilant-eagle-drift/articles/stay-focused-without-distractions","D:/Website Goal Planner/vigilant-eagle-drift/articles/stay-focused-without-distractions","0"
"how to reprogram your mindset for success","D:/Website Goal Planner/vigilant-eagle-drift/articles/D:/Website Goal Planner/vigilant-eagle-drift/articles/mindset-shifts-for-success","D:/Website Goal Planner/vigilant-eagle-drift/articles/mindset-shifts-for-success|D:/Website Goal Planner/vigilant-eagle-drift/articles/quotes-for-success-and-determination","0"
"how to restart your life and stay focused","D:/Website Goal Planner/vigilant-eagle-drift/articles/D:/Website Goal Planner/vigilant-eagle-drift/articles/stay-focused-without-distractions","D:/Website Goal Planner/vigilant-eagle-drift/articles/stay-focused-without-distractions|D:/Website Goal Planner/vigilant-eagle-drift/articles/restart-your-life-and-stay-focused","0"
"how to set goals and achieve them","D:/Website Goal Planner/vigilant-eagle-drift/articles/how-to-set-goals-and-actually-achieve-them","how-to-set-goals-and-actually-achieve-them","0"
"how to set goals and achieve them pdf","D:/Website Goal Planner/vigilant-eagle-drift/articles/how-to-set-goals-and-actually-achieve-them","how-to-set-goals-and-actually-achieve-them","0"
"how to set goals and achieve your dreams","D:/Website Goal Planner/vigilant-eagle-drift/articles/break-big-goals-into-small-steps","break-big-goals-into-small-steps|how-to-set-goals-and-actually-achieve-them","0"
"how to set goals at work","D:/Website Goal Planner/vigilant-eagle-drift/articles/how-to-stay-motivated-and-consistent","how-to-stay-motivated-and-consistent","0"
"how to set goals for 2026","D:/Website Goal Planner/vigilant-eagle-drift/articles/beat-procrastination-and-stay-productive","beat-procrastination-and-stay-productive|daily-productivity-routine|mindset-shifts-for-success","0"
"how to set goals for yourself","D:/Website Goal Planner/vigilant-eagle-drift/articles/specific-goals","specific-goals|goals-set|goals-set-for-yourself","0"
"how to set goals in life","D:/Website Goal Planner/vigilant-eagle-drift/articles/stay-focused-without-distractions","stay-focused-without-distractions|daily-productivity-routine|build-discipline-and-consistency","0"
"how to set goals on apple watch","D:/Website Goal Planner/vigilant-eagle-drift/articles/how-to-set-goals-and-actually-achieve-them","how-to-set-goals-and-actually-achieve-them","0"
"how to set goals on garmin","D:/Website Goal Planner/vigilant-eagle-drift/articles/how-to-set-goals-and-actually-achieve-them","how-to-set-goals-and-actually-achieve-them","0"
"how to set goals on twitch","D:/Website Goal Planner/vigilant-eagle-drift/articles/how-to-set-goals-and-actually-achieve-them","how-to-set-goals-and-actually-achieve-them","0"
"how to set goals pdf","D:/Website Goal Planner/vigilant-eagle-drift/articles/how-to-set-goals-and-actually-achieve-them","how-to-set-goals-and-actually-achieve-them","0"
"how to set realistic goals and achieve them","D:/Website Goal Planner/vigilant-eagle-drift/articles/how-to-set-goals-and-actually-achieve-them","how-to-set-goals-and-actually-achieve-them","0"
"how to stay committed to your goals","D:/Website Goal Planner/vigilant-eagle-drift/articles/D:/Website Goal Planner/vigilant-eagle-drift/articles/build-discipline-and-consistency","D:/Website Goal Planner/vigilant-eagle-drift/articles/build-discipline-and-consistency","0"
"how to stay consistent every single day","D:/Website Goal Planner/vigilant-eagle-drift/articles/D:/Website Goal Planner/vigilant-eagle-drift/articles/build-discipline-and-consistency","D:/Website Goal Planner/vigilant-eagle-drift/articles/build-discipline-and-consistency","0"
"how to stay consistent using a planner","D:/Website Goal Planner/vigilant-eagle-drift/articles/D:/Website Goal Planner/vigilant-eagle-drift/articles/build-discipline-and-consistency","D:/Website Goal Planner/vigilant-eagle-drift/articles/build-discipline-and-consistency","0"
"how to stay consistent with your goals","D:/Website Goal Planner/vigilant-eagle-drift/articles/D:/Website Goal Planner/vigilant-eagle-drift/articles/build-discipline-and-consistency","D:/Website Goal Planner/vigilant-eagle-drift/articles/build-discipline-and-consistency","0"
"how to stay disciplined without motivation","D:/Website Goal Planner/vigilant-eagle-drift/articles/D:/Website Goal Planner/vigilant-eagle-drift/articles/build-discipline-and-consistency","D:/Website Goal Planner/vigilant-eagle-drift/articles/build-discipline-and-consistency|D:/Website Goal Planner/vigilant-eagle-drift/articles/fix-lack-of-motivation|D:/Website Goal Planner/vigilant-eagle-drift/articles/quotes-for-discipline-and-hard-work","0"
"how to stay focused in a distracted world","D:/Website Goal Planner/vigilant-eagle-drift/articles/D:/Website Goal Planner/vigilant-eagle-drift/articles/stay-focused-without-distractions","D:/Website Goal Planner/vigilant-eagle-drift/articles/stay-focused-without-distractions","0"
"how to stay focused on achieving goals","D:/Website Goal Planner/vigilant-eagle-drift/articles/D:/Website Goal Planner/vigilant-eagle-drift/articles/stay-focused-without-distractions","D:/Website Goal Planner/vigilant-eagle-drift/articles/stay-focused-without-distractions|D:/Website Goal Planner/vigilant-eagle-drift/articles/quotes-for-success-and-determination","0"
"how to stay focused on career goals","D:/Website Goal Planner/vigilant-eagle-drift/articles/D:/Website Goal Planner/vigilant-eagle-drift/articles/stay-focused-without-distractions","D:/Website Goal Planner/vigilant-eagle-drift/articles/stay-focused-without-distractions","0"
"how to stay focused on financial goals","D:/Website Goal Planner/vigilant-eagle-drift/articles/D:/Website Goal Planner/vigilant-eagle-drift/articles/stay-focused-without-distractions","D:/Website Goal Planner/vigilant-eagle-drift/articles/stay-focused-without-distractions","0"
"how to stay focused on fitness goals","D:/Website Goal Planner/vigilant-eagle-drift/articles/D:/Website Goal Planner/vigilant-eagle-drift/articles/stay-focused-without-distractions","D:/Website Goal Planner/vigilant-eagle-drift/articles/stay-focused-without-distractions","0"
"how to stay focused on goals","D:/Website Goal Planner/vigilant-eagle-drift/articles/D:/Website Goal Planner/vigilant-eagle-drift/articles/stay-focused-without-distractions","D:/Website Goal Planner/vigilant-eagle-drift/articles/stay-focused-without-distractions","0"
"how to stay focused on goals reddit","D:/Website Goal Planner/vigilant-eagle-drift/articles/D:/Website Goal Planner/vigilant-eagle-drift/articles/stay-focused-without-distractions","D:/Website Goal Planner/vigilant-eagle-drift/articles/stay-focused-without-distractions","0"
"how to stay focused on life goals","D:/Website Goal Planner/vigilant-eagle-drift/articles/D:/Website Goal Planner/vigilant-eagle-drift/articles/stay-focused-without-distractions","D:/Website Goal Planner/vigilant-eagle-drift/articles/stay-focused-without-distractions","0"
"how to stay focused on one goal","D:/Website Goal Planner/vigilant-eagle-drift/articles/D:/Website Goal Planner/vigilant-eagle-drift/articles/stay-focused-without-distractions","D:/Website Goal Planner/vigilant-eagle-drift/articles/stay-focused-without-distractions","0"
"how to stay focused on your goals daily","D:/Website Goal Planner/vigilant-eagle-drift/articles/D:/Website Goal Planner/vigilant-eagle-drift/articles/stay-focused-without-distractions","D:/Website Goal Planner/vigilant-eagle-drift/articles/stay-focused-without-distractions","0"
"how to stay focused on your goals pdf","D:/Website Goal Planner/vigilant-eagle-drift/articles/D:/Website Goal Planner/vigilant-eagle-drift/articles/stay-focused-without-distractions","D:/Website Goal Planner/vigilant-eagle-drift/articles/stay-focused-without-distractions","0"
"how to stay focused while working from home","D:/Website Goal Planner/vigilant-eagle-drift/articles/D:/Website Goal Planner/vigilant-eagle-drift/articles/how-to-stay-productive-while-working-from-home","D:/Website Goal Planner/vigilant-eagle-drift/articles/how-to-stay-productive-while-working-from-home","0"
"how to stay mentally strong during hard times","D:/Website Goal Planner/vigilant-eagle-drift/articles/D:/Website Goal Planner/vigilant-eagle-drift/articles/quotes-for-tough-times","D:/Website Goal Planner/vigilant-eagle-drift/articles/quotes-for-tough-times","0"
"how to stay motivated at the gym","D:/Website Goal Planner/vigilant-eagle-drift/articles/D:/Website Goal Planner/vigilant-eagle-drift/articles/how-to-stay-motivated-and-consistent","D:/Website Goal Planner/vigilant-eagle-drift/articles/how-to-stay-motivated-and-consistent","0"
"how to stay motivated at work","D:/Website Goal Planner/vigilant-eagle-drift/articles/D:/Website Goal Planner/vigilant-eagle-drift/articles/how-to-stay-motivated-and-consistent","D:/Website Goal Planner/vigilant-eagle-drift/articles/how-to-stay-motivated-and-consistent","0"
"how to stay motivated everyday","D:/Website Goal Planner/vigilant-eagle-drift/articles/D:/Website Goal Planner/vigilant-eagle-drift/articles/how-to-stay-motivated-and-consistent","D:/Website Goal Planner/vigilant-eagle-drift/articles/how-to-stay-motivated-and-consistent","0"
"how to stay motivated for weight loss","D:/Website Goal Planner/vigilant-eagle-drift/articles/D:/Website Goal Planner/vigilant-eagle-drift/articles/how-to-stay-motivated-and-consistent","D:/Website Goal Planner/vigilant-eagle-drift/articles/how-to-stay-motivated-and-consistent","0"
"how to stay motivated in college","D:/Website Goal Planner/vigilant-eagle-drift/articles/D:/Website Goal Planner/vigilant-eagle-drift/articles/how-to-stay-motivated-and-consistent","D:/Website Goal Planner/vigilant-eagle-drift/articles/how-to-stay-motivated-and-consistent","0"
"how to stay motivated to achieve your goals","D:/Website Goal Planner/vigilant-eagle-drift/articles/D:/Website Goal Planner/vigilant-eagle-drift/articles/how-to-stay-motivated-and-consistent","D:/Website Goal Planner/vigilant-eagle-drift/articles/how-to-stay-motivated-and-consistent","0"
"how to stay motivated to lose weight","D:/Website Goal Planner/vigilant-eagle-drift/articles/D:/Website Goal Planner/vigilant-eagle-drift/articles/how-to-stay-motivated-and-consistent","D:/Website Goal Planner/vigilant-eagle-drift/articles/how-to-stay-motivated-and-consistent","0"
"how to stay motivated to study","D:/Website Goal Planner/vigilant-eagle-drift/articles/D:/Website Goal Planner/vigilant-eagle-drift/articles/how-to-stay-motivated-and-consistent","D:/Website Goal Planner/vigilant-eagle-drift/articles/how-to-stay-motivated-and-consistent","0"
"how to stay motivated to workout","D:/Website Goal Planner/vigilant-eagle-drift/articles/D:/Website Goal Planner/vigilant-eagle-drift/articles/how-to-stay-motivated-and-consistent","D:/Website Goal Planner/vigilant-eagle-drift/articles/how-to-stay-motivated-and-consistent","0"
"how to stay motivated with adhd","D:/Website Goal Planner/vigilant-eagle-drift/articles/D:/Website Goal Planner/vigilant-eagle-drift/articles/how-to-stay-motivated-and-consistent","D:/Website Goal Planner/vigilant-eagle-drift/articles/how-to-stay-motivated-and-consistent","0"
"how to stay positive in difficult situations","D:/Website Goal Planner/vigilant-eagle-drift/articles/beat-procrastination-and-stay-productive","beat-procrastination-and-stay-productive|stay-focused-without-distractions|build-a-productive-morning-routine","0"
"how to stay productive without burnout","D:/Website Goal Planner/vigilant-eagle-drift/articles/D:/Website Goal Planner/vigilant-eagle-drift/articles/stay-productive-without-burnout","D:/Website Goal Planner/vigilant-eagle-drift/articles/stay-productive-without-burnout","0"
"how to stay productive without motivation","D:/Website Goal Planner/vigilant-eagle-drift/articles/D:/Website Goal Planner/vigilant-eagle-drift/articles/fix-lack-of-motivation","D:/Website Goal Planner/vigilant-eagle-drift/articles/fix-lack-of-motivation","0"
"how to stop negative thinking patterns","D:/Website Goal Planner/vigilant-eagle-drift/articles/D:/Website Goal Planner/vigilant-eagle-drift/articles/mindset-shifts-for-success","D:/Website Goal Planner/vigilant-eagle-drift/articles/mindset-shifts-for-success","0"
"how to stop wasting time and be productive","D:/Website Goal Planner/vigilant-eagle-drift/articles/D:/Website Goal Planner/vigilant-eagle-drift/articles/beat-procrastination-and-stay-productive","D:/Website Goal Planner/vigilant-eagle-drift/articles/beat-procrastination-and-stay-productive","0"
"how to track goals","D:/Website Goal Planner/vigilant-eagle-drift/articles/habit-tracking-with-a-planner-app","habit-tracking-with-a-planner-app|goal-tracking-system|how-to-stay-motivated-and-consistent","0"
"how to track goals daily","D:/Website Goal Planner/vigilant-eagle-drift/articles/habit-tracking-with-a-planner-app","habit-tracking-with-a-planner-app|goal-tracking-system|how-to-stay-motivated-and-consistent","0"
"how to track goals in excel","D:/Website Goal Planner/vigilant-eagle-drift/articles/habit-tracking-with-a-planner-app","habit-tracking-with-a-planner-app|goal-tracking-system","0"
"how to track habits using a planner app","D:/Website Goal Planner/vigilant-eagle-drift/articles/D:/Website Goal Planner/vigilant-eagle-drift/articles/habit-tracking-with-a-planner-app","D:/Website Goal Planner/vigilant-eagle-drift/articles/habit-tracking-with-a-planner-app|D:/Website Goal Planner/vigilant-eagle-drift/articles/habit-tracker-system-that-works-2026","0"
"how to track progress","D:/Website Goal Planner/vigilant-eagle-drift/articles/D:/Website Goal Planner/vigilant-eagle-drift/articles/goal-tracking-system","D:/Website Goal Planner/vigilant-eagle-drift/articles/goal-tracking-system","0"
"how to track progress daily and stay motivated","D:/Website Goal Planner/vigilant-eagle-drift/articles/D:/Website Goal Planner/vigilant-eagle-drift/articles/goal-tracking-system","D:/Website Goal Planner/vigilant-eagle-drift/articles/goal-tracking-system|D:/Website Goal Planner/vigilant-eagle-drift/articles/daily-goal-tracking-for-productivity|D:/Website Goal Planner/vigilant-eagle-drift/articles/how-to-stay-motivated-and-consistent","0"
"how to track progress in excel","D:/Website Goal Planner/vigilant-eagle-drift/articles/D:/Website Goal Planner/vigilant-eagle-drift/articles/goal-tracking-system","D:/Website Goal Planner/vigilant-eagle-drift/articles/goal-tracking-system","0"
"how to track progress in ms project","D:/Website Goal Planner/vigilant-eagle-drift/articles/D:/Website Goal Planner/vigilant-eagle-drift/articles/goal-tracking-system","D:/Website Goal Planner/vigilant-eagle-drift/articles/goal-tracking-system","0"
"how to track progress in the gym","D:/Website Goal Planner/vigilant-eagle-drift/articles/D:/Website Goal Planner/vigilant-eagle-drift/articles/goal-tracking-system","D:/Website Goal Planner/vigilant-eagle-drift/articles/goal-tracking-system","0"
"how to track your goals effectively","D:/Website Goal Planner/vigilant-eagle-drift/articles/D:/Website Goal Planner/vigilant-eagle-drift/articles/goal-tracking-system","D:/Website Goal Planner/vigilant-eagle-drift/articles/goal-tracking-system","0"
"how to train your brain for success","D:/Website Goal Planner/vigilant-eagle-drift/articles/D:/Website Goal Planner/vigilant-eagle-drift/articles/quotes-for-success-and-determination","D:/Website Goal Planner/vigilant-eagle-drift/articles/quotes-for-success-and-determination","0"
"how to use a daily planner effectively","D:/Website Goal Planner/vigilant-eagle-drift/articles/D:/Website Goal Planner/vigilant-eagle-drift/articles/daily-planner-guide-2026","D:/Website Goal Planner/vigilant-eagle-drift/articles/daily-planner-guide-2026","0"
"how to use digital planners for productivity","D:/Website Goal Planner/vigilant-eagle-drift/articles/D:/Website Goal Planner/vigilant-eagle-drift/articles/digital-planner-vs-paper","D:/Website Goal Planner/vigilant-eagle-drift/articles/digital-planner-vs-paper","0"
"how to use time blocking for productivity","D:/Website Goal Planner/vigilant-eagle-drift/articles/D:/Website Goal Planner/vigilant-eagle-drift/articles/time-management-tips-and-strategies-2026","D:/Website Goal Planner/vigilant-eagle-drift/articles/time-management-tips-and-strategies-2026|D:/Website Goal Planner/vigilant-eagle-drift/articles/time-blocking-for-productivity","0"
"hr smart goals","D:/Website Goal Planner/vigilant-eagle-drift/articles/D:/Website Goal Planner/vigilant-eagle-drift/articles/hr-smart-goals","D:/Website Goal Planner/vigilant-eagle-drift/articles/hr-smart-goals","2"
"hr smart objectives","D:/Website Goal Planner/vigilant-eagle-drift/articles/D:/Website Goal Planner/vigilant-eagle-drift/articles/hr-smart-objectives","D:/Website Goal Planner/vigilant-eagle-drift/articles/hr-smart-objectives","0"
"https www mindtools com pages article smart goals htm","D:/Website Goal Planner/vigilant-eagle-drift/articles/D:/Website Goal Planner/vigilant-eagle-drift/articles/https-www-mindtools-com-pages-article-smart-goals-htm","D:/Website Goal Planner/vigilant-eagle-drift/articles/https-www-mindtools-com-pages-article-smart-goals-htm","0"
"hubspot smart goals","D:/Website Goal Planner/vigilant-eagle-drift/articles/D:/Website Goal Planner/vigilant-eagle-drift/articles/hubspot-smart-goals","D:/Website Goal Planner/vigilant-eagle-drift/articles/hubspot-smart-goals","0"
"human resources smart goals examples","D:/Website Goal Planner/vigilant-eagle-drift/articles/D:/Website Goal Planner/vigilant-eagle-drift/articles/human-resources-smart-goals-examples","D:/Website Goal Planner/vigilant-eagle-drift/articles/human-resources-smart-goals-examples","0"
"i hate smart goals","D:/Website Goal Planner/vigilant-eagle-drift/articles/D:/Website Goal Planner/vigilant-eagle-drift/articles/i-hate-smart-goals","D:/Website Goal Planner/vigilant-eagle-drift/articles/i-hate-smart-goals","0"
"importance of setting smart goals","D:/Website Goal Planner/vigilant-eagle-drift/articles/D:/Website Goal Planner/vigilant-eagle-drift/articles/importance-of-setting-smart-goals","D:/Website Goal Planner/vigilant-eagle-drift/articles/importance-of-setting-smart-goals","0"
"importance of smart goal","D:/Website Goal Planner/vigilant-eagle-drift/articles/D:/Website Goal Planner/vigilant-eagle-drift/articles/importance-of-smart-goal","D:/Website Goal Planner/vigilant-eagle-drift/articles/importance-of-smart-goal","0"
"importance of smart goal setting","D:/Website Goal Planner/vigilant-eagle-drift/articles/D:/Website Goal Planner/vigilant-eagle-drift/articles/smart-goal-setting","D:/Website Goal Planner/vigilant-eagle-drift/articles/smart-goal-setting|D:/Website Goal Planner/vigilant-eagle-drift/articles/importance-of-smart-goal|D:/Website Goal Planner/vigilant-eagle-drift/articles/importance-of-smart-goal-setting","0"
"importance of smart goals for students","D:/Website Goal Planner/vigilant-eagle-drift/articles/D:/Website Goal Planner/vigilant-eagle-drift/articles/smart-goals-for-students","D:/Website Goal Planner/vigilant-eagle-drift/articles/smart-goals-for-students|D:/Website Goal Planner/vigilant-eagle-drift/articles/importance-of-smart-goal|D:/Website Goal Planner/vigilant-eagle-drift/articles/importance-of-smart-goals-for-students","0"
"importance of smart goals in business","D:/Website Goal Planner/vigilant-eagle-drift/articles/D:/Website Goal Planner/vigilant-eagle-drift/articles/importance-of-smart-goal","D:/Website Goal Planner/vigilant-eagle-drift/articles/importance-of-smart-goal|D:/Website Goal Planner/vigilant-eagle-drift/articles/importance-of-smart-goals-in-business","0"
"importance of smart learning objectives","D:/Website Goal Planner/vigilant-eagle-drift/articles/D:/Website Goal Planner/vigilant-eagle-drift/articles/importance-of-smart-learning-objectives","D:/Website Goal Planner/vigilant-eagle-drift/articles/importance-of-smart-learning-objectives|D:/Website Goal Planner/vigilant-eagle-drift/articles/smart-learning-objective","0"
"importance of smart objectives","D:/Website Goal Planner/vigilant-eagle-drift/articles/D:/Website Goal Planner/vigilant-eagle-drift/articles/importance-of-smart-objectives","D:/Website Goal Planner/vigilant-eagle-drift/articles/importance-of-smart-objectives","0"
"improve communication skills smart goal","D:/Website Goal Planner/vigilant-eagle-drift/articles/D:/Website Goal Planner/vigilant-eagle-drift/articles/improve-communication-skills-smart-goal","D:/Website Goal Planner/vigilant-eagle-drift/articles/improve-communication-skills-smart-goal","0"
"improve time management smart goal","D:/Website Goal Planner/vigilant-eagle-drift/articles/D:/Website Goal Planner/vigilant-eagle-drift/articles/time-management-tips-and-strategies-2026","D:/Website Goal Planner/vigilant-eagle-drift/articles/time-management-tips-and-strategies-2026|D:/Website Goal Planner/vigilant-eagle-drift/articles/improve-time-management-smart-goal","0"
"improve time management smart goal examples","D:/Website Goal Planner/vigilant-eagle-drift/articles/D:/Website Goal Planner/vigilant-eagle-drift/articles/improve-time-management-smart-goal","D:/Website Goal Planner/vigilant-eagle-drift/articles/improve-time-management-smart-goal|D:/Website Goal Planner/vigilant-eagle-drift/articles/improve-time-management-smart-goal-examples","0"
"improve your time management skills smart goals","D:/Website Goal Planner/vigilant-eagle-drift/articles/quotes-for-success-and-determination","quotes-for-success-and-determination|smart-goals-t","0"
"in goal setting smart stands for","D:/Website Goal Planner/vigilant-eagle-drift/articles/D:/Website Goal Planner/vigilant-eagle-drift/articles/in-goal-setting-smart-stands-for","D:/Website Goal Planner/vigilant-eagle-drift/articles/in-goal-setting-smart-stands-for","0"
"in goal setting what does smart stand for","D:/Website Goal Planner/vigilant-eagle-drift/articles/D:/Website Goal Planner/vigilant-eagle-drift/articles/in-goal-setting-what-does-smart-stand-for","D:/Website Goal Planner/vigilant-eagle-drift/articles/in-goal-setting-what-does-smart-stand-for","0"
"in smart goal s stands for","D:/Website Goal Planner/vigilant-eagle-drift/articles/smart-goals-acronym","smart-goals-acronym|smart-acronym|smart-goal-setting","0"
"in smart goals a stands for","D:/Website Goal Planner/vigilant-eagle-drift/articles/smart-goals-acronym","smart-goals-acronym|smart-criteria|goals-should-be-smart","0"
"in smart goals t stands for","D:/Website Goal Planner/vigilant-eagle-drift/articles/D:/Website Goal Planner/vigilant-eagle-drift/articles/smart-goals-t","D:/Website Goal Planner/vigilant-eagle-drift/articles/smart-goals-t","0"
"in smart goals what does a stand for","D:/Website Goal Planner/vigilant-eagle-drift/articles/smart-goals-what-does-it-stand-for","smart-goals-what-does-it-stand-for","0"
"in smart goals what does a stand for explain","D:/Website Goal Planner/vigilant-eagle-drift/articles/smart-goals-what-does-it-stand-for","smart-goals-what-does-it-stand-for","0"
"in smart goals what does s stand for explain","D:/Website Goal Planner/vigilant-eagle-drift/articles/smart-goals-what-does-it-stand-for","smart-goals-what-does-it-stand-for","0"
"indeed smart goals","D:/Website Goal Planner/vigilant-eagle-drift/articles/smart-goals-indeed","smart-goals-indeed","0"
"individual smart goals for work","D:/Website Goal Planner/vigilant-eagle-drift/articles/D:/Website Goal Planner/vigilant-eagle-drift/articles/smart-goals-for-work","D:/Website Goal Planner/vigilant-eagle-drift/articles/smart-goals-for-work","0"
"information technology smart goals examples","D:/Website Goal Planner/vigilant-eagle-drift/articles/D:/Website Goal Planner/vigilant-eagle-drift/articles/technology-smart-goals-examples","D:/Website Goal Planner/vigilant-eagle-drift/articles/technology-smart-goals-examples","0"
"innovation smart goals examples","D:/Website Goal Planner/vigilant-eagle-drift/articles/beat-procrastination-and-stay-productive","beat-procrastination-and-stay-productive|stay-focused-without-distractions|daily-productivity-routine","0"
"inspirational quotes about life challenges","D:/Website Goal Planner/vigilant-eagle-drift/articles/D:/Website Goal Planner/vigilant-eagle-drift/articles/best-motivational-quotes-2026","D:/Website Goal Planner/vigilant-eagle-drift/articles/best-motivational-quotes-2026","0"
"inspirational quotes about self-improvement","D:/Website Goal Planner/vigilant-eagle-drift/articles/D:/Website Goal Planner/vigilant-eagle-drift/articles/best-motivational-quotes-2026","D:/Website Goal Planner/vigilant-eagle-drift/articles/best-motivational-quotes-2026|D:/Website Goal Planner/vigilant-eagle-drift/articles/self-improvement-plan-2026","0"
"inspirational quotes for building good habits","D:/Website Goal Planner/vigilant-eagle-drift/articles/D:/Website Goal Planner/vigilant-eagle-drift/articles/how-to-build-good-habits-step-by-step","D:/Website Goal Planner/vigilant-eagle-drift/articles/how-to-build-good-habits-step-by-step","0"
"inspirational quotes for students in exams","D:/Website Goal Planner/vigilant-eagle-drift/articles/best-motivational-quotes-2026","best-motivational-quotes-2026|quotes-for-success-and-determination|motivational-speakers-and-influencers","0"
"inspirational quotes to stay focused on success","D:/Website Goal Planner/vigilant-eagle-drift/articles/D:/Website Goal Planner/vigilant-eagle-drift/articles/quotes-for-success-and-determination","D:/Website Goal Planner/vigilant-eagle-drift/articles/quotes-for-success-and-determination","0"
"inspiring quotes to start your day","D:/Website Goal Planner/vigilant-eagle-drift/articles/D:/Website Goal Planner/vigilant-eagle-drift/articles/build-a-productive-morning-routine","D:/Website Goal Planner/vigilant-eagle-drift/articles/build-a-productive-morning-routine","0"
"intellectual wellness smart goals","D:/Website Goal Planner/vigilant-eagle-drift/articles/emotional-wellness-smart-goals","emotional-wellness-smart-goals","0"
"intermediate goals should be smart and over 5 years","D:/Website Goal Planner/vigilant-eagle-drift/articles/D:/Website Goal Planner/vigilant-eagle-drift/articles/goals-should-be-smart","D:/Website Goal Planner/vigilant-eagle-drift/articles/goals-should-be-smart","0"
"internal communication smart goals examples","D:/Website Goal Planner/vigilant-eagle-drift/articles/D:/Website Goal Planner/vigilant-eagle-drift/articles/communication-smart-goal","D:/Website Goal Planner/vigilant-eagle-drift/articles/communication-smart-goal","0"
"internship smart goals","D:/Website Goal Planner/vigilant-eagle-drift/articles/smart-goals-for-internship-examples","smart-goals-for-internship-examples|smart-goals-internship-examples","0"
"internship smart goals examples","D:/Website Goal Planner/vigilant-eagle-drift/articles/smart-goals-for-internship-examples","smart-goals-for-internship-examples|smart-goals-internship-examples","0"
"ismart goals","D:/Website Goal Planner/vigilant-eagle-drift/articles/beat-procrastination-and-stay-productive","beat-procrastination-and-stay-productive|stay-focused-without-distractions|daily-productivity-routine","0"
"it smart goals","D:/Website Goal Planner/vigilant-eagle-drift/articles/smart-goals-for-it-managers","smart-goals-for-it-managers|smart-goals-for-it-professionals|smart-goals-it","0"
"it smart goals examples","D:/Website Goal Planner/vigilant-eagle-drift/articles/smart-goals-for-it-managers","smart-goals-for-it-managers|smart-goals-for-it-professionals|smart-goals-it","0"
"job specific goals","D:/Website Goal Planner/vigilant-eagle-drift/articles/D:/Website Goal Planner/vigilant-eagle-drift/articles/specific-goals","D:/Website Goal Planner/vigilant-eagle-drift/articles/specific-goals","0"
"job specific goals examples","D:/Website Goal Planner/vigilant-eagle-drift/articles/D:/Website Goal Planner/vigilant-eagle-drift/articles/specific-goals-examples","D:/Website Goal Planner/vigilant-eagle-drift/articles/specific-goals-examples|D:/Website Goal Planner/vigilant-eagle-drift/articles/specific-goals","0"
"kpi smart goals examples","D:/Website Goal Planner/vigilant-eagle-drift/articles/D:/Website Goal Planner/vigilant-eagle-drift/articles/kpi-smart-goals-examples","D:/Website Goal Planner/vigilant-eagle-drift/articles/kpi-smart-goals-examples","0"
"leadership development smart goals examples","D:/Website Goal Planner/vigilant-eagle-drift/articles/D:/Website Goal Planner/vigilant-eagle-drift/articles/leadership-development-smart-goals-examples","D:/Website Goal Planner/vigilant-eagle-drift/articles/leadership-development-smart-goals-examples","0"
"learning objectives smart examples","D:/Website Goal Planner/vigilant-eagle-drift/articles/D:/Website Goal Planner/vigilant-eagle-drift/articles/smart-examples","D:/Website Goal Planner/vigilant-eagle-drift/articles/smart-examples","0"
"Les Brown motivational videos for personal growth","D:/Website Goal Planner/vigilant-eagle-drift/articles/D:/Website Goal Planner/vigilant-eagle-drift/articles/motivational-speakers-and-influencers","D:/Website Goal Planner/vigilant-eagle-drift/articles/motivational-speakers-and-influencers|D:/Website Goal Planner/vigilant-eagle-drift/articles/self-improvement-plan-2026","0"
"Les Brown quotes about persistence and success","D:/Website Goal Planner/vigilant-eagle-drift/articles/D:/Website Goal Planner/vigilant-eagle-drift/articles/quotes-for-success-and-determination","D:/Website Goal Planner/vigilant-eagle-drift/articles/quotes-for-success-and-determination|D:/Website Goal Planner/vigilant-eagle-drift/articles/quotes-for-discipline-and-hard-work|D:/Website Goal Planner/vigilant-eagle-drift/articles/motivational-speakers-and-influencers","0"
"life goals bni","D:/Website Goal Planner/vigilant-eagle-drift/articles/stay-focused-without-distractions","stay-focused-without-distractions|daily-productivity-routine|build-discipline-and-consistency","0"
"life goals ccf pdf","D:/Website Goal Planner/vigilant-eagle-drift/articles/stay-focused-without-distractions","stay-focused-without-distractions","0"
"life goals examples","D:/Website Goal Planner/vigilant-eagle-drift/articles/stay-focused-without-distractions","stay-focused-without-distractions|daily-productivity-routine|build-discipline-and-consistency","0"
"life goals meaning","D:/Website Goal Planner/vigilant-eagle-drift/articles/stay-focused-without-distractions","stay-focused-without-distractions|daily-productivity-routine|build-discipline-and-consistency","0"
"life goals pdf","D:/Website Goal Planner/vigilant-eagle-drift/articles/stay-focused-without-distractions","stay-focused-without-distractions","0"
"life goals planner template","D:/Website Goal Planner/vigilant-eagle-drift/articles/stay-focused-without-distractions","stay-focused-without-distractions|habit-tracking-with-a-planner-app|build-discipline-and-consistency","0"
"life goals quotes","D:/Website Goal Planner/vigilant-eagle-drift/articles/build-discipline-and-consistency","build-discipline-and-consistency|mindset-shifts-for-success|quotes-for-success-and-determination","0"
"life goals template","D:/Website Goal Planner/vigilant-eagle-drift/articles/stay-focused-without-distractions","stay-focused-without-distractions|daily-productivity-routine|habit-tracking-with-a-planner-app","0"
"life goals worksheet","D:/Website Goal Planner/vigilant-eagle-drift/articles/stay-focused-without-distractions","stay-focused-without-distractions|daily-productivity-routine|build-discipline-and-consistency","0"
"life goals worksheet pdf","D:/Website Goal Planner/vigilant-eagle-drift/articles/stay-focused-without-distractions","stay-focused-without-distractions|how-to-set-goals-and-actually-achieve-them","0"
"life planner adalah","D:/Website Goal Planner/vigilant-eagle-drift/articles/stay-focused-without-distractions","stay-focused-without-distractions|build-discipline-and-consistency|restart-your-life-and-stay-focused","0"
"life planner adhd","D:/Website Goal Planner/vigilant-eagle-drift/articles/stay-focused-without-distractions","stay-focused-without-distractions|build-discipline-and-consistency|restart-your-life-and-stay-focused","0"
"life planner ai","D:/Website Goal Planner/vigilant-eagle-drift/articles/stay-focused-without-distractions","stay-focused-without-distractions|build-discipline-and-consistency|restart-your-life-and-stay-focused","0"
"life planner aia","D:/Website Goal Planner/vigilant-eagle-drift/articles/stay-focused-without-distractions","stay-focused-without-distractions|build-discipline-and-consistency|restart-your-life-and-stay-focused","0"
"life planner aia job description","D:/Website Goal Planner/vigilant-eagle-drift/articles/stay-focused-without-distractions","stay-focused-without-distractions|build-discipline-and-consistency|restart-your-life-and-stay-focused","0"
"life planner amazon","D:/Website Goal Planner/vigilant-eagle-drift/articles/stay-focused-without-distractions","stay-focused-without-distractions|build-discipline-and-consistency|restart-your-life-and-stay-focused","0"
"life planner app","D:/Website Goal Planner/vigilant-eagle-drift/articles/stay-focused-without-distractions","stay-focused-without-distractions|daily-planner-guide-2026|digital-planner-vs-paper","8"
"life planner app for neurodivergent","D:/Website Goal Planner/vigilant-eagle-drift/articles/stay-focused-without-distractions","stay-focused-without-distractions|daily-planner-guide-2026|digital-planner-vs-paper","0"
"life planner app free","D:/Website Goal Planner/vigilant-eagle-drift/articles/daily-planner-guide-2026","daily-planner-guide-2026|habit-tracking-with-a-planner-app|how-to-create-a-daily-schedule-that-works-2026","0"
"life planner at enterprise life","D:/Website Goal Planner/vigilant-eagle-drift/articles/stay-focused-without-distractions","stay-focused-without-distractions|build-discipline-and-consistency|restart-your-life-and-stay-focused","0"
"life planner for adhd","D:/Website Goal Planner/vigilant-eagle-drift/articles/stay-focused-without-distractions","stay-focused-without-distractions|build-discipline-and-consistency|restart-your-life-and-stay-focused","0"
"life planner template free","D:/Website Goal Planner/vigilant-eagle-drift/articles/daily-planner-guide-2026","daily-planner-guide-2026|habit-tracking-with-a-planner-app|how-to-create-a-daily-schedule-that-works-2026","0"
"life planner template free download","D:/Website Goal Planner/vigilant-eagle-drift/articles/daily-planner-guide-2026","daily-planner-guide-2026|habit-tracking-with-a-planner-app|how-to-create-a-daily-schedule-that-works-2026","0"
"list and describe each element of creating smart goals","D:/Website Goal Planner/vigilant-eagle-drift/articles/D:/Website Goal Planner/vigilant-eagle-drift/articles/creating-smart-goals","D:/Website Goal Planner/vigilant-eagle-drift/articles/creating-smart-goals","0"
"list of smart goals","D:/Website Goal Planner/vigilant-eagle-drift/articles/habit-tracking-with-a-planner-app","habit-tracking-with-a-planner-app|creating-smart-goals|list-of-smart-goals-for-administrative-assistants","0"
"list of smart goals for administrative assistants","D:/Website Goal Planner/vigilant-eagle-drift/articles/D:/Website Goal Planner/vigilant-eagle-drift/articles/list-of-smart-goals-for-administrative-assistants","D:/Website Goal Planner/vigilant-eagle-drift/articles/list-of-smart-goals-for-administrative-assistants|D:/Website Goal Planner/vigilant-eagle-drift/articles/smart-goals-for-administrative-assistants","16"
"list of smart objectives","D:/Website Goal Planner/vigilant-eagle-drift/articles/daily-planner-guide-2026","daily-planner-guide-2026|habit-tracking-with-a-planner-app|how-to-create-a-daily-schedule-that-works-2026","0"
"long term personal smart goals examples","D:/Website Goal Planner/vigilant-eagle-drift/articles/D:/Website Goal Planner/vigilant-eagle-drift/articles/personal-smart-goals-examples","D:/Website Goal Planner/vigilant-eagle-drift/articles/personal-smart-goals-examples","0"
"long term smart goal","D:/Website Goal Planner/vigilant-eagle-drift/articles/quotes-for-success-and-determination","quotes-for-success-and-determination","0"
"long term smart goal examples","D:/Website Goal Planner/vigilant-eagle-drift/articles/quotes-for-success-and-determination","quotes-for-success-and-determination","0"
"long term smart goals examples for students","D:/Website Goal Planner/vigilant-eagle-drift/articles/D:/Website Goal Planner/vigilant-eagle-drift/articles/smart-goals-examples-for-students","D:/Website Goal Planner/vigilant-eagle-drift/articles/smart-goals-examples-for-students|D:/Website Goal Planner/vigilant-eagle-drift/articles/long-term-smart-goals-examples-for-students","0"
"m in smart goals","D:/Website Goal Planner/vigilant-eagle-drift/articles/beat-procrastination-and-stay-productive","beat-procrastination-and-stay-productive|stay-focused-without-distractions|daily-productivity-routine","0"
"m in smart goals stands for","D:/Website Goal Planner/vigilant-eagle-drift/articles/smart-goals-acronym","smart-goals-acronym|smart-criteria|goals-should-be-smart","0"
"make your goals smart","D:/Website Goal Planner/vigilant-eagle-drift/articles/stay-focused-without-distractions","stay-focused-without-distractions|daily-productivity-routine|habit-tracking-with-a-planner-app","0"
"making smart goals","D:/Website Goal Planner/vigilant-eagle-drift/articles/D:/Website Goal Planner/vigilant-eagle-drift/articles/making-smart-goals","D:/Website Goal Planner/vigilant-eagle-drift/articles/making-smart-goals","0"
"making smart goals smarter","D:/Website Goal Planner/vigilant-eagle-drift/articles/D:/Website Goal Planner/vigilant-eagle-drift/articles/making-smart-goals","D:/Website Goal Planner/vigilant-eagle-drift/articles/making-smart-goals","0"
"management center smartie goals","D:/Website Goal Planner/vigilant-eagle-drift/articles/quotes-for-success-and-determination","quotes-for-success-and-determination|smart-criteria|smart-goals-for-students","0"
"manifestation planner","D:/Website Goal Planner/vigilant-eagle-drift/articles/stay-focused-without-distractions","stay-focused-without-distractions|organize-daily-tasks-system|daily-planner-guide-2026","0"
"manifestation planner 2025","NO_COVERAGE","","0"
"manifestation planner 2026","D:/Website Goal Planner/vigilant-eagle-drift/articles/daily-planner-guide-2026","daily-planner-guide-2026|how-to-create-a-daily-schedule-that-works-2026|weekly-planning-template-2026","0"
"manifestation planner amazon","NO_COVERAGE","","0"
"manifestation planner etsy","NO_COVERAGE","","0"
"manifestation planner journal","NO_COVERAGE","","0"
"manifestation planner pdf","D:/Website Goal Planner/vigilant-eagle-drift/articles/stay-focused-without-distractions","stay-focused-without-distractions|daily-planner-guide-2026|habit-tracking-with-a-planner-app","0"
"manifestation planner pdf free","D:/Website Goal Planner/vigilant-eagle-drift/articles/daily-planner-guide-2026","daily-planner-guide-2026|habit-tracking-with-a-planner-app|how-to-create-a-daily-schedule-that-works-2026","0"
"manifestation planner template","D:/Website Goal Planner/vigilant-eagle-drift/articles/daily-planner-guide-2026","daily-planner-guide-2026|habit-tracking-with-a-planner-app|how-to-create-a-daily-schedule-that-works-2026","0"
"manufacturing smart goals examples","D:/Website Goal Planner/vigilant-eagle-drift/articles/beat-procrastination-and-stay-productive","beat-procrastination-and-stay-productive|stay-focused-without-distractions|daily-productivity-routine","0"
"marketing plan smart objectives examples","D:/Website Goal Planner/vigilant-eagle-drift/articles/D:/Website Goal Planner/vigilant-eagle-drift/articles/smart-objectives-examples","D:/Website Goal Planner/vigilant-eagle-drift/articles/smart-objectives-examples","0"
"measurable achievable realistic smart","D:/Website Goal Planner/vigilant-eagle-drift/articles/smart-specific-measurable","smart-specific-measurable|smart-measurable|smart-specific-measurable-achievable","0"
"measurable attainable","D:/Website Goal Planner/vigilant-eagle-drift/articles/smart-specific-measurable","smart-specific-measurable|smart-measurable|goal-setting-specific","0"
"measurable business goals","D:/Website Goal Planner/vigilant-eagle-drift/articles/measurable-goals","measurable-goals","0"
"measurable business objectives","D:/Website Goal Planner/vigilant-eagle-drift/articles/measurable-goals","measurable-goals","0"
"measurable business objectives examples","D:/Website Goal Planner/vigilant-eagle-drift/articles/measurable-goals","measurable-goals","0"
"measurable career goals","D:/Website Goal Planner/vigilant-eagle-drift/articles/stay-focused-without-distractions","stay-focused-without-distractions|smart-goals-examples|smart-goals-examples-for-students","0"
"measurable communication goals","D:/Website Goal Planner/vigilant-eagle-drift/articles/measurable-communication-goals-examples","measurable-communication-goals-examples","0"
"measurable communication goals examples","D:/Website Goal Planner/vigilant-eagle-drift/articles/D:/Website Goal Planner/vigilant-eagle-drift/articles/measurable-communication-goals-examples","D:/Website Goal Planner/vigilant-eagle-drift/articles/measurable-communication-goals-examples","0"
"measurable goals","D:/Website Goal Planner/vigilant-eagle-drift/articles/D:/Website Goal Planner/vigilant-eagle-drift/articles/measurable-goals","D:/Website Goal Planner/vigilant-eagle-drift/articles/measurable-goals","0"
"measurable goals and objectives examples","D:/Website Goal Planner/vigilant-eagle-drift/articles/D:/Website Goal Planner/vigilant-eagle-drift/articles/measurable-goals","D:/Website Goal Planner/vigilant-eagle-drift/articles/measurable-goals","0"
"measurable goals examples","D:/Website Goal Planner/vigilant-eagle-drift/articles/D:/Website Goal Planner/vigilant-eagle-drift/articles/measurable-goals","D:/Website Goal Planner/vigilant-eagle-drift/articles/measurable-goals|D:/Website Goal Planner/vigilant-eagle-drift/articles/measurable-goals-examples","0"
"measurable goals examples for students","D:/Website Goal Planner/vigilant-eagle-drift/articles/D:/Website Goal Planner/vigilant-eagle-drift/articles/measurable-goals","D:/Website Goal Planner/vigilant-eagle-drift/articles/measurable-goals|D:/Website Goal Planner/vigilant-eagle-drift/articles/measurable-goals-examples","0"
"measurable goals examples for work","D:/Website Goal Planner/vigilant-eagle-drift/articles/D:/Website Goal Planner/vigilant-eagle-drift/articles/measurable-goals","D:/Website Goal Planner/vigilant-eagle-drift/articles/measurable-goals|D:/Website Goal Planner/vigilant-eagle-drift/articles/measurable-goals-examples","0"
"measurable goals for administrative assistants","D:/Website Goal Planner/vigilant-eagle-drift/articles/D:/Website Goal Planner/vigilant-eagle-drift/articles/measurable-goals","D:/Website Goal Planner/vigilant-eagle-drift/articles/measurable-goals","0"
"measurable goals for an office manager","D:/Website Goal Planner/vigilant-eagle-drift/articles/D:/Website Goal Planner/vigilant-eagle-drift/articles/measurable-goals","D:/Website Goal Planner/vigilant-eagle-drift/articles/measurable-goals","0"
"measurable goals for employees","D:/Website Goal Planner/vigilant-eagle-drift/articles/D:/Website Goal Planner/vigilant-eagle-drift/articles/measurable-goals","D:/Website Goal Planner/vigilant-eagle-drift/articles/measurable-goals|D:/Website Goal Planner/vigilant-eagle-drift/articles/measurable-goals-for-employees","0"
"measurable goals for students","D:/Website Goal Planner/vigilant-eagle-drift/articles/D:/Website Goal Planner/vigilant-eagle-drift/articles/measurable-goals","D:/Website Goal Planner/vigilant-eagle-drift/articles/measurable-goals","0"
"measurable goals for work","D:/Website Goal Planner/vigilant-eagle-drift/articles/D:/Website Goal Planner/vigilant-eagle-drift/articles/measurable-goals","D:/Website Goal Planner/vigilant-eagle-drift/articles/measurable-goals|D:/Website Goal Planner/vigilant-eagle-drift/articles/measurable-goals-for-work","0"
"measurable goals in business","D:/Website Goal Planner/vigilant-eagle-drift/articles/D:/Website Goal Planner/vigilant-eagle-drift/articles/measurable-goals","D:/Website Goal Planner/vigilant-eagle-drift/articles/measurable-goals","0"
"measurable in goal setting","D:/Website Goal Planner/vigilant-eagle-drift/articles/goal-setting-measurable","goal-setting-measurable|goal-setting-specific|goal-setting-specific-measurable-attainable-realistic","0"
"measurable in smart","D:/Website Goal Planner/vigilant-eagle-drift/articles/smart-targets","smart-targets|measurable-goals|measurable-goals-for-work","0"
"measurable in smart goals examples","D:/Website Goal Planner/vigilant-eagle-drift/articles/measurable-goals","measurable-goals|measurable-goals-for-work|measurable-goals-examples","0"
"measurable in smart objectives","D:/Website Goal Planner/vigilant-eagle-drift/articles/measurable-goals","measurable-goals|example-of-measurable-objectives|smart-objectives-measurable","0"
"measurable internship goals examples","D:/Website Goal Planner/vigilant-eagle-drift/articles/measurable-goals","measurable-goals|measurable-goals-for-work|measurable-goals-examples","0"
"measurable leadership goals","D:/Website Goal Planner/vigilant-eagle-drift/articles/smart-goals-examples-for-work","smart-goals-examples-for-work|smart-leadership-goals-examples|measurable-goals","0"
"measurable marketing goals","D:/Website Goal Planner/vigilant-eagle-drift/articles/measurable-goals","measurable-goals|measurable-goals-for-work|measurable-goals-examples","0"
"measurable marketing objectives","D:/Website Goal Planner/vigilant-eagle-drift/articles/smart-objectives","smart-objectives|smart-objectives-examples|smart-acronym","0"
"measurable objectives examples in research","D:/Website Goal Planner/vigilant-eagle-drift/articles/smart-objectives-examples","smart-objectives-examples|measurable-goals|example-of-measurable-objectives","0"
"measurable performance goals","D:/Website Goal Planner/vigilant-eagle-drift/articles/development-goals-examples","development-goals-examples|measurable-goals|smart-performance-goals-examples","0"
"measurable personal goals","D:/Website Goal Planner/vigilant-eagle-drift/articles/smart-goals-examples-for-work","smart-goals-examples-for-work|smart-targets|smart-goals-examples-for-students","0"
"measurable professional goals","D:/Website Goal Planner/vigilant-eagle-drift/articles/smart-goals-examples-for-work","smart-goals-examples-for-work|development-goals-examples|measurable-goals","0"
"measurable sales goals","D:/Website Goal Planner/vigilant-eagle-drift/articles/measurable-goals","measurable-goals|measurable-goals-for-work|measurable-goals-examples","0"
"measurable short term goals","D:/Website Goal Planner/vigilant-eagle-drift/articles/smart-goals-examples-for-students","smart-goals-examples-for-students|smart-method|short-term-smart-goals-examples","0"
"measurable smart goals examples","D:/Website Goal Planner/vigilant-eagle-drift/articles/measurable-goals","measurable-goals|measurable-goals-for-work|measurable-goals-examples","0"
"measurable steps to the goal","D:/Website Goal Planner/vigilant-eagle-drift/articles/smart-goals","smart-goals|a-measurable-goal|a-smart-goal-should-be-measurable-so-you-can","0"
"measurable targets","D:/Website Goal Planner/vigilant-eagle-drift/articles/smart-targets","smart-targets|smart-targets-measurable","0"
"measurable team goals","D:/Website Goal Planner/vigilant-eagle-drift/articles/examples-of-measurable-team-goals","examples-of-measurable-team-goals","0"
"measurable work goals examples","D:/Website Goal Planner/vigilant-eagle-drift/articles/measurable-goals","measurable-goals|measurable-goals-for-work|measurable-goals-examples","0"
"measure goals examples","D:/Website Goal Planner/vigilant-eagle-drift/articles/beat-procrastination-and-stay-productive","beat-procrastination-and-stay-productive|stay-focused-without-distractions|daily-productivity-routine","0"
"measure smart goals","D:/Website Goal Planner/vigilant-eagle-drift/articles/beat-procrastination-and-stay-productive","beat-procrastination-and-stay-productive|stay-focused-without-distractions|daily-productivity-routine","0"
"medium term smart goals examples for students","D:/Website Goal Planner/vigilant-eagle-drift/articles/D:/Website Goal Planner/vigilant-eagle-drift/articles/smart-goals-examples-for-students","D:/Website Goal Planner/vigilant-eagle-drift/articles/smart-goals-examples-for-students","0"
"mental smart goals examples","D:/Website Goal Planner/vigilant-eagle-drift/articles/mindset-shifts-for-success","mindset-shifts-for-success|smart-goals-for-mental-health-examples|smart-goals-mental-health-examples","0"
"mentee smart goals examples","D:/Website Goal Planner/vigilant-eagle-drift/articles/smart-mentee-goals-examples","smart-mentee-goals-examples","0"
"mentoring smart goals examples","D:/Website Goal Planner/vigilant-eagle-drift/articles/smart-mentoring-goals-examples","smart-mentoring-goals-examples|smart-goals-for-mentoring|smart-goals-for-mentoring-examples","0"
"michael hyatt smarter goals","D:/Website Goal Planner/vigilant-eagle-drift/articles/smarter-goals-michael-hyatt","smarter-goals-michael-hyatt","0"
"microsoft to do alternative","NO_COVERAGE","","0"
"mind tools smart goals","D:/Website Goal Planner/vigilant-eagle-drift/articles/smart-goals-mind-tools","smart-goals-mind-tools","0"
"mindfulness smart goals examples","D:/Website Goal Planner/vigilant-eagle-drift/articles/smart-goals-for-mindfulness","smart-goals-for-mindfulness","0"
"mindset exercises for success and happiness","D:/Website Goal Planner/vigilant-eagle-drift/articles/D:/Website Goal Planner/vigilant-eagle-drift/articles/mindset-shifts-for-success","D:/Website Goal Planner/vigilant-eagle-drift/articles/mindset-shifts-for-success|D:/Website Goal Planner/vigilant-eagle-drift/articles/quotes-for-success-and-determination|D:/Website Goal Planner/vigilant-eagle-drift/articles/growth-mindset-exercises-2026","0"
"mindset shifts to improve your life","D:/Website Goal Planner/vigilant-eagle-drift/articles/D:/Website Goal Planner/vigilant-eagle-drift/articles/mindset-shifts-for-success","D:/Website Goal Planner/vigilant-eagle-drift/articles/mindset-shifts-for-success","0"
"mindset techniques to overcome fear","D:/Website Goal Planner/vigilant-eagle-drift/articles/D:/Website Goal Planner/vigilant-eagle-drift/articles/overcome-fear-and-anxiety","D:/Website Goal Planner/vigilant-eagle-drift/articles/overcome-fear-and-anxiety","0"
"mindset tips to stay disciplined and focused","D:/Website Goal Planner/vigilant-eagle-drift/articles/D:/Website Goal Planner/vigilant-eagle-drift/articles/build-discipline-and-consistency","D:/Website Goal Planner/vigilant-eagle-drift/articles/build-discipline-and-consistency|D:/Website Goal Planner/vigilant-eagle-drift/articles/quotes-for-discipline-and-hard-work","0"
"mindtools smart goals","D:/Website Goal Planner/vigilant-eagle-drift/articles/https-www-mindtools-com-pages-article-smart-goals-htm","https-www-mindtools-com-pages-article-smart-goals-htm","0"
"motivational influencers to follow for self-growth","D:/Website Goal Planner/vigilant-eagle-drift/articles/D:/Website Goal Planner/vigilant-eagle-drift/articles/motivational-speakers-and-influencers","D:/Website Goal Planner/vigilant-eagle-drift/articles/motivational-speakers-and-influencers","0"
"motivational messages for daily personal growth","D:/Website Goal Planner/vigilant-eagle-drift/articles/D:/Website Goal Planner/vigilant-eagle-drift/articles/self-improvement-plan-2026","D:/Website Goal Planner/vigilant-eagle-drift/articles/self-improvement-plan-2026","0"
"motivational quotes for achieving dreams","D:/Website Goal Planner/vigilant-eagle-drift/articles/quotes-for-success-and-determination","quotes-for-success-and-determination|motivational-speakers-and-influencers","0"
"motivational quotes for improving mindset","D:/Website Goal Planner/vigilant-eagle-drift/articles/build-discipline-and-consistency","build-discipline-and-consistency|overcome-fear-and-anxiety|quotes-for-success-and-determination","0"
"motivational quotes for personal growth","D:/Website Goal Planner/vigilant-eagle-drift/articles/D:/Website Goal Planner/vigilant-eagle-drift/articles/self-improvement-plan-2026","D:/Website Goal Planner/vigilant-eagle-drift/articles/self-improvement-plan-2026","0"
"motivational quotes for women in career growth","D:/Website Goal Planner/vigilant-eagle-drift/articles/best-motivational-quotes-2026","best-motivational-quotes-2026|motivational-speakers-and-influencers|self-improvement-plan-2026","0"
"motivational quotes to achieve your goals faster","D:/Website Goal Planner/vigilant-eagle-drift/articles/build-discipline-and-consistency","build-discipline-and-consistency|quotes-for-success-and-determination","0"
"motivational quotes to stay consistent","D:/Website Goal Planner/vigilant-eagle-drift/articles/D:/Website Goal Planner/vigilant-eagle-drift/articles/build-discipline-and-consistency","D:/Website Goal Planner/vigilant-eagle-drift/articles/build-discipline-and-consistency","0"
"motivational quotes to stay consistent in life","D:/Website Goal Planner/vigilant-eagle-drift/articles/D:/Website Goal Planner/vigilant-eagle-drift/articles/build-discipline-and-consistency","D:/Website Goal Planner/vigilant-eagle-drift/articles/build-discipline-and-consistency","0"
"must be smart","D:/Website Goal Planner/vigilant-eagle-drift/articles/goal-must-be-smart","goal-must-be-smart|goals-must-be-specific","0"
"my smart goal","D:/Website Goal Planner/vigilant-eagle-drift/articles/time-management-tips-and-strategies-2026","time-management-tips-and-strategies-2026|beat-procrastination-and-stay-productive|stay-focused-without-distractions","0"
"my smart goals examples","D:/Website Goal Planner/vigilant-eagle-drift/articles/specific-goals","specific-goals","0"
"my smart goals in life","D:/Website Goal Planner/vigilant-eagle-drift/articles/stay-focused-without-distractions","stay-focused-without-distractions|daily-productivity-routine|build-discipline-and-consistency","0"
"my specific goals","D:/Website Goal Planner/vigilant-eagle-drift/articles/D:/Website Goal Planner/vigilant-eagle-drift/articles/specific-goals","D:/Website Goal Planner/vigilant-eagle-drift/articles/specific-goals","0"
"nasm smart goals","D:/Website Goal Planner/vigilant-eagle-drift/articles/D:/Website Goal Planner/vigilant-eagle-drift/articles/nasm-smart-goals","D:/Website Goal Planner/vigilant-eagle-drift/articles/nasm-smart-goals","0"
"networking smart goals examples","D:/Website Goal Planner/vigilant-eagle-drift/articles/smart-goals-networking-examples","smart-goals-networking-examples","0"
"nhs smart objectives","D:/Website Goal Planner/vigilant-eagle-drift/articles/smart-objectives-examples","smart-objectives-examples|smart-objectives-nhs-examples","0"
"nhs smart objectives examples","D:/Website Goal Planner/vigilant-eagle-drift/articles/D:/Website Goal Planner/vigilant-eagle-drift/articles/smart-objectives-examples","D:/Website Goal Planner/vigilant-eagle-drift/articles/smart-objectives-examples","0"
"Nick Vujicic life story inspirational quotes","D:/Website Goal Planner/vigilant-eagle-drift/articles/D:/Website Goal Planner/vigilant-eagle-drift/articles/motivational-speakers-and-influencers","D:/Website Goal Planner/vigilant-eagle-drift/articles/motivational-speakers-and-influencers","0"
"Nick Vujicic motivational videos for teens","D:/Website Goal Planner/vigilant-eagle-drift/articles/D:/Website Goal Planner/vigilant-eagle-drift/articles/motivational-speakers-and-influencers","D:/Website Goal Planner/vigilant-eagle-drift/articles/motivational-speakers-and-influencers","0"
"Nick Vujicic quotes about life and challenges","D:/Website Goal Planner/vigilant-eagle-drift/articles/D:/Website Goal Planner/vigilant-eagle-drift/articles/motivational-speakers-and-influencers","D:/Website Goal Planner/vigilant-eagle-drift/articles/motivational-speakers-and-influencers","0"
"nike smart goals","D:/Website Goal Planner/vigilant-eagle-drift/articles/beat-procrastination-and-stay-productive","beat-procrastination-and-stay-productive|stay-focused-without-distractions|daily-productivity-routine","0"
"nike smart objectives","D:/Website Goal Planner/vigilant-eagle-drift/articles/smart-objectives","smart-objectives|smart-objectives-examples|smart-acronym","0"
"non smart goals examples","D:/Website Goal Planner/vigilant-eagle-drift/articles/beat-procrastination-and-stay-productive","beat-procrastination-and-stay-productive|stay-focused-without-distractions|daily-productivity-routine","0"
"noom smart goal","D:/Website Goal Planner/vigilant-eagle-drift/articles/time-management-tips-and-strategies-2026","time-management-tips-and-strategies-2026|beat-procrastination-and-stay-productive|stay-focused-without-distractions","0"
"notability alternative","NO_COVERAGE","","0"
"notes app alternative","NO_COVERAGE","","0"
"notion alternative","NO_COVERAGE","","0"
"nsls smart goal formula","D:/Website Goal Planner/vigilant-eagle-drift/articles/D:/Website Goal Planner/vigilant-eagle-drift/articles/smart-goal-form","D:/Website Goal Planner/vigilant-eagle-drift/articles/smart-goal-form|D:/Website Goal Planner/vigilant-eagle-drift/articles/smart-goal-formula","0"
"nsls smart goals examples","D:/Website Goal Planner/vigilant-eagle-drift/articles/beat-procrastination-and-stay-productive","beat-procrastination-and-stay-productive|stay-focused-without-distractions|daily-productivity-routine","0"
"objective must be smart","D:/Website Goal Planner/vigilant-eagle-drift/articles/goal-must-be-smart","goal-must-be-smart|goals-must-be-specific","0"
"objective setting examples","D:/Website Goal Planner/vigilant-eagle-drift/articles/D:/Website Goal Planner/vigilant-eagle-drift/articles/objective-setting-examples","D:/Website Goal Planner/vigilant-eagle-drift/articles/objective-setting-examples","0"
"objective should be smart","D:/Website Goal Planner/vigilant-eagle-drift/articles/goals-should-be-smart","goals-should-be-smart|a-smart-goal-should-be-measurable-so-you-can|goals-for-project-should-be-smart","0"
"objective smart format","D:/Website Goal Planner/vigilant-eagle-drift/articles/smart-goal-format","smart-goal-format|objective-setting-examples|smart-format-example","0"
"objective smart goals","D:/Website Goal Planner/vigilant-eagle-drift/articles/beat-procrastination-and-stay-productive","beat-procrastination-and-stay-productive|stay-focused-without-distractions|daily-productivity-routine","0"
"objectives and smart goals","D:/Website Goal Planner/vigilant-eagle-drift/articles/smart-method","smart-method|smart-criteria|measurable-goals","0"
"objectives for smart goals","D:/Website Goal Planner/vigilant-eagle-drift/articles/smart-method","smart-method|smart-criteria|measurable-goals","0"
"objectives must be smart what does smart stand for","D:/Website Goal Planner/vigilant-eagle-drift/articles/in-goal-setting-what-does-smart-stand-for","in-goal-setting-what-does-smart-stand-for|smart-goals-what-does-it-stand-for","0"
"objectives using smart method","D:/Website Goal Planner/vigilant-eagle-drift/articles/D:/Website Goal Planner/vigilant-eagle-drift/articles/smart-method","D:/Website Goal Planner/vigilant-eagle-drift/articles/smart-method","0"
"office green smart goals","D:/Website Goal Planner/vigilant-eagle-drift/articles/measurable-goals","measurable-goals|smart-goals-for-office-managers-examples","0"
"office green smart goals examples","D:/Website Goal Planner/vigilant-eagle-drift/articles/measurable-goals","measurable-goals|smart-goals-for-office-managers-examples","0"
"office manager smart goals examples","D:/Website Goal Planner/vigilant-eagle-drift/articles/measurable-goals","measurable-goals","0"
"ogsm objective examples","D:/Website Goal Planner/vigilant-eagle-drift/articles/objective-setting-examples","objective-setting-examples|a-smart-objective|smart-in-objective-setting","0"
"okr and smart goals","D:/Website Goal Planner/vigilant-eagle-drift/articles/D:/Website Goal Planner/vigilant-eagle-drift/articles/okr-and-smart-goals","D:/Website Goal Planner/vigilant-eagle-drift/articles/okr-and-smart-goals","0"
"okr smart goals","D:/Website Goal Planner/vigilant-eagle-drift/articles/D:/Website Goal Planner/vigilant-eagle-drift/articles/okr-smart-goals","D:/Website Goal Planner/vigilant-eagle-drift/articles/okr-smart-goals","0"
"organization smart goals","D:/Website Goal Planner/vigilant-eagle-drift/articles/beat-procrastination-and-stay-productive","beat-procrastination-and-stay-productive|stay-focused-without-distractions|daily-productivity-routine","0"
"organization smart goals examples","D:/Website Goal Planner/vigilant-eagle-drift/articles/beat-procrastination-and-stay-productive","beat-procrastination-and-stay-productive|stay-focused-without-distractions|daily-productivity-routine","0"
"paraprofessional smart goals examples","D:/Website Goal Planner/vigilant-eagle-drift/articles/beat-procrastination-and-stay-productive","beat-procrastination-and-stay-productive|stay-focused-without-distractions|daily-productivity-routine","0"
"patient smart goals examples","D:/Website Goal Planner/vigilant-eagle-drift/articles/beat-procrastination-and-stay-productive","beat-procrastination-and-stay-productive|stay-focused-without-distractions|daily-productivity-routine","0"
"pdr smart objectives examples","D:/Website Goal Planner/vigilant-eagle-drift/articles/D:/Website Goal Planner/vigilant-eagle-drift/articles/smart-objectives-examples","D:/Website Goal Planner/vigilant-eagle-drift/articles/smart-objectives-examples","0"
"peer graded assignment activity define and determine smart project goals","D:/Website Goal Planner/vigilant-eagle-drift/articles/D:/Website Goal Planner/vigilant-eagle-drift/articles/define-and-determine-smart-project-goals","D:/Website Goal Planner/vigilant-eagle-drift/articles/define-and-determine-smart-project-goals","0"
"penly alternative","NO_COVERAGE","","0"
"performance and development goals examples","D:/Website Goal Planner/vigilant-eagle-drift/articles/D:/Website Goal Planner/vigilant-eagle-drift/articles/development-goals-examples","D:/Website Goal Planner/vigilant-eagle-drift/articles/development-goals-examples|D:/Website Goal Planner/vigilant-eagle-drift/articles/performance-and-development-goals-examples","0"
"performance management smart goals","D:/Website Goal Planner/vigilant-eagle-drift/articles/D:/Website Goal Planner/vigilant-eagle-drift/articles/performance-management-smart-goals","D:/Website Goal Planner/vigilant-eagle-drift/articles/performance-management-smart-goals","0"
"personal communication goals examples","D:/Website Goal Planner/vigilant-eagle-drift/articles/smart-goals-examples-for-work","smart-goals-examples-for-work|smart-goals-examples-for-students|smart-goals-for-work","0"
"personal development books","D:/Website Goal Planner/vigilant-eagle-drift/articles/D:/Website Goal Planner/vigilant-eagle-drift/articles/self-improvement-plan-2026","D:/Website Goal Planner/vigilant-eagle-drift/articles/self-improvement-plan-2026","0"
"personal development courses","D:/Website Goal Planner/vigilant-eagle-drift/articles/D:/Website Goal Planner/vigilant-eagle-drift/articles/self-improvement-plan-2026","D:/Website Goal Planner/vigilant-eagle-drift/articles/self-improvement-plan-2026","0"
"personal development goals","D:/Website Goal Planner/vigilant-eagle-drift/articles/D:/Website Goal Planner/vigilant-eagle-drift/articles/self-improvement-plan-2026","D:/Website Goal Planner/vigilant-eagle-drift/articles/self-improvement-plan-2026","0"
"personal development meaning in urdu","D:/Website Goal Planner/vigilant-eagle-drift/articles/D:/Website Goal Planner/vigilant-eagle-drift/articles/self-improvement-plan-2026","D:/Website Goal Planner/vigilant-eagle-drift/articles/self-improvement-plan-2026","0"
"personal development pdf","D:/Website Goal Planner/vigilant-eagle-drift/articles/D:/Website Goal Planner/vigilant-eagle-drift/articles/self-improvement-plan-2026","D:/Website Goal Planner/vigilant-eagle-drift/articles/self-improvement-plan-2026","0"
"personal development plan","D:/Website Goal Planner/vigilant-eagle-drift/articles/D:/Website Goal Planner/vigilant-eagle-drift/articles/self-improvement-plan-2026","D:/Website Goal Planner/vigilant-eagle-drift/articles/self-improvement-plan-2026","0"
"personal development plan pdf","D:/Website Goal Planner/vigilant-eagle-drift/articles/D:/Website Goal Planner/vigilant-eagle-drift/articles/self-improvement-plan-2026","D:/Website Goal Planner/vigilant-eagle-drift/articles/self-improvement-plan-2026","0"
"personal development plan smart","D:/Website Goal Planner/vigilant-eagle-drift/articles/D:/Website Goal Planner/vigilant-eagle-drift/articles/self-improvement-plan-2026","D:/Website Goal Planner/vigilant-eagle-drift/articles/self-improvement-plan-2026","0"
"personal development plan smart goals examples","D:/Website Goal Planner/vigilant-eagle-drift/articles/D:/Website Goal Planner/vigilant-eagle-drift/articles/self-improvement-plan-2026","D:/Website Goal Planner/vigilant-eagle-drift/articles/self-improvement-plan-2026","0"
"personal development plan template","D:/Website Goal Planner/vigilant-eagle-drift/articles/D:/Website Goal Planner/vigilant-eagle-drift/articles/self-improvement-plan-2026","D:/Website Goal Planner/vigilant-eagle-drift/articles/self-improvement-plan-2026","0"
"personal development plan with smart objectives","D:/Website Goal Planner/vigilant-eagle-drift/articles/smart-objectives-examples","smart-objectives-examples|smart-objectives-for-personal-development|smart-personal-development-plan-example","0"
"personal development program","D:/Website Goal Planner/vigilant-eagle-drift/articles/motivational-speakers-and-influencers","motivational-speakers-and-influencers|smart-targets|smart-goals-for-work","0"
"personal development skills","D:/Website Goal Planner/vigilant-eagle-drift/articles/motivational-speakers-and-influencers","motivational-speakers-and-influencers|smart-targets|smart-goals-for-leadership","0"
"personal development smart goals","D:/Website Goal Planner/vigilant-eagle-drift/articles/smart-goals-for-work","smart-goals-for-work|smart-goals-for-personal-development|examples-of-smart-goals-for-personal-development","0"
"personal development smart goals for work examples","D:/Website Goal Planner/vigilant-eagle-drift/articles/D:/Website Goal Planner/vigilant-eagle-drift/articles/smart-goals-for-work","D:/Website Goal Planner/vigilant-eagle-drift/articles/smart-goals-for-work","0"
"personal goal planner","D:/Website Goal Planner/vigilant-eagle-drift/articles/stay-focused-without-distractions","stay-focused-without-distractions|daily-planner-guide-2026|habit-tracking-with-a-planner-app","0"
"personal goal setting smart","D:/Website Goal Planner/vigilant-eagle-drift/articles/time-management-tips-and-strategies-2026","time-management-tips-and-strategies-2026|goal-planning-system-for-beginners|quotes-for-success-and-determination","0"
"personal goals smart","D:/Website Goal Planner/vigilant-eagle-drift/articles/smart-goals-examples-for-work","smart-goals-examples-for-work|smart-goals-examples-for-students|smart-goals-for-work","0"
"personal smart goals examples","D:/Website Goal Planner/vigilant-eagle-drift/articles/D:/Website Goal Planner/vigilant-eagle-drift/articles/personal-smart-goals-examples","D:/Website Goal Planner/vigilant-eagle-drift/articles/personal-smart-goals-examples","0"
"personal smart goals examples for students","D:/Website Goal Planner/vigilant-eagle-drift/articles/D:/Website Goal Planner/vigilant-eagle-drift/articles/smart-goals-examples-for-students","D:/Website Goal Planner/vigilant-eagle-drift/articles/smart-goals-examples-for-students|D:/Website Goal Planner/vigilant-eagle-drift/articles/personal-smart-goals-examples","0"
"personal smart goals examples for work","D:/Website Goal Planner/vigilant-eagle-drift/articles/D:/Website Goal Planner/vigilant-eagle-drift/articles/smart-goals-examples-for-work","D:/Website Goal Planner/vigilant-eagle-drift/articles/smart-goals-examples-for-work|D:/Website Goal Planner/vigilant-eagle-drift/articles/personal-smart-goals-examples|D:/Website Goal Planner/vigilant-eagle-drift/articles/personal-smart-goals-examples-for-work","0"
"personal smart objectives examples","D:/Website Goal Planner/vigilant-eagle-drift/articles/D:/Website Goal Planner/vigilant-eagle-drift/articles/smart-objectives-examples","D:/Website Goal Planner/vigilant-eagle-drift/articles/smart-objectives-examples","0"
"peter drucker smart goals","NO_COVERAGE","","0"
"planner for professionals","D:/Website Goal Planner/vigilant-eagle-drift/articles/stay-focused-without-distractions","stay-focused-without-distractions|organize-daily-tasks-system|daily-planner-guide-2026","0"
"planner for students","D:/Website Goal Planner/vigilant-eagle-drift/articles/how-to-create-a-daily-schedule-that-works-2026","how-to-create-a-daily-schedule-that-works-2026","0"
"planner ideas to improve productivity","D:/Website Goal Planner/vigilant-eagle-drift/articles/D:/Website Goal Planner/vigilant-eagle-drift/articles/daily-planner-guide-2026","D:/Website Goal Planner/vigilant-eagle-drift/articles/daily-planner-guide-2026","0"
"planning app fee calculator","D:/Website Goal Planner/vigilant-eagle-drift/articles/goal-planning-system-for-beginners","goal-planning-system-for-beginners|how-to-create-a-daily-schedule-that-works-2026","0"
"planning app fees","D:/Website Goal Planner/vigilant-eagle-drift/articles/goal-planning-system-for-beginners","goal-planning-system-for-beginners|how-to-create-a-daily-schedule-that-works-2026","0"
"planning app for adhd","D:/Website Goal Planner/vigilant-eagle-drift/articles/goal-planning-system-for-beginners","goal-planning-system-for-beginners|how-to-create-a-daily-schedule-that-works-2026","0"
"planning app for ipad","D:/Website Goal Planner/vigilant-eagle-drift/articles/goal-planning-system-for-beginners","goal-planning-system-for-beginners|how-to-create-a-daily-schedule-that-works-2026","0"
"planning app for students","D:/Website Goal Planner/vigilant-eagle-drift/articles/goal-planning-system-for-beginners","goal-planning-system-for-beginners|how-to-create-a-daily-schedule-that-works-2026","0"
"planning app for travel","D:/Website Goal Planner/vigilant-eagle-drift/articles/goal-planning-system-for-beginners","goal-planning-system-for-beginners|how-to-create-a-daily-schedule-that-works-2026","0"
"planning app free","D:/Website Goal Planner/vigilant-eagle-drift/articles/goal-planning-system-for-beginners","goal-planning-system-for-beginners|how-to-create-a-daily-schedule-that-works-2026","0"
"planning app notion","D:/Website Goal Planner/vigilant-eagle-drift/articles/goal-planning-system-for-beginners","goal-planning-system-for-beginners|how-to-create-a-daily-schedule-that-works-2026","0"
"planning app search","D:/Website Goal Planner/vigilant-eagle-drift/articles/goal-planning-system-for-beginners","goal-planning-system-for-beginners|how-to-create-a-daily-schedule-that-works-2026","0"
"planning app worshiptools","D:/Website Goal Planner/vigilant-eagle-drift/articles/goal-planning-system-for-beginners","goal-planning-system-for-beginners|how-to-create-a-daily-schedule-that-works-2026","0"
"positive quotes for work motivation daily","D:/Website Goal Planner/vigilant-eagle-drift/articles/build-discipline-and-consistency","build-discipline-and-consistency|best-motivational-quotes-2026|quotes-for-discipline-and-hard-work","0"
"positive quotes to improve your mindset","D:/Website Goal Planner/vigilant-eagle-drift/articles/mindset-shifts-for-success","mindset-shifts-for-success","0"
"positive quotes to start your day with energy","D:/Website Goal Planner/vigilant-eagle-drift/articles/D:/Website Goal Planner/vigilant-eagle-drift/articles/build-a-productive-morning-routine","D:/Website Goal Planner/vigilant-eagle-drift/articles/build-a-productive-morning-routine","0"
"powerful quotes for mental strength","D:/Website Goal Planner/vigilant-eagle-drift/articles/D:/Website Goal Planner/vigilant-eagle-drift/articles/quotes-for-tough-times","D:/Website Goal Planner/vigilant-eagle-drift/articles/quotes-for-tough-times","0"
"powerful quotes to change your mindset","D:/Website Goal Planner/vigilant-eagle-drift/articles/mindset-shifts-for-success","mindset-shifts-for-success","0"
"principles of smart goals","D:/Website Goal Planner/vigilant-eagle-drift/articles/beat-procrastination-and-stay-productive","beat-procrastination-and-stay-productive|stay-focused-without-distractions|daily-productivity-routine","0"
"problem solving smart goals examples","D:/Website Goal Planner/vigilant-eagle-drift/articles/smart-goals-for-problem-solving-skills","smart-goals-for-problem-solving-skills","0"
"process improvement smart goals examples","D:/Website Goal Planner/vigilant-eagle-drift/articles/D:/Website Goal Planner/vigilant-eagle-drift/articles/process-improvement-smart-goals-examples","D:/Website Goal Planner/vigilant-eagle-drift/articles/process-improvement-smart-goals-examples","0"
"procrastination smart goals examples","D:/Website Goal Planner/vigilant-eagle-drift/articles/D:/Website Goal Planner/vigilant-eagle-drift/articles/beat-procrastination-and-stay-productive","D:/Website Goal Planner/vigilant-eagle-drift/articles/beat-procrastination-and-stay-productive|D:/Website Goal Planner/vigilant-eagle-drift/articles/how-to-stop-procrastinating-step-by-step-2026","0"
"procurement smart goals examples","D:/Website Goal Planner/vigilant-eagle-drift/articles/D:/Website Goal Planner/vigilant-eagle-drift/articles/procurement-smart-goals-examples","D:/Website Goal Planner/vigilant-eagle-drift/articles/procurement-smart-goals-examples","5"
"product manager smart goals","D:/Website Goal Planner/vigilant-eagle-drift/articles/D:/Website Goal Planner/vigilant-eagle-drift/articles/product-manager-smart-goals","D:/Website Goal Planner/vigilant-eagle-drift/articles/product-manager-smart-goals","0"
"product owner smart goals examples","D:/Website Goal Planner/vigilant-eagle-drift/articles/smart-goals-for-product-managers","smart-goals-for-product-managers|product-manager-smart-goals|smart-goals-for-product-managers-examples","0"
"productivity hacks to save time daily","D:/Website Goal Planner/vigilant-eagle-drift/articles/D:/Website Goal Planner/vigilant-eagle-drift/articles/best-productivity-tips-for-daily-life-2026","D:/Website Goal Planner/vigilant-eagle-drift/articles/best-productivity-tips-for-daily-life-2026","0"
"productivity planner","D:/Website Goal Planner/vigilant-eagle-drift/articles/daily-planner-guide-2026","daily-planner-guide-2026|digital-planner-vs-paper","0"
"productivity planner 2026","D:/Website Goal Planner/vigilant-eagle-drift/articles/daily-planner-guide-2026","daily-planner-guide-2026","0"
"productivity planner app","D:/Website Goal Planner/vigilant-eagle-drift/articles/daily-planner-guide-2026","daily-planner-guide-2026|digital-planner-vs-paper","0"
"productivity planner diary","D:/Website Goal Planner/vigilant-eagle-drift/articles/daily-planner-guide-2026","daily-planner-guide-2026","0"
"productivity planner intelligent change","D:/Website Goal Planner/vigilant-eagle-drift/articles/daily-planner-guide-2026","daily-planner-guide-2026|digital-planner-vs-paper|mindset-shifts-for-success","0"
"productivity planner online","D:/Website Goal Planner/vigilant-eagle-drift/articles/daily-planner-guide-2026","daily-planner-guide-2026","0"
"productivity planner papier","D:/Website Goal Planner/vigilant-eagle-drift/articles/daily-planner-guide-2026","daily-planner-guide-2026|digital-planner-vs-paper","0"
"productivity planner pdf","D:/Website Goal Planner/vigilant-eagle-drift/articles/daily-planner-guide-2026","daily-planner-guide-2026","0"
"productivity planner target","D:/Website Goal Planner/vigilant-eagle-drift/articles/daily-planner-guide-2026","daily-planner-guide-2026|digital-planner-vs-paper","0"
"productivity planner template","D:/Website Goal Planner/vigilant-eagle-drift/articles/daily-planner-guide-2026","daily-planner-guide-2026","0"
"productivity planner template free","D:/Website Goal Planner/vigilant-eagle-drift/articles/daily-planner-guide-2026","daily-planner-guide-2026","0"
"productivity smart goals examples","D:/Website Goal Planner/vigilant-eagle-drift/articles/daily-productivity-routine","daily-productivity-routine|goal-tracking-system|build-a-better-routine-from-scratch","0"
"professional development goals examples for social workers","D:/Website Goal Planner/vigilant-eagle-drift/articles/D:/Website Goal Planner/vigilant-eagle-drift/articles/development-goals-examples","D:/Website Goal Planner/vigilant-eagle-drift/articles/development-goals-examples","0"
"professional development smart goals examples","D:/Website Goal Planner/vigilant-eagle-drift/articles/development-goals-examples","development-goals-examples|smart-goals-for-professional-development|smart-goals-for-professional-development-examples","0"
"professional smart goal","D:/Website Goal Planner/vigilant-eagle-drift/articles/professional-smart-goal-examples","professional-smart-goal-examples","0"
"professional smart goal examples","D:/Website Goal Planner/vigilant-eagle-drift/articles/D:/Website Goal Planner/vigilant-eagle-drift/articles/professional-smart-goal-examples","D:/Website Goal Planner/vigilant-eagle-drift/articles/professional-smart-goal-examples","0"
"professional smart goal examples for employees","D:/Website Goal Planner/vigilant-eagle-drift/articles/D:/Website Goal Planner/vigilant-eagle-drift/articles/professional-smart-goal-examples","D:/Website Goal Planner/vigilant-eagle-drift/articles/professional-smart-goal-examples","0"
"professional smart goal examples for students","D:/Website Goal Planner/vigilant-eagle-drift/articles/D:/Website Goal Planner/vigilant-eagle-drift/articles/professional-smart-goal-examples","D:/Website Goal Planner/vigilant-eagle-drift/articles/professional-smart-goal-examples","0"
"professional smart goals examples for work","D:/Website Goal Planner/vigilant-eagle-drift/articles/D:/Website Goal Planner/vigilant-eagle-drift/articles/smart-goals-examples-for-work","D:/Website Goal Planner/vigilant-eagle-drift/articles/smart-goals-examples-for-work","0"
"program manager smart goals examples","D:/Website Goal Planner/vigilant-eagle-drift/articles/measurable-goals","measurable-goals|project-manager-smart-goals-examples|smart-goals-for-customer-success-manager","0"
"project coordinator performance goals examples","D:/Website Goal Planner/vigilant-eagle-drift/articles/examples-of-smart-goals-for-project-coordinator","examples-of-smart-goals-for-project-coordinator","0"
"project management goals smart","D:/Website Goal Planner/vigilant-eagle-drift/articles/smart-criteria","smart-criteria|smart-goals-in-project-management|smart-goals-in-pr","0"
"project manager smart goals examples","D:/Website Goal Planner/vigilant-eagle-drift/articles/D:/Website Goal Planner/vigilant-eagle-drift/articles/project-manager-smart-goals-examples","D:/Website Goal Planner/vigilant-eagle-drift/articles/project-manager-smart-goals-examples","0"
"project objectives smart","D:/Website Goal Planner/vigilant-eagle-drift/articles/smart-objectives-examples","smart-objectives-examples|smart-acronym|smart-criteria","0"
"project plant pals smart goals","D:/Website Goal Planner/vigilant-eagle-drift/articles/goal-tracking-system","goal-tracking-system|smart-criteria|project-manager-smart-goals-examples","0"
"project smart goals","D:/Website Goal Planner/vigilant-eagle-drift/articles/goal-tracking-system","goal-tracking-system|smart-criteria|project-manager-smart-goals-examples","0"
"project smart goals examples","D:/Website Goal Planner/vigilant-eagle-drift/articles/goal-tracking-system","goal-tracking-system|smart-criteria|project-manager-smart-goals-examples","0"
"promotion smart goal example","D:/Website Goal Planner/vigilant-eagle-drift/articles/smart-goal-for-promotion","smart-goal-for-promotion|smart-goal-promotion-example","0"
"public speaking smart goals examples","D:/Website Goal Planner/vigilant-eagle-drift/articles/smart-goals-public-health","smart-goals-public-health","0"
"purpose of smart goals","D:/Website Goal Planner/vigilant-eagle-drift/articles/the-purpose-of-smart-goals","the-purpose-of-smart-goals","0"
"purpose of smart objectives","D:/Website Goal Planner/vigilant-eagle-drift/articles/smart-objectives","smart-objectives|smart-objectives-examples|smart-acronym","0"
"qualitative smart goals examples","D:/Website Goal Planner/vigilant-eagle-drift/articles/beat-procrastination-and-stay-productive","beat-procrastination-and-stay-productive|stay-focused-without-distractions|daily-productivity-routine","0"
"quantifiable goals","D:/Website Goal Planner/vigilant-eagle-drift/articles/beat-procrastination-and-stay-productive","beat-procrastination-and-stay-productive|stay-focused-without-distractions|daily-productivity-routine","0"
"quantifiable goals examples","D:/Website Goal Planner/vigilant-eagle-drift/articles/beat-procrastination-and-stay-productive","beat-procrastination-and-stay-productive|stay-focused-without-distractions|daily-productivity-routine","0"
"quantifiable objectives examples","D:/Website Goal Planner/vigilant-eagle-drift/articles/smart-objectives","smart-objectives|smart-objectives-examples|smart-acronym","0"
"quotes about achieving goals and success","D:/Website Goal Planner/vigilant-eagle-drift/articles/quotes-for-success-and-determination","quotes-for-success-and-determination","0"
"quotes about discipline and hard work","D:/Website Goal Planner/vigilant-eagle-drift/articles/D:/Website Goal Planner/vigilant-eagle-drift/articles/build-discipline-and-consistency","D:/Website Goal Planner/vigilant-eagle-drift/articles/build-discipline-and-consistency|D:/Website Goal Planner/vigilant-eagle-drift/articles/quotes-for-discipline-and-hard-work","0"
"quotes about success and determination","D:/Website Goal Planner/vigilant-eagle-drift/articles/D:/Website Goal Planner/vigilant-eagle-drift/articles/quotes-for-success-and-determination","D:/Website Goal Planner/vigilant-eagle-drift/articles/quotes-for-success-and-determination","0"
"quotes to overcome fear and anxiety","D:/Website Goal Planner/vigilant-eagle-drift/articles/D:/Website Goal Planner/vigilant-eagle-drift/articles/overcome-fear-and-anxiety","D:/Website Goal Planner/vigilant-eagle-drift/articles/overcome-fear-and-anxiety","0"
"quotes to stay strong during tough times","D:/Website Goal Planner/vigilant-eagle-drift/articles/D:/Website Goal Planner/vigilant-eagle-drift/articles/quotes-for-tough-times","D:/Website Goal Planner/vigilant-eagle-drift/articles/quotes-for-tough-times","0"
"r in smart goal","D:/Website Goal Planner/vigilant-eagle-drift/articles/time-management-tips-and-strategies-2026","time-management-tips-and-strategies-2026|beat-procrastination-and-stay-productive|stay-focused-without-distractions","0"
"r in smart goals stands for","D:/Website Goal Planner/vigilant-eagle-drift/articles/smart-goals-acronym","smart-goals-acronym|smart-criteria|goals-should-be-smart","0"
"realistic achievable and measurable","D:/Website Goal Planner/vigilant-eagle-drift/articles/smart-specific-measurable","smart-specific-measurable|smart-measurable|smart-specific-measurable-achievable","0"
"realistic and achievable goals","D:/Website Goal Planner/vigilant-eagle-drift/articles/smart-measurable","smart-measurable|goals-specific-measurable|goals-specific-measurable-achievable","0"
"realistic goal setting","D:/Website Goal Planner/vigilant-eagle-drift/articles/goal-setting-specific","goal-setting-specific|goal-setting-specific-measurable-attainable-realistic|specific-measurable","0"
"realistic goals examples","D:/Website Goal Planner/vigilant-eagle-drift/articles/D:/Website Goal Planner/vigilant-eagle-drift/articles/realistic-goals-examples","D:/Website Goal Planner/vigilant-eagle-drift/articles/realistic-goals-examples","0"
"realistic goals examples for students","D:/Website Goal Planner/vigilant-eagle-drift/articles/D:/Website Goal Planner/vigilant-eagle-drift/articles/realistic-goals-examples","D:/Website Goal Planner/vigilant-eagle-drift/articles/realistic-goals-examples","0"
"realistic goals to set for yourself","D:/Website Goal Planner/vigilant-eagle-drift/articles/specific-goals","specific-goals|goals-set|goals-set-for-yourself","0"
"realistic in smart","D:/Website Goal Planner/vigilant-eagle-drift/articles/smart-specific-measurable","smart-specific-measurable|smart-measurable|realistic-goals-examples","0"
"realistic in smart goals","D:/Website Goal Planner/vigilant-eagle-drift/articles/smart-measurable","smart-measurable|realistic-goals-examples|c-smart-goals","0"
"realistic in smart goals examples","D:/Website Goal Planner/vigilant-eagle-drift/articles/smart-measurable","smart-measurable|realistic-goals-examples|c-smart-goals","0"
"realistic objectives examples","D:/Website Goal Planner/vigilant-eagle-drift/articles/smart-objectives-realistic","smart-objectives-realistic|specific-measurable-achievable|specific-measurable-achievable-realistic-and-time-bound","0"
"realistic smart","D:/Website Goal Planner/vigilant-eagle-drift/articles/smart-specific-measurable","smart-specific-measurable|smart-measurable|realistic-goals-examples","0"
"realistic smart goals examples","D:/Website Goal Planner/vigilant-eagle-drift/articles/D:/Website Goal Planner/vigilant-eagle-drift/articles/c-smart-goals","D:/Website Goal Planner/vigilant-eagle-drift/articles/c-smart-goals","0"
"relationship smart goals examples","D:/Website Goal Planner/vigilant-eagle-drift/articles/examples-of-smart-goals-for-communication-and-relationship-building","examples-of-smart-goals-for-communication-and-relationship-building|examples-of-smart-goals-for-relationship-building|smart-relationship-goals","0"
"relevant goal example","D:/Website Goal Planner/vigilant-eagle-drift/articles/smart-goal-r","smart-goal-r|smart-goal-relevant-example|specific-measurable","0"
"relevant in smart","D:/Website Goal Planner/vigilant-eagle-drift/articles/smart-specific-measurable","smart-specific-measurable|smart-specific-measurable-achievable|example-of-relevant-in-smart-goals","0"
"relevant in smart goals","D:/Website Goal Planner/vigilant-eagle-drift/articles/D:/Website Goal Planner/vigilant-eagle-drift/articles/t-in-smart-goals","D:/Website Goal Planner/vigilant-eagle-drift/articles/t-in-smart-goals","0"
"relevant in smart goals example","D:/Website Goal Planner/vigilant-eagle-drift/articles/D:/Website Goal Planner/vigilant-eagle-drift/articles/t-in-smart-goals","D:/Website Goal Planner/vigilant-eagle-drift/articles/t-in-smart-goals","0"
"relevant smart","D:/Website Goal Planner/vigilant-eagle-drift/articles/smart-specific-measurable","smart-specific-measurable|smart-specific-measurable-achievable|example-of-relevant-in-smart-goals","0"
"relevant smart goal","D:/Website Goal Planner/vigilant-eagle-drift/articles/smart-goal-r","smart-goal-r|smart-goal-relevant-example|specific-measurable","0"
"relevant smart goals examples","D:/Website Goal Planner/vigilant-eagle-drift/articles/example-of-relevant-in-smart-goals","example-of-relevant-in-smart-goals|goals-specific-measurable|smart-goals-specific-measurable","0"
"research smart goals","D:/Website Goal Planner/vigilant-eagle-drift/articles/examples-of-smart-goals-for-clinical-research-coordinator","examples-of-smart-goals-for-clinical-research-coordinator|examples-of-smart-goals-for-research|smart-goals-for-research-assistants","0"
"s in smart goals stands for","D:/Website Goal Planner/vigilant-eagle-drift/articles/smart-goals-acronym","smart-goals-acronym|smart-criteria|goals-should-be-smart","0"
"sales smart goals","D:/Website Goal Planner/vigilant-eagle-drift/articles/smart-sales-goals-examples","smart-sales-goals-examples|smart-goals-for-sales-managers-examples|examples-of-smart-goals-for-increasing-sales","0"
"Sandeep Maheshwari daily motivational thoughts","D:/Website Goal Planner/vigilant-eagle-drift/articles/D:/Website Goal Planner/vigilant-eagle-drift/articles/motivational-speakers-and-influencers","D:/Website Goal Planner/vigilant-eagle-drift/articles/motivational-speakers-and-influencers","0"
"Sandeep Maheshwari motivational videos in English","D:/Website Goal Planner/vigilant-eagle-drift/articles/D:/Website Goal Planner/vigilant-eagle-drift/articles/motivational-speakers-and-influencers","D:/Website Goal Planner/vigilant-eagle-drift/articles/motivational-speakers-and-influencers","0"
"Sandeep Maheshwari success stories and tips","D:/Website Goal Planner/vigilant-eagle-drift/articles/D:/Website Goal Planner/vigilant-eagle-drift/articles/motivational-speakers-and-influencers","D:/Website Goal Planner/vigilant-eagle-drift/articles/motivational-speakers-and-influencers","0"
"self awareness smart goals examples","D:/Website Goal Planner/vigilant-eagle-drift/articles/daily-productivity-routine","daily-productivity-routine|habit-tracking-with-a-planner-app|build-discipline-and-consistency","0"
"self care smart goals","D:/Website Goal Planner/vigilant-eagle-drift/articles/self-care-smart-goals-examples","self-care-smart-goals-examples|smart-self-care-goals-examples","0"
"self care smart goals examples","D:/Website Goal Planner/vigilant-eagle-drift/articles/D:/Website Goal Planner/vigilant-eagle-drift/articles/self-care-smart-goals-examples","D:/Website Goal Planner/vigilant-eagle-drift/articles/self-care-smart-goals-examples","0"
"self esteem smart goals examples","D:/Website Goal Planner/vigilant-eagle-drift/articles/D:/Website Goal Planner/vigilant-eagle-drift/articles/self-esteem-smart-goals-examples","D:/Website Goal Planner/vigilant-eagle-drift/articles/self-esteem-smart-goals-examples","0"
"self improvement articles","D:/Website Goal Planner/vigilant-eagle-drift/articles/habit-tracking-with-a-planner-app","habit-tracking-with-a-planner-app|best-motivational-quotes-2026|smart-goals-for-self-improvement","0"
"self improvement books","D:/Website Goal Planner/vigilant-eagle-drift/articles/self-improvement-plan-2026","self-improvement-plan-2026","0"
"self improvement books in urdu","D:/Website Goal Planner/vigilant-eagle-drift/articles/self-improvement-plan-2026","self-improvement-plan-2026","0"
"self improvement courses","D:/Website Goal Planner/vigilant-eagle-drift/articles/self-improvement-plan-2026","self-improvement-plan-2026","0"
"self improvement meaning in urdu","D:/Website Goal Planner/vigilant-eagle-drift/articles/self-improvement-plan-2026","self-improvement-plan-2026","0"
"self improvement movies","D:/Website Goal Planner/vigilant-eagle-drift/articles/habit-tracking-with-a-planner-app","habit-tracking-with-a-planner-app|best-motivational-quotes-2026|smart-goals-for-self-improvement","0"
"self improvement quotes","D:/Website Goal Planner/vigilant-eagle-drift/articles/best-motivational-quotes-2026","best-motivational-quotes-2026|self-improvement-plan-2026","0"
"self improvement reddit","D:/Website Goal Planner/vigilant-eagle-drift/articles/habit-tracking-with-a-planner-app","habit-tracking-with-a-planner-app|best-motivational-quotes-2026|smart-goals-for-self-improvement","0"
"self improvement synonym","D:/Website Goal Planner/vigilant-eagle-drift/articles/habit-tracking-with-a-planner-app","habit-tracking-with-a-planner-app|best-motivational-quotes-2026|smart-goals-for-self-improvement","0"
"self improvement tips","D:/Website Goal Planner/vigilant-eagle-drift/articles/habit-tracking-with-a-planner-app","habit-tracking-with-a-planner-app|build-discipline-and-consistency|best-motivational-quotes-2026","0"
"senior accountant smart goals examples","NO_COVERAGE","","0"
"set and write down a smart goal","D:/Website Goal Planner/vigilant-eagle-drift/articles/smart-method","smart-method|time-bound-goal|how-to-set-goals-and-actually-achieve-them","0"
"set realistic goals and expectations","D:/Website Goal Planner/vigilant-eagle-drift/articles/smart-method","smart-method|smart-criteria|smart-measurable","0"
"set realistic goals example","D:/Website Goal Planner/vigilant-eagle-drift/articles/smart-method","smart-method|smart-criteria|smart-measurable","0"
"set time bound goals","D:/Website Goal Planner/vigilant-eagle-drift/articles/D:/Website Goal Planner/vigilant-eagle-drift/articles/time-bound-goal","D:/Website Goal Planner/vigilant-eagle-drift/articles/time-bound-goal","0"
"setting goals acronym","D:/Website Goal Planner/vigilant-eagle-drift/articles/how-to-set-goals-and-actually-achieve-them","how-to-set-goals-and-actually-achieve-them","0"
"setting goals for employees examples","D:/Website Goal Planner/vigilant-eagle-drift/articles/setting-smart-goals-for-employees","setting-smart-goals-for-employees|smart-goals-for-employees","0"
"setting goals for work examples","D:/Website Goal Planner/vigilant-eagle-drift/articles/setting-objectives","setting-objectives","0"
"setting measurable objectives","D:/Website Goal Planner/vigilant-eagle-drift/articles/smart-objectives-examples","smart-objectives-examples|smart-targets|smart-acronym","0"
"setting objectives","D:/Website Goal Planner/vigilant-eagle-drift/articles/D:/Website Goal Planner/vigilant-eagle-drift/articles/setting-objectives","D:/Website Goal Planner/vigilant-eagle-drift/articles/setting-objectives","0"
"setting objectives and goals","D:/Website Goal Planner/vigilant-eagle-drift/articles/D:/Website Goal Planner/vigilant-eagle-drift/articles/setting-objectives","D:/Website Goal Planner/vigilant-eagle-drift/articles/setting-objectives","0"
"setting objectives at work examples","D:/Website Goal Planner/vigilant-eagle-drift/articles/D:/Website Goal Planner/vigilant-eagle-drift/articles/setting-objectives-at-work-examples","D:/Website Goal Planner/vigilant-eagle-drift/articles/setting-objectives-at-work-examples|D:/Website Goal Planner/vigilant-eagle-drift/articles/setting-objectives","0"
"setting smart","D:/Website Goal Planner/vigilant-eagle-drift/articles/time-management-tips-and-strategies-2026","time-management-tips-and-strategies-2026|goal-planning-system-for-beginners|quotes-for-success-and-determination","0"
"setting smart goals for employees","D:/Website Goal Planner/vigilant-eagle-drift/articles/D:/Website Goal Planner/vigilant-eagle-drift/articles/setting-smart-goals-for-employees","D:/Website Goal Planner/vigilant-eagle-drift/articles/setting-smart-goals-for-employees|D:/Website Goal Planner/vigilant-eagle-drift/articles/smart-goals-for-employees","0"
"setting smart goals for students","D:/Website Goal Planner/vigilant-eagle-drift/articles/D:/Website Goal Planner/vigilant-eagle-drift/articles/smart-goals-for-students","D:/Website Goal Planner/vigilant-eagle-drift/articles/smart-goals-for-students","0"
"setting smart goals keeps us","D:/Website Goal Planner/vigilant-eagle-drift/articles/quotes-for-success-and-determination","quotes-for-success-and-determination|smart-method|smart-goals-for-students","0"
"setting smart objectives","D:/Website Goal Planner/vigilant-eagle-drift/articles/D:/Website Goal Planner/vigilant-eagle-drift/articles/setting-smart-objectives","D:/Website Goal Planner/vigilant-eagle-drift/articles/setting-smart-objectives","0"
"setting smart objectives examples","D:/Website Goal Planner/vigilant-eagle-drift/articles/D:/Website Goal Planner/vigilant-eagle-drift/articles/smart-objectives-examples","D:/Website Goal Planner/vigilant-eagle-drift/articles/smart-objectives-examples|D:/Website Goal Planner/vigilant-eagle-drift/articles/setting-smart-objectives","0"
"setting smart targets","D:/Website Goal Planner/vigilant-eagle-drift/articles/D:/Website Goal Planner/vigilant-eagle-drift/articles/smart-targets","D:/Website Goal Planner/vigilant-eagle-drift/articles/smart-targets","0"
"setting team and employee goals using smart methodology","D:/Website Goal Planner/vigilant-eagle-drift/articles/D:/Website Goal Planner/vigilant-eagle-drift/articles/smart-method","D:/Website Goal Planner/vigilant-eagle-drift/articles/smart-method|D:/Website Goal Planner/vigilant-eagle-drift/articles/goals-using-smart-method","0"
"setting up smart goals","D:/Website Goal Planner/vigilant-eagle-drift/articles/quotes-for-success-and-determination","quotes-for-success-and-determination|smart-method|smart-goals-for-students","0"
"short motivational quotes for students","D:/Website Goal Planner/vigilant-eagle-drift/articles/best-motivational-quotes-2026","best-motivational-quotes-2026|quotes-for-success-and-determination|motivational-speakers-and-influencers","0"
"short quotes to stay focused and productive","D:/Website Goal Planner/vigilant-eagle-drift/articles/build-discipline-and-consistency","build-discipline-and-consistency|quotes-for-success-and-determination|quotes-for-discipline-and-hard-work","0"
"short smart goals examples","D:/Website Goal Planner/vigilant-eagle-drift/articles/smart-goals-examples-for-students","smart-goals-examples-for-students|smart-method|short-term-smart-goals-examples","0"
"short success quotes for work and personal life","D:/Website Goal Planner/vigilant-eagle-drift/articles/motivational-speakers-and-influencers","motivational-speakers-and-influencers","0"
"short term academic smart goals examples","D:/Website Goal Planner/vigilant-eagle-drift/articles/D:/Website Goal Planner/vigilant-eagle-drift/articles/c-smart-goals","D:/Website Goal Planner/vigilant-eagle-drift/articles/c-smart-goals","0"
"short term goals smart","D:/Website Goal Planner/vigilant-eagle-drift/articles/smart-goals-examples-for-students","smart-goals-examples-for-students|smart-method|short-term-smart-goals-examples","0"
"short term goals using smart method","D:/Website Goal Planner/vigilant-eagle-drift/articles/D:/Website Goal Planner/vigilant-eagle-drift/articles/smart-method","D:/Website Goal Planner/vigilant-eagle-drift/articles/smart-method|D:/Website Goal Planner/vigilant-eagle-drift/articles/goals-using-smart-method","0"
"short term smart goal","D:/Website Goal Planner/vigilant-eagle-drift/articles/smart-method","smart-method","0"
"short term smart goals examples","D:/Website Goal Planner/vigilant-eagle-drift/articles/D:/Website Goal Planner/vigilant-eagle-drift/articles/short-term-smart-goals-examples","D:/Website Goal Planner/vigilant-eagle-drift/articles/short-term-smart-goals-examples","0"
"short term smart goals examples for students","D:/Website Goal Planner/vigilant-eagle-drift/articles/D:/Website Goal Planner/vigilant-eagle-drift/articles/smart-goals-examples-for-students","D:/Website Goal Planner/vigilant-eagle-drift/articles/smart-goals-examples-for-students|D:/Website Goal Planner/vigilant-eagle-drift/articles/short-term-smart-goals-examples","0"
"simple goal setting framework for success","D:/Website Goal Planner/vigilant-eagle-drift/articles/time-management-tips-and-strategies-2026","time-management-tips-and-strategies-2026|quotes-for-success-and-determination|smart-framework","0"
"simple measurable attainable realistic and timely","D:/Website Goal Planner/vigilant-eagle-drift/articles/smart-specific-measurable","smart-specific-measurable|smart-specific|smart-specific-measurable-attainable","0"
"simple productivity system for beginners","D:/Website Goal Planner/vigilant-eagle-drift/articles/D:/Website Goal Planner/vigilant-eagle-drift/articles/simple-productivity-system-for-beginners-2026","D:/Website Goal Planner/vigilant-eagle-drift/articles/simple-productivity-system-for-beginners-2026","0"
"simple ways to build mental strength","D:/Website Goal Planner/vigilant-eagle-drift/articles/D:/Website Goal Planner/vigilant-eagle-drift/articles/quotes-for-tough-times","D:/Website Goal Planner/vigilant-eagle-drift/articles/quotes-for-tough-times","0"
"simple ways to improve your daily routine","D:/Website Goal Planner/vigilant-eagle-drift/articles/D:/Website Goal Planner/vigilant-eagle-drift/articles/daily-productivity-routine","D:/Website Goal Planner/vigilant-eagle-drift/articles/daily-productivity-routine|D:/Website Goal Planner/vigilant-eagle-drift/articles/build-a-better-routine-from-scratch|D:/Website Goal Planner/vigilant-eagle-drift/articles/how-to-build-a-consistent-daily-routine","0"
"smaart goals","D:/Website Goal Planner/vigilant-eagle-drift/articles/D:/Website Goal Planner/vigilant-eagle-drift/articles/smaart-goals","D:/Website Goal Planner/vigilant-eagle-drift/articles/smaart-goals","1"
"smart 2.0 goals","D:/Website Goal Planner/vigilant-eagle-drift/articles/beat-procrastination-and-stay-productive","beat-procrastination-and-stay-productive|stay-focused-without-distractions|daily-productivity-routine","0"
"smart a stands for","D:/Website Goal Planner/vigilant-eagle-drift/articles/smart-goals-acronym","smart-goals-acronym|smart-acronym|smart-goal-setting","0"
"smart abbreviation","D:/Website Goal Planner/vigilant-eagle-drift/articles/D:/Website Goal Planner/vigilant-eagle-drift/articles/smart-abbreviation","D:/Website Goal Planner/vigilant-eagle-drift/articles/smart-abbreviation","0"
"smart abbreviation for goals","D:/Website Goal Planner/vigilant-eagle-drift/articles/D:/Website Goal Planner/vigilant-eagle-drift/articles/smart-abbreviation","D:/Website Goal Planner/vigilant-eagle-drift/articles/smart-abbreviation","0"
"smart abbreviation goals","D:/Website Goal Planner/vigilant-eagle-drift/articles/D:/Website Goal Planner/vigilant-eagle-drift/articles/smart-abbreviation","D:/Website Goal Planner/vigilant-eagle-drift/articles/smart-abbreviation","0"
"smart academic goals","D:/Website Goal Planner/vigilant-eagle-drift/articles/D:/Website Goal Planner/vigilant-eagle-drift/articles/smart-academic-goals","D:/Website Goal Planner/vigilant-eagle-drift/articles/smart-academic-goals","0"
"smart achievable","D:/Website Goal Planner/vigilant-eagle-drift/articles/smart-goals","smart-goals|smart-goals-examples|smart-specific-measurable","0"
"smart achievable example","D:/Website Goal Planner/vigilant-eagle-drift/articles/smart-goals","smart-goals|smart-goals-examples|smart-specific-measurable","0"
"smart acronym","D:/Website Goal Planner/vigilant-eagle-drift/articles/D:/Website Goal Planner/vigilant-eagle-drift/articles/smart-acronym","D:/Website Goal Planner/vigilant-eagle-drift/articles/smart-acronym","0"
"smart acronym business","D:/Website Goal Planner/vigilant-eagle-drift/articles/D:/Website Goal Planner/vigilant-eagle-drift/articles/smart-acronym","D:/Website Goal Planner/vigilant-eagle-drift/articles/smart-acronym","0"
"smart acronym examples","D:/Website Goal Planner/vigilant-eagle-drift/articles/D:/Website Goal Planner/vigilant-eagle-drift/articles/smart-acronym","D:/Website Goal Planner/vigilant-eagle-drift/articles/smart-acronym","0"
"smart acronym for objectives","D:/Website Goal Planner/vigilant-eagle-drift/articles/D:/Website Goal Planner/vigilant-eagle-drift/articles/smart-acronym","D:/Website Goal Planner/vigilant-eagle-drift/articles/smart-acronym","0"
"smart acronym in education","D:/Website Goal Planner/vigilant-eagle-drift/articles/D:/Website Goal Planner/vigilant-eagle-drift/articles/smart-acronym","D:/Website Goal Planner/vigilant-eagle-drift/articles/smart-acronym","0"
"smart acronym in goal setting","D:/Website Goal Planner/vigilant-eagle-drift/articles/D:/Website Goal Planner/vigilant-eagle-drift/articles/smart-acronym","D:/Website Goal Planner/vigilant-eagle-drift/articles/smart-acronym","0"
"smart acronym in management","D:/Website Goal Planner/vigilant-eagle-drift/articles/D:/Website Goal Planner/vigilant-eagle-drift/articles/smart-acronym","D:/Website Goal Planner/vigilant-eagle-drift/articles/smart-acronym","0"
"smart acronym marketing","D:/Website Goal Planner/vigilant-eagle-drift/articles/D:/Website Goal Planner/vigilant-eagle-drift/articles/smart-acronym","D:/Website Goal Planner/vigilant-eagle-drift/articles/smart-acronym","0"
"smart acronym objectives","D:/Website Goal Planner/vigilant-eagle-drift/articles/D:/Website Goal Planner/vigilant-eagle-drift/articles/smart-acronym","D:/Website Goal Planner/vigilant-eagle-drift/articles/smart-acronym","0"
"smart acronym of goal setting","D:/Website Goal Planner/vigilant-eagle-drift/articles/D:/Website Goal Planner/vigilant-eagle-drift/articles/smart-acronym","D:/Website Goal Planner/vigilant-eagle-drift/articles/smart-acronym","0"
"smart acronym project management","D:/Website Goal Planner/vigilant-eagle-drift/articles/D:/Website Goal Planner/vigilant-eagle-drift/articles/smart-acronym","D:/Website Goal Planner/vigilant-eagle-drift/articles/smart-acronym","0"
"smart acronym stand for","D:/Website Goal Planner/vigilant-eagle-drift/articles/D:/Website Goal Planner/vigilant-eagle-drift/articles/smart-acronym","D:/Website Goal Planner/vigilant-eagle-drift/articles/smart-acronym","0"
"smart action examples","D:/Website Goal Planner/vigilant-eagle-drift/articles/smart-goals","smart-goals|smart-goals-examples|smart-action-plan","0"
"smart action plan","D:/Website Goal Planner/vigilant-eagle-drift/articles/D:/Website Goal Planner/vigilant-eagle-drift/articles/smart-action-plan","D:/Website Goal Planner/vigilant-eagle-drift/articles/smart-action-plan","2"
"smart action plan example","D:/Website Goal Planner/vigilant-eagle-drift/articles/D:/Website Goal Planner/vigilant-eagle-drift/articles/smart-action-plan","D:/Website Goal Planner/vigilant-eagle-drift/articles/smart-action-plan|D:/Website Goal Planner/vigilant-eagle-drift/articles/smart-action-plan-example","0"
"smart action plan example for students","D:/Website Goal Planner/vigilant-eagle-drift/articles/D:/Website Goal Planner/vigilant-eagle-drift/articles/smart-action-plan","D:/Website Goal Planner/vigilant-eagle-drift/articles/smart-action-plan|D:/Website Goal Planner/vigilant-eagle-drift/articles/smart-action-plan-example","0"
"smart action plan for coaching","D:/Website Goal Planner/vigilant-eagle-drift/articles/D:/Website Goal Planner/vigilant-eagle-drift/articles/smart-action-plan","D:/Website Goal Planner/vigilant-eagle-drift/articles/smart-action-plan","0"
"smart action plan table","D:/Website Goal Planner/vigilant-eagle-drift/articles/D:/Website Goal Planner/vigilant-eagle-drift/articles/smart-action-plan","D:/Website Goal Planner/vigilant-eagle-drift/articles/smart-action-plan","0"
"smart action steps","D:/Website Goal Planner/vigilant-eagle-drift/articles/smart-goals","smart-goals|action-steps-for-smart-goals","0"
"smart actions examples","NO_COVERAGE","","0"
"smart advertising objectives examples","D:/Website Goal Planner/vigilant-eagle-drift/articles/smart-objectives","smart-objectives|smart-objectives-examples|smart-acronym","0"
"smart aims","D:/Website Goal Planner/vigilant-eagle-drift/articles/D:/Website Goal Planner/vigilant-eagle-drift/articles/smart-aims","D:/Website Goal Planner/vigilant-eagle-drift/articles/smart-aims","0"
"smart aims and objectives","D:/Website Goal Planner/vigilant-eagle-drift/articles/D:/Website Goal Planner/vigilant-eagle-drift/articles/smart-aims","D:/Website Goal Planner/vigilant-eagle-drift/articles/smart-aims","0"
"smart aims and objectives examples","D:/Website Goal Planner/vigilant-eagle-drift/articles/D:/Website Goal Planner/vigilant-eagle-drift/articles/smart-aims","D:/Website Goal Planner/vigilant-eagle-drift/articles/smart-aims","0"
"smart aims examples","D:/Website Goal Planner/vigilant-eagle-drift/articles/D:/Website Goal Planner/vigilant-eagle-drift/articles/smart-aims","D:/Website Goal Planner/vigilant-eagle-drift/articles/smart-aims","0"
"smart analysis example","D:/Website Goal Planner/vigilant-eagle-drift/articles/example-of-smart-analysis","example-of-smart-analysis","5"
"smart and clear goals","D:/Website Goal Planner/vigilant-eagle-drift/articles/beat-procrastination-and-stay-productive","beat-procrastination-and-stay-productive|stay-focused-without-distractions|daily-productivity-routine","0"
"smart appraisal objectives","D:/Website Goal Planner/vigilant-eagle-drift/articles/D:/Website Goal Planner/vigilant-eagle-drift/articles/smart-appraisal-objectives","D:/Website Goal Planner/vigilant-eagle-drift/articles/smart-appraisal-objectives","0"
"smart approach example","D:/Website Goal Planner/vigilant-eagle-drift/articles/smart-approach-to-goal-setting","smart-approach-to-goal-setting","0"
"smart approach in goal setting","D:/Website Goal Planner/vigilant-eagle-drift/articles/smart-approach-to-goal-setting","smart-approach-to-goal-setting","0"
"smart approach in project management","D:/Website Goal Planner/vigilant-eagle-drift/articles/smart-objectives-examples","smart-objectives-examples|smart-acronym|smart-criteria","0"
"smart approach to goal setting","D:/Website Goal Planner/vigilant-eagle-drift/articles/D:/Website Goal Planner/vigilant-eagle-drift/articles/smart-approach-to-goal-setting","D:/Website Goal Planner/vigilant-eagle-drift/articles/smart-approach-to-goal-setting","0"
"smart as an acronym","D:/Website Goal Planner/vigilant-eagle-drift/articles/goal-planning-system-for-beginners","goal-planning-system-for-beginners|smart-goals|smart-goals-acronym","0"
"smart attainable","D:/Website Goal Planner/vigilant-eagle-drift/articles/smart-goals-examples","smart-goals-examples|smart-specific-measurable|smart-measurable","0"
"smart attainable example","D:/Website Goal Planner/vigilant-eagle-drift/articles/smart-goals-examples","smart-goals-examples|smart-specific-measurable|smart-measurable","0"
"smart attendance goals for employees","D:/Website Goal Planner/vigilant-eagle-drift/articles/smart-goals-examples-for-employees","smart-goals-examples-for-employees|measurable-goals|smart-goals-for-warehouse-employees","0"
"smart based goals","D:/Website Goal Planner/vigilant-eagle-drift/articles/time-based-goals","time-based-goals|time-based-goals-examples|time-based-smart-goals","0"
"smart business examples","D:/Website Goal Planner/vigilant-eagle-drift/articles/goal-planning-system-for-beginners","goal-planning-system-for-beginners|goal-tracking-system|motivational-speakers-and-influencers","0"
"smart business goals","D:/Website Goal Planner/vigilant-eagle-drift/articles/D:/Website Goal Planner/vigilant-eagle-drift/articles/smart-business-goals","D:/Website Goal Planner/vigilant-eagle-drift/articles/smart-business-goals","0"
"smart business objectives","D:/Website Goal Planner/vigilant-eagle-drift/articles/D:/Website Goal Planner/vigilant-eagle-drift/articles/smart-business-objectives","D:/Website Goal Planner/vigilant-eagle-drift/articles/smart-business-objectives","0"
"smart business plan example","D:/Website Goal Planner/vigilant-eagle-drift/articles/goal-planning-system-for-beginners","goal-planning-system-for-beginners|smart-objectives|smart-objectives-examples","0"
"smart c goal","D:/Website Goal Planner/vigilant-eagle-drift/articles/time-management-tips-and-strategies-2026","time-management-tips-and-strategies-2026|beat-procrastination-and-stay-productive|stay-focused-without-distractions","0"
"smart c goals examples","D:/Website Goal Planner/vigilant-eagle-drift/articles/beat-procrastination-and-stay-productive","beat-procrastination-and-stay-productive|stay-focused-without-distractions|daily-productivity-routine","0"
"smart campaign objectives","D:/Website Goal Planner/vigilant-eagle-drift/articles/smart-objectives-for-marketing-campaign-examples","smart-objectives-for-marketing-campaign-examples","0"
"smart campaign objectives examples","D:/Website Goal Planner/vigilant-eagle-drift/articles/smart-objectives-for-marketing-campaign-examples","smart-objectives-for-marketing-campaign-examples","0"
"smart career goals","D:/Website Goal Planner/vigilant-eagle-drift/articles/D:/Website Goal Planner/vigilant-eagle-drift/articles/smart-career-goals","D:/Website Goal Planner/vigilant-eagle-drift/articles/smart-career-goals","0"
"smart career goals examples","D:/Website Goal Planner/vigilant-eagle-drift/articles/D:/Website Goal Planner/vigilant-eagle-drift/articles/smart-career-goals-examples","D:/Website Goal Planner/vigilant-eagle-drift/articles/smart-career-goals-examples|D:/Website Goal Planner/vigilant-eagle-drift/articles/smart-career-goals","1"
"smart career goals for students","D:/Website Goal Planner/vigilant-eagle-drift/articles/D:/Website Goal Planner/vigilant-eagle-drift/articles/smart-career-goals","D:/Website Goal Planner/vigilant-eagle-drift/articles/smart-career-goals","0"
"smart career plan","D:/Website Goal Planner/vigilant-eagle-drift/articles/smart-goals-examples","smart-goals-examples","0"
"smart characteristics of goals","D:/Website Goal Planner/vigilant-eagle-drift/articles/characteristics-of-goals-smart","characteristics-of-goals-smart|characteristics-of-smart-goals|explain-the-smart-characteristics-of-goals","0"
"smart coaching model","D:/Website Goal Planner/vigilant-eagle-drift/articles/motivational-speakers-and-influencers","motivational-speakers-and-influencers|smart-action-plan|smart-model-goals","0"
"smart commitments","NO_COVERAGE","","0"
"smart communication goals examples","D:/Website Goal Planner/vigilant-eagle-drift/articles/measurable-communication-goals-examples","measurable-communication-goals-examples|smart-goals-to-improve-communication-skills|communication-skills-smart-goals","0"
"smart communication objectives","D:/Website Goal Planner/vigilant-eagle-drift/articles/smart-objectives","smart-objectives|smart-objectives-examples|smart-acronym","0"
"smart communication objectives examples","D:/Website Goal Planner/vigilant-eagle-drift/articles/smart-objectives","smart-objectives|smart-objectives-examples|smart-acronym","0"
"smart concept goals","D:/Website Goal Planner/vigilant-eagle-drift/articles/concept-of-smart-goals","concept-of-smart-goals|explain-the-concept-of-smart-goals","0"
"smart criteria","D:/Website Goal Planner/vigilant-eagle-drift/articles/D:/Website Goal Planner/vigilant-eagle-drift/articles/smart-criteria","D:/Website Goal Planner/vigilant-eagle-drift/articles/smart-criteria","0"
"smart criteria example","D:/Website Goal Planner/vigilant-eagle-drift/articles/D:/Website Goal Planner/vigilant-eagle-drift/articles/smart-criteria","D:/Website Goal Planner/vigilant-eagle-drift/articles/smart-criteria","0"
"smart criteria for goals","D:/Website Goal Planner/vigilant-eagle-drift/articles/D:/Website Goal Planner/vigilant-eagle-drift/articles/smart-criteria","D:/Website Goal Planner/vigilant-eagle-drift/articles/smart-criteria","0"
"smart criteria for objectives","D:/Website Goal Planner/vigilant-eagle-drift/articles/D:/Website Goal Planner/vigilant-eagle-drift/articles/smart-criteria","D:/Website Goal Planner/vigilant-eagle-drift/articles/smart-criteria","0"
"smart criteria in project management","D:/Website Goal Planner/vigilant-eagle-drift/articles/D:/Website Goal Planner/vigilant-eagle-drift/articles/smart-criteria","D:/Website Goal Planner/vigilant-eagle-drift/articles/smart-criteria","0"
"smart criteria project management","D:/Website Goal Planner/vigilant-eagle-drift/articles/D:/Website Goal Planner/vigilant-eagle-drift/articles/smart-criteria","D:/Website Goal Planner/vigilant-eagle-drift/articles/smart-criteria","0"
"smart criteria stands for","D:/Website Goal Planner/vigilant-eagle-drift/articles/D:/Website Goal Planner/vigilant-eagle-drift/articles/smart-criteria","D:/Website Goal Planner/vigilant-eagle-drift/articles/smart-criteria","0"
"smart criteria to set goals","D:/Website Goal Planner/vigilant-eagle-drift/articles/D:/Website Goal Planner/vigilant-eagle-drift/articles/smart-criteria","D:/Website Goal Planner/vigilant-eagle-drift/articles/smart-criteria|D:/Website Goal Planner/vigilant-eagle-drift/articles/smart-criteria-to-set-goals","0"
"smart development goals examples","D:/Website Goal Planner/vigilant-eagle-drift/articles/D:/Website Goal Planner/vigilant-eagle-drift/articles/development-goals-examples","D:/Website Goal Planner/vigilant-eagle-drift/articles/development-goals-examples|D:/Website Goal Planner/vigilant-eagle-drift/articles/smart-development-goals-examples","0"
"smart development goals for managers","D:/Website Goal Planner/vigilant-eagle-drift/articles/smart-goals-examples","smart-goals-examples|development-goals-examples|smart-goals-for-career-development-examples","0"
"smart digital marketing objectives","D:/Website Goal Planner/vigilant-eagle-drift/articles/smart-objectives","smart-objectives|smart-objectives-examples|digital-marketing-smart-objectives-examples","0"
"smart digital marketing objectives examples","D:/Website Goal Planner/vigilant-eagle-drift/articles/smart-objectives","smart-objectives|smart-objectives-examples|digital-marketing-smart-objectives-examples","0"
"smart e goals","D:/Website Goal Planner/vigilant-eagle-drift/articles/beat-procrastination-and-stay-productive","beat-procrastination-and-stay-productive|stay-focused-without-distractions|daily-productivity-routine","0"
"smart er goals","D:/Website Goal Planner/vigilant-eagle-drift/articles/beat-procrastination-and-stay-productive","beat-procrastination-and-stay-productive|stay-focused-without-distractions|daily-productivity-routine","0"
"smart example goals","D:/Website Goal Planner/vigilant-eagle-drift/articles/beat-procrastination-and-stay-productive","beat-procrastination-and-stay-productive|stay-focused-without-distractions|daily-productivity-routine","0"
"smart example in business","D:/Website Goal Planner/vigilant-eagle-drift/articles/goal-planning-system-for-beginners","goal-planning-system-for-beginners|goal-tracking-system|motivational-speakers-and-influencers","0"
"smart examples","D:/Website Goal Planner/vigilant-eagle-drift/articles/D:/Website Goal Planner/vigilant-eagle-drift/articles/smart-examples","D:/Website Goal Planner/vigilant-eagle-drift/articles/smart-examples","0"
"smart expectations","NO_COVERAGE","","0"
"smart format example","D:/Website Goal Planner/vigilant-eagle-drift/articles/D:/Website Goal Planner/vigilant-eagle-drift/articles/smart-format-example","D:/Website Goal Planner/vigilant-eagle-drift/articles/smart-format-example","0"
"smart format goals examples","D:/Website Goal Planner/vigilant-eagle-drift/articles/goals-format","goals-format","0"
"smart format in research","D:/Website Goal Planner/vigilant-eagle-drift/articles/smart-objectives-examples","smart-objectives-examples|smart-goal-format|examples-of-smart-goals-for-clinical-research-coordinator","0"
"smart format objectives","D:/Website Goal Planner/vigilant-eagle-drift/articles/smart-objectives","smart-objectives|smart-objectives-examples|smart-acronym","0"
"smart formula for goal setting","D:/Website Goal Planner/vigilant-eagle-drift/articles/time-management-tips-and-strategies-2026","time-management-tips-and-strategies-2026|goal-planning-system-for-beginners|quotes-for-success-and-determination","0"
"smart formula for setting goals","D:/Website Goal Planner/vigilant-eagle-drift/articles/quotes-for-success-and-determination","quotes-for-success-and-determination|smart-method|smart-goals-for-students","0"
"smart framework","D:/Website Goal Planner/vigilant-eagle-drift/articles/D:/Website Goal Planner/vigilant-eagle-drift/articles/smart-framework","D:/Website Goal Planner/vigilant-eagle-drift/articles/smart-framework","13"
"smart framework example","D:/Website Goal Planner/vigilant-eagle-drift/articles/D:/Website Goal Planner/vigilant-eagle-drift/articles/smart-framework","D:/Website Goal Planner/vigilant-eagle-drift/articles/smart-framework","0"
"smart framework for goal setting","D:/Website Goal Planner/vigilant-eagle-drift/articles/D:/Website Goal Planner/vigilant-eagle-drift/articles/smart-framework","D:/Website Goal Planner/vigilant-eagle-drift/articles/smart-framework|D:/Website Goal Planner/vigilant-eagle-drift/articles/smart-framework-for-goal-setting","0"
"smart framework goals","D:/Website Goal Planner/vigilant-eagle-drift/articles/D:/Website Goal Planner/vigilant-eagle-drift/articles/smart-framework","D:/Website Goal Planner/vigilant-eagle-drift/articles/smart-framework","0"
"smart full form in goal setting","D:/Website Goal Planner/vigilant-eagle-drift/articles/goal-planning-system-for-beginners","goal-planning-system-for-beginners|full-form-of-smart-in-goal-setting|smart-in-goal","0"
"smart full form in goals","D:/Website Goal Planner/vigilant-eagle-drift/articles/smart-goals-full-form","smart-goals-full-form","0"
"smart gal","NO_COVERAGE","","0"
"smart george t doran","D:/Website Goal Planner/vigilant-eagle-drift/articles/doran-smart-goals","doran-smart-goals|george-doran-smart-goals|george-t-doran-smart-goals","0"
"smart goal abbreviation","D:/Website Goal Planner/vigilant-eagle-drift/articles/time-management-tips-and-strategies-2026","time-management-tips-and-strategies-2026|beat-procrastination-and-stay-productive|stay-focused-without-distractions","0"
"smart goal acronym example","D:/Website Goal Planner/vigilant-eagle-drift/articles/D:/Website Goal Planner/vigilant-eagle-drift/articles/smart-goals-acronym","D:/Website Goal Planner/vigilant-eagle-drift/articles/smart-goals-acronym","0"
"smart goal action plan example","D:/Website Goal Planner/vigilant-eagle-drift/articles/smart-goals","smart-goals","0"
"smart goal activities","D:/Website Goal Planner/vigilant-eagle-drift/articles/goal-planning-system-for-beginners","goal-planning-system-for-beginners","0"
"smart goal activity for students","D:/Website Goal Planner/vigilant-eagle-drift/articles/time-management-tips-and-strategies-2026","time-management-tips-and-strategies-2026|beat-procrastination-and-stay-productive|goal-planning-system-for-beginners","0"
"smart goal analysis","D:/Website Goal Planner/vigilant-eagle-drift/articles/time-management-tips-and-strategies-2026","time-management-tips-and-strategies-2026|beat-procrastination-and-stay-productive|stay-focused-without-distractions","0"
"smart goal approach","D:/Website Goal Planner/vigilant-eagle-drift/articles/smart-approach-to-goal-setting","smart-approach-to-goal-setting","0"
"smart goal assessment","D:/Website Goal Planner/vigilant-eagle-drift/articles/time-management-tips-and-strategies-2026","time-management-tips-and-strategies-2026|beat-procrastination-and-stay-productive|stay-focused-without-distractions","0"
"smart goal assignment","D:/Website Goal Planner/vigilant-eagle-drift/articles/time-management-tips-and-strategies-2026","time-management-tips-and-strategies-2026|beat-procrastination-and-stay-productive|stay-focused-without-distractions","0"
"smart goal assignment example","D:/Website Goal Planner/vigilant-eagle-drift/articles/time-management-tips-and-strategies-2026","time-management-tips-and-strategies-2026|beat-procrastination-and-stay-productive|stay-focused-without-distractions","0"
"smart goal attainable example","D:/Website Goal Planner/vigilant-eagle-drift/articles/attainable-goal-example","attainable-goal-example|goal-setting-specific|goal-setting-specific-measurable-attainable-realistic","0"
"smart goal breakdown","D:/Website Goal Planner/vigilant-eagle-drift/articles/time-management-tips-and-strategies-2026","time-management-tips-and-strategies-2026|beat-procrastination-and-stay-productive|stay-focused-without-distractions","0"
"smart goal characteristics","D:/Website Goal Planner/vigilant-eagle-drift/articles/time-management-tips-and-strategies-2026","time-management-tips-and-strategies-2026|beat-procrastination-and-stay-productive|stay-focused-without-distractions","0"
"smart goal chart","D:/Website Goal Planner/vigilant-eagle-drift/articles/time-management-tips-and-strategies-2026","time-management-tips-and-strategies-2026|beat-procrastination-and-stay-productive|stay-focused-without-distractions","0"
"smart goal chart example","D:/Website Goal Planner/vigilant-eagle-drift/articles/time-management-tips-and-strategies-2026","time-management-tips-and-strategies-2026|beat-procrastination-and-stay-productive|stay-focused-without-distractions","0"
"smart goal concept","D:/Website Goal Planner/vigilant-eagle-drift/articles/time-management-tips-and-strategies-2026","time-management-tips-and-strategies-2026|beat-procrastination-and-stay-productive|stay-focused-without-distractions","0"
"smart goal def","D:/Website Goal Planner/vigilant-eagle-drift/articles/time-management-tips-and-strategies-2026","time-management-tips-and-strategies-2026|beat-procrastination-and-stay-productive|stay-focused-without-distractions","0"
"smart goal define","D:/Website Goal Planner/vigilant-eagle-drift/articles/smart-acronym","smart-acronym","0"
"smart goal description","D:/Website Goal Planner/vigilant-eagle-drift/articles/time-management-tips-and-strategies-2026","time-management-tips-and-strategies-2026|beat-procrastination-and-stay-productive|stay-focused-without-distractions","0"
"smart goal elements","D:/Website Goal Planner/vigilant-eagle-drift/articles/elements-of-a-smart-goal","elements-of-a-smart-goal","0"
"smart goal evaluation examples","D:/Website Goal Planner/vigilant-eagle-drift/articles/time-management-tips-and-strategies-2026","time-management-tips-and-strategies-2026|beat-procrastination-and-stay-productive|stay-focused-without-distractions","0"
"smart goal example for time management","D:/Website Goal Planner/vigilant-eagle-drift/articles/time-management-tips-and-strategies-2026","time-management-tips-and-strategies-2026|quotes-for-success-and-determination|improve-time-management-smart-goal","0"
"smart goal examples for family communication","D:/Website Goal Planner/vigilant-eagle-drift/articles/communication-smart-goal","communication-smart-goal|communication-smart-goal-examples|improve-communication-skills-smart-goal","0"
"smart goal examples for improving communication skills","D:/Website Goal Planner/vigilant-eagle-drift/articles/improve-communication-skills-smart-goal","improve-communication-skills-smart-goal","0"
"smart goal examples for improving leadership skills","D:/Website Goal Planner/vigilant-eagle-drift/articles/develop-leadership-skills-smart-goal","develop-leadership-skills-smart-goal","0"
"smart goal examples for professional development","D:/Website Goal Planner/vigilant-eagle-drift/articles/development-goals-examples","development-goals-examples|professional-smart-goal-examples|smart-goals-for-professional-development","0"
"smart goal examples marketing","D:/Website Goal Planner/vigilant-eagle-drift/articles/smart-acronym","smart-acronym","0"
"smart goal for building relationships at work","D:/Website Goal Planner/vigilant-eagle-drift/articles/time-management-tips-and-strategies-2026","time-management-tips-and-strategies-2026","0"
"smart goal for building relationships at work example","D:/Website Goal Planner/vigilant-eagle-drift/articles/time-management-tips-and-strategies-2026","time-management-tips-and-strategies-2026","0"
"smart goal for business plan","D:/Website Goal Planner/vigilant-eagle-drift/articles/goal-planning-system-for-beginners","goal-planning-system-for-beginners","0"
"smart goal for career","D:/Website Goal Planner/vigilant-eagle-drift/articles/stay-focused-without-distractions","stay-focused-without-distractions|ultimate-career-smart-goal|smart-goal-examples-for-career-growth","0"
"smart goal for communication example","D:/Website Goal Planner/vigilant-eagle-drift/articles/communication-smart-goal","communication-smart-goal|communication-smart-goal-examples|improve-communication-skills-smart-goal","0"
"smart goal for communication skills","D:/Website Goal Planner/vigilant-eagle-drift/articles/improve-communication-skills-smart-goal","improve-communication-skills-smart-goal","0"
"smart goal for confidence","D:/Website Goal Planner/vigilant-eagle-drift/articles/time-management-tips-and-strategies-2026","time-management-tips-and-strategies-2026|beat-procrastination-and-stay-productive|stay-focused-without-distractions","0"
"smart goal for depression","D:/Website Goal Planner/vigilant-eagle-drift/articles/smart-goal-for-depression-example","smart-goal-for-depression-example","0"
"smart goal for depression example","D:/Website Goal Planner/vigilant-eagle-drift/articles/D:/Website Goal Planner/vigilant-eagle-drift/articles/smart-goal-for-depression-example","D:/Website Goal Planner/vigilant-eagle-drift/articles/smart-goal-for-depression-example","0"
"smart goal for emotional intelligence","D:/Website Goal Planner/vigilant-eagle-drift/articles/emotional-intelligence-smart-goals","emotional-intelligence-smart-goals|smart-goals-t|smart-goals-to-improve-emotional-intelligence","0"
"smart goal for family","D:/Website Goal Planner/vigilant-eagle-drift/articles/time-management-tips-and-strategies-2026","time-management-tips-and-strategies-2026|beat-procrastination-and-stay-productive|stay-focused-without-distractions","0"
"smart goal for getting a job","NO_COVERAGE","","0"
"smart goal for improving time management example","D:/Website Goal Planner/vigilant-eagle-drift/articles/time-management-tips-and-strategies-2026","time-management-tips-and-strategies-2026|quotes-for-success-and-determination|improve-time-management-smart-goal","0"
"smart goal for motivation example","D:/Website Goal Planner/vigilant-eagle-drift/articles/time-management-tips-and-strategies-2026","time-management-tips-and-strategies-2026|beat-procrastination-and-stay-productive|stay-focused-without-distractions","0"
"smart goal for networking","D:/Website Goal Planner/vigilant-eagle-drift/articles/D:/Website Goal Planner/vigilant-eagle-drift/articles/smart-goal-for-networking","D:/Website Goal Planner/vigilant-eagle-drift/articles/smart-goal-for-networking","0"
"smart goal for organization","D:/Website Goal Planner/vigilant-eagle-drift/articles/D:/Website Goal Planner/vigilant-eagle-drift/articles/smart-goal-for-organization","D:/Website Goal Planner/vigilant-eagle-drift/articles/smart-goal-for-organization","0"
"smart goal for positive attitude","D:/Website Goal Planner/vigilant-eagle-drift/articles/D:/Website Goal Planner/vigilant-eagle-drift/articles/smart-goal-for-positive-attitude","D:/Website Goal Planner/vigilant-eagle-drift/articles/smart-goal-for-positive-attitude","0"
"smart goal for problem solving","D:/Website Goal Planner/vigilant-eagle-drift/articles/D:/Website Goal Planner/vigilant-eagle-drift/articles/smart-goal-for-problem-solving","D:/Website Goal Planner/vigilant-eagle-drift/articles/smart-goal-for-problem-solving","0"
"smart goal for procrastination","D:/Website Goal Planner/vigilant-eagle-drift/articles/D:/Website Goal Planner/vigilant-eagle-drift/articles/beat-procrastination-and-stay-productive","D:/Website Goal Planner/vigilant-eagle-drift/articles/beat-procrastination-and-stay-productive|D:/Website Goal Planner/vigilant-eagle-drift/articles/smart-goal-for-procrastination|D:/Website Goal Planner/vigilant-eagle-drift/articles/how-to-stop-procrastinating-step-by-step-2026","0"
"smart goal for promotion","D:/Website Goal Planner/vigilant-eagle-drift/articles/D:/Website Goal Planner/vigilant-eagle-drift/articles/smart-goal-for-promotion","D:/Website Goal Planner/vigilant-eagle-drift/articles/smart-goal-for-promotion","0"
"smart goal for reading","D:/Website Goal Planner/vigilant-eagle-drift/articles/D:/Website Goal Planner/vigilant-eagle-drift/articles/smart-goal-for-reading","D:/Website Goal Planner/vigilant-eagle-drift/articles/smart-goal-for-reading","0"
"smart goal for self care","D:/Website Goal Planner/vigilant-eagle-drift/articles/D:/Website Goal Planner/vigilant-eagle-drift/articles/smart-goal-for-self-care","D:/Website Goal Planner/vigilant-eagle-drift/articles/smart-goal-for-self-care","0"
"smart goal for self esteem","D:/Website Goal Planner/vigilant-eagle-drift/articles/D:/Website Goal Planner/vigilant-eagle-drift/articles/smart-goal-for-self-esteem","D:/Website Goal Planner/vigilant-eagle-drift/articles/smart-goal-for-self-esteem","0"
"smart goal for starting a business","D:/Website Goal Planner/vigilant-eagle-drift/articles/D:/Website Goal Planner/vigilant-eagle-drift/articles/smart-goal-for-starting-a-business","D:/Website Goal Planner/vigilant-eagle-drift/articles/smart-goal-for-starting-a-business","0"
"smart goal for studying","D:/Website Goal Planner/vigilant-eagle-drift/articles/D:/Website Goal Planner/vigilant-eagle-drift/articles/smart-goal-for-studying","D:/Website Goal Planner/vigilant-eagle-drift/articles/smart-goal-for-studying","0"
"smart goal for teamwork","D:/Website Goal Planner/vigilant-eagle-drift/articles/D:/Website Goal Planner/vigilant-eagle-drift/articles/smart-goal-for-teamwork","D:/Website Goal Planner/vigilant-eagle-drift/articles/smart-goal-for-teamwork","0"
"smart goal for verbal communication","D:/Website Goal Planner/vigilant-eagle-drift/articles/D:/Website Goal Planner/vigilant-eagle-drift/articles/smart-goal-for-verbal-communication","D:/Website Goal Planner/vigilant-eagle-drift/articles/smart-goal-for-verbal-communication","0"
"smart goal for walking","D:/Website Goal Planner/vigilant-eagle-drift/articles/D:/Website Goal Planner/vigilant-eagle-drift/articles/smart-goal-for-walking","D:/Website Goal Planner/vigilant-eagle-drift/articles/smart-goal-for-walking","0"
"smart goal for work","D:/Website Goal Planner/vigilant-eagle-drift/articles/D:/Website Goal Planner/vigilant-eagle-drift/articles/smart-goal-for-work","D:/Website Goal Planner/vigilant-eagle-drift/articles/smart-goal-for-work","0"
"smart goal form","D:/Website Goal Planner/vigilant-eagle-drift/articles/D:/Website Goal Planner/vigilant-eagle-drift/articles/smart-goal-form","D:/Website Goal Planner/vigilant-eagle-drift/articles/smart-goal-form","0"
"smart goal format","D:/Website Goal Planner/vigilant-eagle-drift/articles/D:/Website Goal Planner/vigilant-eagle-drift/articles/smart-goal-format","D:/Website Goal Planner/vigilant-eagle-drift/articles/smart-goal-format|D:/Website Goal Planner/vigilant-eagle-drift/articles/smart-goal-form","0"
"smart goal formula","D:/Website Goal Planner/vigilant-eagle-drift/articles/D:/Website Goal Planner/vigilant-eagle-drift/articles/smart-goal-form","D:/Website Goal Planner/vigilant-eagle-drift/articles/smart-goal-form|D:/Website Goal Planner/vigilant-eagle-drift/articles/smart-goal-formula","1"
"smart goal formula example","D:/Website Goal Planner/vigilant-eagle-drift/articles/D:/Website Goal Planner/vigilant-eagle-drift/articles/smart-goal-form","D:/Website Goal Planner/vigilant-eagle-drift/articles/smart-goal-form|D:/Website Goal Planner/vigilant-eagle-drift/articles/smart-goal-formula|D:/Website Goal Planner/vigilant-eagle-drift/articles/smart-goal-formula-example","0"
"smart goal formula nsls","D:/Website Goal Planner/vigilant-eagle-drift/articles/D:/Website Goal Planner/vigilant-eagle-drift/articles/smart-goal-form","D:/Website Goal Planner/vigilant-eagle-drift/articles/smart-goal-form|D:/Website Goal Planner/vigilant-eagle-drift/articles/smart-goal-formula|D:/Website Goal Planner/vigilant-eagle-drift/articles/smart-goal-formula-nsls","1"
"smart goal framework","D:/Website Goal Planner/vigilant-eagle-drift/articles/D:/Website Goal Planner/vigilant-eagle-drift/articles/smart-goal-framework","D:/Website Goal Planner/vigilant-eagle-drift/articles/smart-goal-framework","0"
"smart goal framework example","D:/Website Goal Planner/vigilant-eagle-drift/articles/D:/Website Goal Planner/vigilant-eagle-drift/articles/smart-goal-framework","D:/Website Goal Planner/vigilant-eagle-drift/articles/smart-goal-framework|D:/Website Goal Planner/vigilant-eagle-drift/articles/smart-goal-framework-example","0"
"smart goal guidelines","D:/Website Goal Planner/vigilant-eagle-drift/articles/D:/Website Goal Planner/vigilant-eagle-drift/articles/smart-goal-guidelines","D:/Website Goal Planner/vigilant-eagle-drift/articles/smart-goal-guidelines","0"
"smart goal healthcare","D:/Website Goal Planner/vigilant-eagle-drift/articles/D:/Website Goal Planner/vigilant-eagle-drift/articles/smart-goal-healthcare","D:/Website Goal Planner/vigilant-eagle-drift/articles/smart-goal-healthcare","0"
"smart goal in life","D:/Website Goal Planner/vigilant-eagle-drift/articles/D:/Website Goal Planner/vigilant-eagle-drift/articles/smart-goal-in-life","D:/Website Goal Planner/vigilant-eagle-drift/articles/smart-goal-in-life","0"
"smart goal is","D:/Website Goal Planner/vigilant-eagle-drift/articles/D:/Website Goal Planner/vigilant-eagle-drift/articles/smart-goal-is","D:/Website Goal Planner/vigilant-eagle-drift/articles/smart-goal-is","0"
"smart goal method examples","D:/Website Goal Planner/vigilant-eagle-drift/articles/D:/Website Goal Planner/vigilant-eagle-drift/articles/smart-goal-method-examples","D:/Website Goal Planner/vigilant-eagle-drift/articles/smart-goal-method-examples","0"
"smart goal methodology","D:/Website Goal Planner/vigilant-eagle-drift/articles/D:/Website Goal Planner/vigilant-eagle-drift/articles/smart-goal-methodology","D:/Website Goal Planner/vigilant-eagle-drift/articles/smart-goal-methodology","0"
"smart goal model example","D:/Website Goal Planner/vigilant-eagle-drift/articles/D:/Website Goal Planner/vigilant-eagle-drift/articles/smart-goal-model-example","D:/Website Goal Planner/vigilant-eagle-drift/articles/smart-goal-model-example","0"
"smart goal objectives examples","D:/Website Goal Planner/vigilant-eagle-drift/articles/D:/Website Goal Planner/vigilant-eagle-drift/articles/smart-goal-objectives-examples","D:/Website Goal Planner/vigilant-eagle-drift/articles/smart-goal-objectives-examples","0"
"smart goal on time management","D:/Website Goal Planner/vigilant-eagle-drift/articles/D:/Website Goal Planner/vigilant-eagle-drift/articles/smart-goal-on-time-management","D:/Website Goal Planner/vigilant-eagle-drift/articles/smart-goal-on-time-management","0"
"smart goal outline","D:/Website Goal Planner/vigilant-eagle-drift/articles/D:/Website Goal Planner/vigilant-eagle-drift/articles/smart-goal-outline","D:/Website Goal Planner/vigilant-eagle-drift/articles/smart-goal-outline","0"
"smart goal plan example","D:/Website Goal Planner/vigilant-eagle-drift/articles/D:/Website Goal Planner/vigilant-eagle-drift/articles/smart-goal-plan-example","D:/Website Goal Planner/vigilant-eagle-drift/articles/smart-goal-plan-example","0"
"smart goal planner","D:/Website Goal Planner/vigilant-eagle-drift/articles/D:/Website Goal Planner/vigilant-eagle-drift/articles/smart-goal-planner","D:/Website Goal Planner/vigilant-eagle-drift/articles/smart-goal-planner","0"
"smart goal planning sheet","D:/Website Goal Planner/vigilant-eagle-drift/articles/time-management-tips-and-strategies-2026","time-management-tips-and-strategies-2026|goal-planning-system-for-beginners|simple-productivity-system-for-beginners-2026","0"
"smart goal planning worksheet","D:/Website Goal Planner/vigilant-eagle-drift/articles/goal-planning-system-for-beginners","goal-planning-system-for-beginners","0"
"smart goal powerpoint","D:/Website Goal Planner/vigilant-eagle-drift/articles/D:/Website Goal Planner/vigilant-eagle-drift/articles/smart-goal-powerpoint","D:/Website Goal Planner/vigilant-eagle-drift/articles/smart-goal-powerpoint","0"
"smart goal ppt","D:/Website Goal Planner/vigilant-eagle-drift/articles/D:/Website Goal Planner/vigilant-eagle-drift/articles/smart-goal-ppt","D:/Website Goal Planner/vigilant-eagle-drift/articles/smart-goal-ppt","0"
"smart goal presentation examples","D:/Website Goal Planner/vigilant-eagle-drift/articles/D:/Website Goal Planner/vigilant-eagle-drift/articles/smart-goal-presentation-examples","D:/Website Goal Planner/vigilant-eagle-drift/articles/smart-goal-presentation-examples","0"
"smart goal process","D:/Website Goal Planner/vigilant-eagle-drift/articles/D:/Website Goal Planner/vigilant-eagle-drift/articles/smart-goal-process","D:/Website Goal Planner/vigilant-eagle-drift/articles/smart-goal-process","0"
"smart goal promotion example","D:/Website Goal Planner/vigilant-eagle-drift/articles/D:/Website Goal Planner/vigilant-eagle-drift/articles/smart-goal-promotion-example","D:/Website Goal Planner/vigilant-eagle-drift/articles/smart-goal-promotion-example","0"
"smart goal purpose","D:/Website Goal Planner/vigilant-eagle-drift/articles/D:/Website Goal Planner/vigilant-eagle-drift/articles/smart-goal-purpose","D:/Website Goal Planner/vigilant-eagle-drift/articles/smart-goal-purpose","0"
"smart goal r","D:/Website Goal Planner/vigilant-eagle-drift/articles/D:/Website Goal Planner/vigilant-eagle-drift/articles/smart-goal-r","D:/Website Goal Planner/vigilant-eagle-drift/articles/smart-goal-r","0"
"smart goal realistic example","D:/Website Goal Planner/vigilant-eagle-drift/articles/D:/Website Goal Planner/vigilant-eagle-drift/articles/smart-goal-r","D:/Website Goal Planner/vigilant-eagle-drift/articles/smart-goal-r|D:/Website Goal Planner/vigilant-eagle-drift/articles/smart-goal-realistic-example","0"
"smart goal relevant example","D:/Website Goal Planner/vigilant-eagle-drift/articles/D:/Website Goal Planner/vigilant-eagle-drift/articles/smart-goal-r","D:/Website Goal Planner/vigilant-eagle-drift/articles/smart-goal-r|D:/Website Goal Planner/vigilant-eagle-drift/articles/smart-goal-relevant-example","0"
"smart goal resources","D:/Website Goal Planner/vigilant-eagle-drift/articles/D:/Website Goal Planner/vigilant-eagle-drift/articles/smart-goal-r","D:/Website Goal Planner/vigilant-eagle-drift/articles/smart-goal-r|D:/Website Goal Planner/vigilant-eagle-drift/articles/smart-goal-resources","0"
"smart goal s stands for","D:/Website Goal Planner/vigilant-eagle-drift/articles/smart-goals-acronym","smart-goals-acronym|smart-acronym|smart-goal-setting","0"
"smart goal sentence","D:/Website Goal Planner/vigilant-eagle-drift/articles/time-management-tips-and-strategies-2026","time-management-tips-and-strategies-2026|beat-procrastination-and-stay-productive|stay-focused-without-distractions","0"
"smart goal sentence frame","NO_COVERAGE","","0"
"smart goal setting","D:/Website Goal Planner/vigilant-eagle-drift/articles/D:/Website Goal Planner/vigilant-eagle-drift/articles/smart-goal-setting","D:/Website Goal Planner/vigilant-eagle-drift/articles/smart-goal-setting","0"
"smart goal setting examples","D:/Website Goal Planner/vigilant-eagle-drift/articles/D:/Website Goal Planner/vigilant-eagle-drift/articles/smart-goal-setting","D:/Website Goal Planner/vigilant-eagle-drift/articles/smart-goal-setting|D:/Website Goal Planner/vigilant-eagle-drift/articles/smart-goal-setting-examples","0"
"smart goal setting examples for employees","D:/Website Goal Planner/vigilant-eagle-drift/articles/D:/Website Goal Planner/vigilant-eagle-drift/articles/smart-goal-setting","D:/Website Goal Planner/vigilant-eagle-drift/articles/smart-goal-setting|D:/Website Goal Planner/vigilant-eagle-drift/articles/smart-goal-setting-examples","0"
"smart goal setting examples for students","D:/Website Goal Planner/vigilant-eagle-drift/articles/D:/Website Goal Planner/vigilant-eagle-drift/articles/smart-goal-setting","D:/Website Goal Planner/vigilant-eagle-drift/articles/smart-goal-setting|D:/Website Goal Planner/vigilant-eagle-drift/articles/smart-goal-setting-examples","0"
"smart goal setting guidelines","D:/Website Goal Planner/vigilant-eagle-drift/articles/D:/Website Goal Planner/vigilant-eagle-drift/articles/smart-goal-setting","D:/Website Goal Planner/vigilant-eagle-drift/articles/smart-goal-setting","0"
"smart goal setting ppt","D:/Website Goal Planner/vigilant-eagle-drift/articles/D:/Website Goal Planner/vigilant-eagle-drift/articles/smart-goal-setting","D:/Website Goal Planner/vigilant-eagle-drift/articles/smart-goal-setting","0"
"smart goal setting ppt for employees","D:/Website Goal Planner/vigilant-eagle-drift/articles/D:/Website Goal Planner/vigilant-eagle-drift/articles/smart-goal-setting","D:/Website Goal Planner/vigilant-eagle-drift/articles/smart-goal-setting|D:/Website Goal Planner/vigilant-eagle-drift/articles/smart-goal-setting-ppt-for-employees","0"
"smart goal setting process","D:/Website Goal Planner/vigilant-eagle-drift/articles/D:/Website Goal Planner/vigilant-eagle-drift/articles/smart-goal-setting","D:/Website Goal Planner/vigilant-eagle-drift/articles/smart-goal-setting","0"
"smart goal setting sheet","D:/Website Goal Planner/vigilant-eagle-drift/articles/D:/Website Goal Planner/vigilant-eagle-drift/articles/smart-goal-setting","D:/Website Goal Planner/vigilant-eagle-drift/articles/smart-goal-setting","0"
"smart goal setting stands for","D:/Website Goal Planner/vigilant-eagle-drift/articles/D:/Website Goal Planner/vigilant-eagle-drift/articles/smart-goal-setting","D:/Website Goal Planner/vigilant-eagle-drift/articles/smart-goal-setting","0"
"smart goal setting strategy","D:/Website Goal Planner/vigilant-eagle-drift/articles/D:/Website Goal Planner/vigilant-eagle-drift/articles/smart-goal-setting","D:/Website Goal Planner/vigilant-eagle-drift/articles/smart-goal-setting","0"
"smart goal setting system","D:/Website Goal Planner/vigilant-eagle-drift/articles/D:/Website Goal Planner/vigilant-eagle-drift/articles/smart-goal-setting","D:/Website Goal Planner/vigilant-eagle-drift/articles/smart-goal-setting","0"
"smart goal setting worksheet","D:/Website Goal Planner/vigilant-eagle-drift/articles/D:/Website Goal Planner/vigilant-eagle-drift/articles/smart-goal-setting","D:/Website Goal Planner/vigilant-eagle-drift/articles/smart-goal-setting","0"
"smart goal sheet","D:/Website Goal Planner/vigilant-eagle-drift/articles/smart-goal-setting","smart-goal-setting","0"
"smart goal specific","D:/Website Goal Planner/vigilant-eagle-drift/articles/goal-setting-specific","goal-setting-specific|goal-setting-specific-measurable-attainable-realistic|specific-measurable","0"
"smart goal specific example","D:/Website Goal Planner/vigilant-eagle-drift/articles/goal-setting-specific","goal-setting-specific|goal-setting-specific-measurable-attainable-realistic|specific-measurable","0"
"smart goal statement","D:/Website Goal Planner/vigilant-eagle-drift/articles/time-management-tips-and-strategies-2026","time-management-tips-and-strategies-2026|beat-procrastination-and-stay-productive|stay-focused-without-distractions","0"
"smart goal statement example","D:/Website Goal Planner/vigilant-eagle-drift/articles/time-management-tips-and-strategies-2026","time-management-tips-and-strategies-2026|beat-procrastination-and-stay-productive|stay-focused-without-distractions","0"
"smart goal steps","D:/Website Goal Planner/vigilant-eagle-drift/articles/smart-goals","smart-goals","0"
"smart goal strategy","D:/Website Goal Planner/vigilant-eagle-drift/articles/smart-goal-setting","smart-goal-setting","0"
"smart goal structure","D:/Website Goal Planner/vigilant-eagle-drift/articles/time-management-tips-and-strategies-2026","time-management-tips-and-strategies-2026|beat-procrastination-and-stay-productive|stay-focused-without-distractions","0"
"smart goal summary","D:/Website Goal Planner/vigilant-eagle-drift/articles/time-management-tips-and-strategies-2026","time-management-tips-and-strategies-2026|beat-procrastination-and-stay-productive|stay-focused-without-distractions","0"
"smart goal system","D:/Website Goal Planner/vigilant-eagle-drift/articles/D:/Website Goal Planner/vigilant-eagle-drift/articles/smart-goal-system","D:/Website Goal Planner/vigilant-eagle-drift/articles/smart-goal-system","0"
"smart goal t stands for","D:/Website Goal Planner/vigilant-eagle-drift/articles/smart-goals-acronym","smart-goals-acronym|smart-acronym|smart-goal-setting","0"
"smart goal table","D:/Website Goal Planner/vigilant-eagle-drift/articles/time-management-tips-and-strategies-2026","time-management-tips-and-strategies-2026|beat-procrastination-and-stay-productive|stay-focused-without-distractions","1"
"smart goal templates","D:/Website Goal Planner/vigilant-eagle-drift/articles/time-management-tips-and-strategies-2026","time-management-tips-and-strategies-2026|beat-procrastination-and-stay-productive|stay-focused-without-distractions","0"
"smart goal theory","D:/Website Goal Planner/vigilant-eagle-drift/articles/goal-setting-theory-smart","goal-setting-theory-smart","0"
"smart goal time bound","D:/Website Goal Planner/vigilant-eagle-drift/articles/specific-measurable","specific-measurable|time-bound-goal","2"
"smart goal time management example","D:/Website Goal Planner/vigilant-eagle-drift/articles/time-management-tips-and-strategies-2026","time-management-tips-and-strategies-2026|quotes-for-success-and-determination|improve-time-management-smart-goal","0"
"smart goal to improve communication","D:/Website Goal Planner/vigilant-eagle-drift/articles/improve-communication-skills-smart-goal","improve-communication-skills-smart-goal","0"
"smart goal tool","D:/Website Goal Planner/vigilant-eagle-drift/articles/D:/Website Goal Planner/vigilant-eagle-drift/articles/smart-goal-tool","D:/Website Goal Planner/vigilant-eagle-drift/articles/smart-goal-tool","0"
"smart goal tracking","D:/Website Goal Planner/vigilant-eagle-drift/articles/D:/Website Goal Planner/vigilant-eagle-drift/articles/goal-tracking-system","D:/Website Goal Planner/vigilant-eagle-drift/articles/goal-tracking-system","0"
"smart goal work examples","D:/Website Goal Planner/vigilant-eagle-drift/articles/time-management-tips-and-strategies-2026","time-management-tips-and-strategies-2026|smart-goal-for-work","0"
"smart goal work sheet","D:/Website Goal Planner/vigilant-eagle-drift/articles/time-management-tips-and-strategies-2026","time-management-tips-and-strategies-2026|smart-goal-setting|smart-goal-for-work","0"
"smart goal worksheet example","D:/Website Goal Planner/vigilant-eagle-drift/articles/D:/Website Goal Planner/vigilant-eagle-drift/articles/smart-goal-worksheet-2026","D:/Website Goal Planner/vigilant-eagle-drift/articles/smart-goal-worksheet-2026","0"
"smart goals","D:/Website Goal Planner/vigilant-eagle-drift/articles/D:/Website Goal Planner/vigilant-eagle-drift/articles/smart-goals","D:/Website Goal Planner/vigilant-eagle-drift/articles/smart-goals","0"
"smart goals 2022","D:/Website Goal Planner/vigilant-eagle-drift/articles/beat-procrastination-and-stay-productive","beat-procrastination-and-stay-productive|stay-focused-without-distractions|daily-productivity-routine","0"
"smart goals 2023","D:/Website Goal Planner/vigilant-eagle-drift/articles/smart-goals-for-2023","smart-goals-for-2023","0"
"smart goals a","D:/Website Goal Planner/vigilant-eagle-drift/articles/beat-procrastination-and-stay-productive","beat-procrastination-and-stay-productive|stay-focused-without-distractions|daily-productivity-routine","0"
"smart goals a how to guide","D:/Website Goal Planner/vigilant-eagle-drift/articles/beat-procrastination-and-stay-productive","beat-procrastination-and-stay-productive|stay-focused-without-distractions|daily-productivity-routine","0"
"smart goals a stands for","D:/Website Goal Planner/vigilant-eagle-drift/articles/smart-goals-acronym","smart-goals-acronym|smart-criteria|goals-should-be-smart","0"
"smart goals academic","D:/Website Goal Planner/vigilant-eagle-drift/articles/smart-goals-examples","smart-goals-examples|smart-goals-examples-for-students|smart-academic-goals","0"
"smart goals acronym","D:/Website Goal Planner/vigilant-eagle-drift/articles/D:/Website Goal Planner/vigilant-eagle-drift/articles/smart-goals-acronym","D:/Website Goal Planner/vigilant-eagle-drift/articles/smart-goals-acronym","0"
"smart goals acronym stands for","D:/Website Goal Planner/vigilant-eagle-drift/articles/D:/Website Goal Planner/vigilant-eagle-drift/articles/smart-goals-acronym","D:/Website Goal Planner/vigilant-eagle-drift/articles/smart-goals-acronym","0"
"smart goals act","D:/Website Goal Planner/vigilant-eagle-drift/articles/smart-goals","smart-goals|act-smart-goals","0"
"smart goals actionable","D:/Website Goal Planner/vigilant-eagle-drift/articles/specific-measurable","specific-measurable","0"
"smart goals activity worksheet","D:/Website Goal Planner/vigilant-eagle-drift/articles/smart-goals-therapy-worksheet","smart-goals-therapy-worksheet|smart-goals-worksheet-for-students|dbt-smart-goals-worksheet","0"
"smart goals after graduation","NO_COVERAGE","","0"
"smart goals agile","D:/Website Goal Planner/vigilant-eagle-drift/articles/smart-goals","smart-goals|smart-goals-examples|agile-smart-goals","0"
"smart goals amazon","D:/Website Goal Planner/vigilant-eagle-drift/articles/smart-goals","smart-goals|smart-goals-examples|amazon-smart-goals","0"
"smart goals and action plans","D:/Website Goal Planner/vigilant-eagle-drift/articles/smart-goals","smart-goals|smart-goals-examples|action-oriented-smart-goals","0"
"smart goals and examples","D:/Website Goal Planner/vigilant-eagle-drift/articles/beat-procrastination-and-stay-productive","beat-procrastination-and-stay-productive|stay-focused-without-distractions|daily-productivity-routine","0"
"smart goals and kpi examples","D:/Website Goal Planner/vigilant-eagle-drift/articles/D:/Website Goal Planner/vigilant-eagle-drift/articles/smart-goals-and-kpi-examples","D:/Website Goal Planner/vigilant-eagle-drift/articles/smart-goals-and-kpi-examples","0"
"smart goals and objectives","D:/Website Goal Planner/vigilant-eagle-drift/articles/D:/Website Goal Planner/vigilant-eagle-drift/articles/smart-goals-and-objectives","D:/Website Goal Planner/vigilant-eagle-drift/articles/smart-goals-and-objectives","0"
"smart goals and objectives examples","D:/Website Goal Planner/vigilant-eagle-drift/articles/D:/Website Goal Planner/vigilant-eagle-drift/articles/smart-goals-and-objectives-examples","D:/Website Goal Planner/vigilant-eagle-drift/articles/smart-goals-and-objectives-examples|D:/Website Goal Planner/vigilant-eagle-drift/articles/smart-goals-and-objectives","0"
"smart goals and objectives examples for work","D:/Website Goal Planner/vigilant-eagle-drift/articles/D:/Website Goal Planner/vigilant-eagle-drift/articles/smart-goals-and-objectives-examples","D:/Website Goal Planner/vigilant-eagle-drift/articles/smart-goals-and-objectives-examples|D:/Website Goal Planner/vigilant-eagle-drift/articles/smart-goals-and-objectives","0"
"smart goals and swot analysis","NO_COVERAGE","","0"
"smart goals article","D:/Website Goal Planner/vigilant-eagle-drift/articles/D:/Website Goal Planner/vigilant-eagle-drift/articles/smart-goals-article","D:/Website Goal Planner/vigilant-eagle-drift/articles/smart-goals-article","0"
"smart goals article for students","D:/Website Goal Planner/vigilant-eagle-drift/articles/D:/Website Goal Planner/vigilant-eagle-drift/articles/smart-goals-article","D:/Website Goal Planner/vigilant-eagle-drift/articles/smart-goals-article","0"
"smart goals as a student","NO_COVERAGE","","0"
"smart goals atlassian","D:/Website Goal Planner/vigilant-eagle-drift/articles/atlassian-smart-goals","atlassian-smart-goals","0"
"smart goals author","D:/Website Goal Planner/vigilant-eagle-drift/articles/beat-procrastination-and-stay-productive","beat-procrastination-and-stay-productive|stay-focused-without-distractions|daily-productivity-routine","0"
"smart goals business plan","D:/Website Goal Planner/vigilant-eagle-drift/articles/goal-planning-system-for-beginners","goal-planning-system-for-beginners|goal-tracking-system|smart-goals","0"
"smart goals career","D:/Website Goal Planner/vigilant-eagle-drift/articles/stay-focused-without-distractions","stay-focused-without-distractions|smart-goals-examples|smart-goals-examples-for-students","0"
"smart goals cbt worksheet","D:/Website Goal Planner/vigilant-eagle-drift/articles/smart-goals-therapy-worksheet","smart-goals-therapy-worksheet|smart-goals-worksheet-for-students|dbt-smart-goals-worksheet","0"
"smart goals coaching","D:/Website Goal Planner/vigilant-eagle-drift/articles/smart-goals-for-coaching-examples","smart-goals-for-coaching-examples|coaching-smart-goals-examples","0"
"smart goals creator","D:/Website Goal Planner/vigilant-eagle-drift/articles/D:/Website Goal Planner/vigilant-eagle-drift/articles/smart-goals-creator","D:/Website Goal Planner/vigilant-eagle-drift/articles/smart-goals-creator","2"
"smart goals def","D:/Website Goal Planner/vigilant-eagle-drift/articles/beat-procrastination-and-stay-productive","beat-procrastination-and-stay-productive|stay-focused-without-distractions|daily-productivity-routine","0"
"smart goals digital marketing","D:/Website Goal Planner/vigilant-eagle-drift/articles/digital-marketing-smart-goals-examples","digital-marketing-smart-goals-examples|smart-goals-for-digital-marketing|digital-marketing-smart-goals","0"
"smart goals digital marketing examples","D:/Website Goal Planner/vigilant-eagle-drift/articles/digital-marketing-smart-goals-examples","digital-marketing-smart-goals-examples|smart-goals-for-digital-marketing|digital-marketing-smart-goals","0"
"smart goals document","D:/Website Goal Planner/vigilant-eagle-drift/articles/beat-procrastination-and-stay-productive","beat-procrastination-and-stay-productive|stay-focused-without-distractions|daily-productivity-routine","0"
"smart goals doran","D:/Website Goal Planner/vigilant-eagle-drift/articles/doran-1981-smart-goals","doran-1981-smart-goals|doran-smart-goals|george-doran-smart-goals","17"
"smart goals doran 1981","D:/Website Goal Planner/vigilant-eagle-drift/articles/doran-1981-smart-goals","doran-1981-smart-goals","0"
"smart goals employee performance","D:/Website Goal Planner/vigilant-eagle-drift/articles/development-goals-examples","development-goals-examples|smart-method|smart-performance-goals-examples","0"
"smart goals entrepreneurship","D:/Website Goal Planner/vigilant-eagle-drift/articles/beat-procrastination-and-stay-productive","beat-procrastination-and-stay-productive|stay-focused-without-distractions|daily-productivity-routine","0"
"smart goals evaluation","D:/Website Goal Planner/vigilant-eagle-drift/articles/smart-work-goals-examples-for-evaluation","smart-work-goals-examples-for-evaluation|smart-goals-examples-for-self-evaluation","0"
"smart goals example disability","D:/Website Goal Planner/vigilant-eagle-drift/articles/beat-procrastination-and-stay-productive","beat-procrastination-and-stay-productive|stay-focused-without-distractions|daily-productivity-routine","0"
"smart goals examples","D:/Website Goal Planner/vigilant-eagle-drift/articles/D:/Website Goal Planner/vigilant-eagle-drift/articles/smart-goals-examples","D:/Website Goal Planner/vigilant-eagle-drift/articles/smart-goals-examples","0"
"smart goals examples for a company","D:/Website Goal Planner/vigilant-eagle-drift/articles/company-smart-goals","company-smart-goals|company-smart-goals-examples","0"
"smart goals examples for account managers","D:/Website Goal Planner/vigilant-eagle-drift/articles/examples-of-smart-goals-for-account-managers","examples-of-smart-goals-for-account-managers","0"
"smart goals examples for accounting clerk","D:/Website Goal Planner/vigilant-eagle-drift/articles/smart-goals","smart-goals|accounting-smart-goals|smart-goals-template-and-examples-2026","0"
"smart goals examples for analyst","D:/Website Goal Planner/vigilant-eagle-drift/articles/data-analyst-smart-goals-examples","data-analyst-smart-goals-examples","0"
"smart goals examples for automotive","D:/Website Goal Planner/vigilant-eagle-drift/articles/beat-procrastination-and-stay-productive","beat-procrastination-and-stay-productive|stay-focused-without-distractions|daily-productivity-routine","0"
"smart goals examples for bankers","D:/Website Goal Planner/vigilant-eagle-drift/articles/beat-procrastination-and-stay-productive","beat-procrastination-and-stay-productive|stay-focused-without-distractions|daily-productivity-routine","0"
"smart goals examples for business","D:/Website Goal Planner/vigilant-eagle-drift/articles/D:/Website Goal Planner/vigilant-eagle-drift/articles/smart-goals-examples-for-business","D:/Website Goal Planner/vigilant-eagle-drift/articles/smart-goals-examples-for-business","0"
"smart goals examples for career","D:/Website Goal Planner/vigilant-eagle-drift/articles/D:/Website Goal Planner/vigilant-eagle-drift/articles/smart-goals-examples-for-career","D:/Website Goal Planner/vigilant-eagle-drift/articles/smart-goals-examples-for-career","0"
"smart goals examples for chef","D:/Website Goal Planner/vigilant-eagle-drift/articles/beat-procrastination-and-stay-productive","beat-procrastination-and-stay-productive|stay-focused-without-distractions|daily-productivity-routine","0"
"smart goals examples for coffee shop","NO_COVERAGE","","0"
"smart goals examples for construction workers","D:/Website Goal Planner/vigilant-eagle-drift/articles/development-goals-examples","development-goals-examples|examples-of-smart-goals-for-construction-project-managers|smart-goals-for-food-service-workers","0"
"smart goals examples for data analyst","D:/Website Goal Planner/vigilant-eagle-drift/articles/data-analyst-smart-goals-examples","data-analyst-smart-goals-examples","13"
"smart goals examples for database administrators","D:/Website Goal Planner/vigilant-eagle-drift/articles/smart-goals-for-administrators-examples","smart-goals-for-administrators-examples|examples-of-smart-goals-for-healthcare-administrators","0"
"smart goals examples for delivery drivers","NO_COVERAGE","","0"
"smart goals examples for employees","D:/Website Goal Planner/vigilant-eagle-drift/articles/D:/Website Goal Planner/vigilant-eagle-drift/articles/smart-goals-examples-for-employees","D:/Website Goal Planner/vigilant-eagle-drift/articles/smart-goals-examples-for-employees","0"
"smart goals examples for food service","D:/Website Goal Planner/vigilant-eagle-drift/articles/smart-goals-for-food-service-workers","smart-goals-for-food-service-workers","0"
"smart goals examples for internship","D:/Website Goal Planner/vigilant-eagle-drift/articles/smart-goals-for-internship-examples","smart-goals-for-internship-examples|smart-goals-internship-examples","0"
"smart goals examples for interpersonal skills","D:/Website Goal Planner/vigilant-eagle-drift/articles/smart-goals-for-leadership","smart-goals-for-leadership|smart-goals-to-improve-leadership-skills|smart-goals-to-improve-communication-skills","0"
"smart goals examples for it professionals","D:/Website Goal Planner/vigilant-eagle-drift/articles/smart-goals-for-it-professionals","smart-goals-for-it-professionals","0"
"smart goals examples for operations manager","D:/Website Goal Planner/vigilant-eagle-drift/articles/smart-goals-for-operations-manager","smart-goals-for-operations-manager","0"
"smart goals examples for patients","D:/Website Goal Planner/vigilant-eagle-drift/articles/smart-goals-for-patients","smart-goals-for-patients|smart-goals-for-patients-examples","0"
"smart goals examples for personal life","D:/Website Goal Planner/vigilant-eagle-drift/articles/smart-goals-for-work","smart-goals-for-work","0"
"smart goals examples for placement students","D:/Website Goal Planner/vigilant-eagle-drift/articles/smart-goals-for-placement-students","smart-goals-for-placement-students","0"
"smart goals examples for public speaking","D:/Website Goal Planner/vigilant-eagle-drift/articles/smart-goals-public-health","smart-goals-public-health","0"
"smart goals examples for self evaluation","D:/Website Goal Planner/vigilant-eagle-drift/articles/D:/Website Goal Planner/vigilant-eagle-drift/articles/smart-goals-examples-for-self-evaluation","D:/Website Goal Planner/vigilant-eagle-drift/articles/smart-goals-examples-for-self-evaluation","0"
"smart goals examples for students","D:/Website Goal Planner/vigilant-eagle-drift/articles/D:/Website Goal Planner/vigilant-eagle-drift/articles/smart-goals-examples-for-students","D:/Website Goal Planner/vigilant-eagle-drift/articles/smart-goals-examples-for-students","0"
"smart goals examples for team building","D:/Website Goal Planner/vigilant-eagle-drift/articles/smart-goals-for-team-building","smart-goals-for-team-building|smart-team-building-goals-examples","0"
"smart goals examples for training and development","D:/Website Goal Planner/vigilant-eagle-drift/articles/training-and-development-smart-goals-examples","training-and-development-smart-goals-examples|smart-goals-for-training-and-development","0"
"smart goals examples for travel agency","NO_COVERAGE","","0"
"smart goals examples for university students","D:/Website Goal Planner/vigilant-eagle-drift/articles/smart-goals-for-university-students","smart-goals-for-university-students","0"
"smart goals examples for warehouse","D:/Website Goal Planner/vigilant-eagle-drift/articles/smart-goals-for-warehouse-managers","smart-goals-for-warehouse-managers|smart-goals-for-warehouse-employees","0"
"smart goals examples for work","D:/Website Goal Planner/vigilant-eagle-drift/articles/D:/Website Goal Planner/vigilant-eagle-drift/articles/smart-goals-examples-for-work","D:/Website Goal Planner/vigilant-eagle-drift/articles/smart-goals-examples-for-work","0"
"smart goals examples for work leadership","D:/Website Goal Planner/vigilant-eagle-drift/articles/D:/Website Goal Planner/vigilant-eagle-drift/articles/smart-goals-examples-for-work","D:/Website Goal Planner/vigilant-eagle-drift/articles/smart-goals-examples-for-work|D:/Website Goal Planner/vigilant-eagle-drift/articles/smart-goals-examples-for-work-leadership","0"
"smart goals examples in business","D:/Website Goal Planner/vigilant-eagle-drift/articles/goal-tracking-system","goal-tracking-system|smart-goals-examples-for-business|measurable-goals","0"
"smart goals examples professional development","D:/Website Goal Planner/vigilant-eagle-drift/articles/development-goals-examples","development-goals-examples|smart-goals-for-professional-development|smart-goals-for-professional-development-examples","0"
"smart goals examples project management","D:/Website Goal Planner/vigilant-eagle-drift/articles/smart-criteria","smart-criteria|smart-goals-in-project-management|smart-goals-in-pr","0"
"smart goals explained","D:/Website Goal Planner/vigilant-eagle-drift/articles/D:/Website Goal Planner/vigilant-eagle-drift/articles/smart-goals-explained","D:/Website Goal Planner/vigilant-eagle-drift/articles/smart-goals-explained","0"
"smart goals explained for students","D:/Website Goal Planner/vigilant-eagle-drift/articles/D:/Website Goal Planner/vigilant-eagle-drift/articles/smart-goals-explained","D:/Website Goal Planner/vigilant-eagle-drift/articles/smart-goals-explained","0"
"smart goals explained with examples","D:/Website Goal Planner/vigilant-eagle-drift/articles/D:/Website Goal Planner/vigilant-eagle-drift/articles/smart-goals-explained","D:/Website Goal Planner/vigilant-eagle-drift/articles/smart-goals-explained","0"
"smart goals for 2022","D:/Website Goal Planner/vigilant-eagle-drift/articles/beat-procrastination-and-stay-productive","beat-procrastination-and-stay-productive|stay-focused-without-distractions|daily-productivity-routine","6"
"smart goals for 2023","D:/Website Goal Planner/vigilant-eagle-drift/articles/D:/Website Goal Planner/vigilant-eagle-drift/articles/smart-goals-for-2023","D:/Website Goal Planner/vigilant-eagle-drift/articles/smart-goals-for-2023","0"
"smart goals for a bakery","D:/Website Goal Planner/vigilant-eagle-drift/articles/beat-procrastination-and-stay-productive","beat-procrastination-and-stay-productive|stay-focused-without-distractions|daily-productivity-routine","0"
"smart goals for a bakery examples","D:/Website Goal Planner/vigilant-eagle-drift/articles/beat-procrastination-and-stay-productive","beat-procrastination-and-stay-productive|stay-focused-without-distractions|daily-productivity-routine","0"
"smart goals for a coffee shop","NO_COVERAGE","","0"
"smart goals for a company","D:/Website Goal Planner/vigilant-eagle-drift/articles/company-smart-goals","company-smart-goals|company-smart-goals-examples","0"
"smart goals for a manager","D:/Website Goal Planner/vigilant-eagle-drift/articles/measurable-goals","measurable-goals|project-manager-smart-goals-examples|smart-goals-for-customer-success-manager","0"
"smart goals for a new job","D:/Website Goal Planner/vigilant-eagle-drift/articles/smart-goals-for-new-job","smart-goals-for-new-job","0"
"smart goals for account managers","D:/Website Goal Planner/vigilant-eagle-drift/articles/examples-of-smart-goals-for-account-managers","examples-of-smart-goals-for-account-managers","0"
"smart goals for accountants examples","D:/Website Goal Planner/vigilant-eagle-drift/articles/D:/Website Goal Planner/vigilant-eagle-drift/articles/smart-goals-for-accountants-examples","D:/Website Goal Planner/vigilant-eagle-drift/articles/smart-goals-for-accountants-examples","0"
"smart goals for accounts receivable","D:/Website Goal Planner/vigilant-eagle-drift/articles/smart-goals-examples","smart-goals-examples|accounts-receivable-smart-goals-examples|smart-goals-template-and-examples-2026","0"
"smart goals for administrative assistants","D:/Website Goal Planner/vigilant-eagle-drift/articles/D:/Website Goal Planner/vigilant-eagle-drift/articles/smart-goals-for-administrative-assistants","D:/Website Goal Planner/vigilant-eagle-drift/articles/smart-goals-for-administrative-assistants","3"
"smart goals for administrators","D:/Website Goal Planner/vigilant-eagle-drift/articles/smart-goals-for-administrators-examples","smart-goals-for-administrators-examples|examples-of-smart-goals-for-healthcare-administrators","0"
"smart goals for administrators examples","D:/Website Goal Planner/vigilant-eagle-drift/articles/D:/Website Goal Planner/vigilant-eagle-drift/articles/smart-goals-for-administrators-examples","D:/Website Goal Planner/vigilant-eagle-drift/articles/smart-goals-for-administrators-examples","0"
"smart goals for admissions","D:/Website Goal Planner/vigilant-eagle-drift/articles/beat-procrastination-and-stay-productive","beat-procrastination-and-stay-productive|stay-focused-without-distractions|daily-productivity-routine","0"
"smart goals for adults","D:/Website Goal Planner/vigilant-eagle-drift/articles/smart-goals-for-young-adults","smart-goals-for-young-adults","0"
"smart goals for agile transformation","D:/Website Goal Planner/vigilant-eagle-drift/articles/smart-goals","smart-goals|smart-goals-examples|agile-smart-goals","4"
"smart goals for agriculture","D:/Website Goal Planner/vigilant-eagle-drift/articles/beat-procrastination-and-stay-productive","beat-procrastination-and-stay-productive|stay-focused-without-distractions|daily-productivity-routine","0"
"smart goals for airlines","D:/Website Goal Planner/vigilant-eagle-drift/articles/beat-procrastination-and-stay-productive","beat-procrastination-and-stay-productive|stay-focused-without-distractions|daily-productivity-routine","0"
"smart goals for an internship","D:/Website Goal Planner/vigilant-eagle-drift/articles/smart-goals-for-internship-examples","smart-goals-for-internship-examples|smart-goals-internship-examples","0"
"smart goals for anxiety examples","D:/Website Goal Planner/vigilant-eagle-drift/articles/D:/Website Goal Planner/vigilant-eagle-drift/articles/overcome-fear-and-anxiety","D:/Website Goal Planner/vigilant-eagle-drift/articles/overcome-fear-and-anxiety","0"
"smart goals for architects","D:/Website Goal Planner/vigilant-eagle-drift/articles/beat-procrastination-and-stay-productive","beat-procrastination-and-stay-productive|stay-focused-without-distractions|daily-productivity-routine","0"
"smart goals for artists","D:/Website Goal Planner/vigilant-eagle-drift/articles/beat-procrastination-and-stay-productive","beat-procrastination-and-stay-productive|stay-focused-without-distractions|daily-productivity-routine","0"
"smart goals for bank employees","D:/Website Goal Planner/vigilant-eagle-drift/articles/smart-goals-examples-for-employees","smart-goals-examples-for-employees|measurable-goals|smart-goals-for-warehouse-employees","0"
"smart goals for beauty salon","NO_COVERAGE","","0"
"smart goals for behavior change examples","D:/Website Goal Planner/vigilant-eagle-drift/articles/mindset-shifts-for-success","mindset-shifts-for-success|change-management-smart-goals-examples|smart-goals-organizational-behavior","0"
"smart goals for billing department","D:/Website Goal Planner/vigilant-eagle-drift/articles/smart-goals-for-purchasing-department-examples","smart-goals-for-purchasing-department-examples","0"
"smart goals for brand awareness examples","D:/Website Goal Planner/vigilant-eagle-drift/articles/smart-goals-examples","smart-goals-examples|brand-awareness-smart-goals-examples","0"
"smart goals for business development manager","D:/Website Goal Planner/vigilant-eagle-drift/articles/measurable-goals","measurable-goals","0"
"smart goals for business intelligence","D:/Website Goal Planner/vigilant-eagle-drift/articles/goal-tracking-system","goal-tracking-system|smart-goals-examples-for-business|measurable-goals","0"
"smart goals for career development","D:/Website Goal Planner/vigilant-eagle-drift/articles/smart-goals-examples","smart-goals-examples|smart-goals-for-career-development-examples|career-development-smart-goals-examples","0"
"smart goals for career development examples","D:/Website Goal Planner/vigilant-eagle-drift/articles/D:/Website Goal Planner/vigilant-eagle-drift/articles/smart-goals-for-career-development-examples","D:/Website Goal Planner/vigilant-eagle-drift/articles/smart-goals-for-career-development-examples","0"
"smart goals for case managers examples","D:/Website Goal Planner/vigilant-eagle-drift/articles/smart-goals-for-managers-examples","smart-goals-for-managers-examples|smart-goals-for-warehouse-managers|smart-goals-for-managers","0"
"smart goals for catering business","D:/Website Goal Planner/vigilant-eagle-drift/articles/goal-tracking-system","goal-tracking-system|smart-goals-examples-for-business|measurable-goals","0"
"smart goals for chefs","D:/Website Goal Planner/vigilant-eagle-drift/articles/beat-procrastination-and-stay-productive","beat-procrastination-and-stay-productive|stay-focused-without-distractions|daily-productivity-routine","0"
"smart goals for civil engineers examples","D:/Website Goal Planner/vigilant-eagle-drift/articles/examples-of-smart-goals-for-engineers","examples-of-smart-goals-for-engineers|smart-goals-for-mechanical-engineers|smart-goals-for-mechanical-engineers-examples","0"
"smart goals for claims adjusters","NO_COVERAGE","","0"
"smart goals for cleaners","D:/Website Goal Planner/vigilant-eagle-drift/articles/beat-procrastination-and-stay-productive","beat-procrastination-and-stay-productive|stay-focused-without-distractions|daily-productivity-routine","0"
"smart goals for cleaning services examples","NO_COVERAGE","","3"
"smart goals for clothing business","D:/Website Goal Planner/vigilant-eagle-drift/articles/goal-tracking-system","goal-tracking-system|smart-goals-examples-for-business|measurable-goals","0"
"smart goals for coaching","D:/Website Goal Planner/vigilant-eagle-drift/articles/smart-goals-for-coaching-examples","smart-goals-for-coaching-examples|coaching-smart-goals-examples","0"
"smart goals for coaching and mentoring","D:/Website Goal Planner/vigilant-eagle-drift/articles/smart-mentoring-goals-examples","smart-mentoring-goals-examples|smart-goals-for-coaching-examples|coaching-smart-goals-examples","0"
"smart goals for coaching examples","D:/Website Goal Planner/vigilant-eagle-drift/articles/D:/Website Goal Planner/vigilant-eagle-drift/articles/smart-goals-for-coaching-examples","D:/Website Goal Planner/vigilant-eagle-drift/articles/smart-goals-for-coaching-examples","0"
"smart goals for coffee shop","NO_COVERAGE","","0"
"smart goals for collaboration","D:/Website Goal Planner/vigilant-eagle-drift/articles/collaboration-smart-goals-examples","collaboration-smart-goals-examples|smart-goals-for-team-collaboration","0"
"smart goals for collaboration examples","D:/Website Goal Planner/vigilant-eagle-drift/articles/collaboration-smart-goals-examples","collaboration-smart-goals-examples|smart-goals-for-team-collaboration","0"
"smart goals for communication and relationship building","D:/Website Goal Planner/vigilant-eagle-drift/articles/examples-of-smart-goals-for-communication-and-relationship-building","examples-of-smart-goals-for-communication-and-relationship-building","0"
"smart goals for communication managers","D:/Website Goal Planner/vigilant-eagle-drift/articles/smart-goals-for-managers-examples","smart-goals-for-managers-examples|smart-goals-for-warehouse-managers|smart-goals-for-managers","0"
"smart goals for communication skills examples","D:/Website Goal Planner/vigilant-eagle-drift/articles/smart-goals-to-improve-communication-skills","smart-goals-to-improve-communication-skills|communication-skills-smart-goals|smart-goals-t","1"
"smart goals for communications professionals","D:/Website Goal Planner/vigilant-eagle-drift/articles/examples-of-smart-goals-for-hr-professionals","examples-of-smart-goals-for-hr-professionals|smart-goals-for-hr-professionals|examples-of-smart-goals-for-healthcare-professionals","0"
"smart goals for construction project managers","D:/Website Goal Planner/vigilant-eagle-drift/articles/examples-of-smart-goals-for-construction-project-managers","examples-of-smart-goals-for-construction-project-managers","0"
"smart goals for consultants","D:/Website Goal Planner/vigilant-eagle-drift/articles/beat-procrastination-and-stay-productive","beat-procrastination-and-stay-productive|stay-focused-without-distractions|daily-productivity-routine","0"
"smart goals for content marketing","D:/Website Goal Planner/vigilant-eagle-drift/articles/smart-goals-for-content-marketing-examples","smart-goals-for-content-marketing-examples|content-marketing-smart-goals","0"
"smart goals for content marketing examples","D:/Website Goal Planner/vigilant-eagle-drift/articles/D:/Website Goal Planner/vigilant-eagle-drift/articles/smart-goals-for-content-marketing-examples","D:/Website Goal Planner/vigilant-eagle-drift/articles/smart-goals-for-content-marketing-examples","0"
"smart goals for copywriters","D:/Website Goal Planner/vigilant-eagle-drift/articles/beat-procrastination-and-stay-productive","beat-procrastination-and-stay-productive|stay-focused-without-distractions|daily-productivity-routine","0"
"smart goals for corporate trainers","NO_COVERAGE","","0"
"smart goals for cosmetic business","D:/Website Goal Planner/vigilant-eagle-drift/articles/goal-tracking-system","goal-tracking-system|smart-goals-examples-for-business|measurable-goals","0"
"smart goals for counseling internship","D:/Website Goal Planner/vigilant-eagle-drift/articles/smart-goals-for-internship-examples","smart-goals-for-internship-examples|smart-goals-internship-examples","0"
"smart goals for couples therapy","D:/Website Goal Planner/vigilant-eagle-drift/articles/D:/Website Goal Planner/vigilant-eagle-drift/articles/smart-goals-for-couples-therapy","D:/Website Goal Planner/vigilant-eagle-drift/articles/smart-goals-for-couples-therapy","0"
"smart goals for covid 19 examples","NO_COVERAGE","","0"
"smart goals for creative director","D:/Website Goal Planner/vigilant-eagle-drift/articles/smart-goals-for-director-of-operations","smart-goals-for-director-of-operations","0"
"smart goals for creatives examples","D:/Website Goal Planner/vigilant-eagle-drift/articles/beat-procrastination-and-stay-productive","beat-procrastination-and-stay-productive|stay-focused-without-distractions|daily-productivity-routine","0"
"smart goals for culture","D:/Website Goal Planner/vigilant-eagle-drift/articles/beat-procrastination-and-stay-productive","beat-procrastination-and-stay-productive|stay-focused-without-distractions|daily-productivity-routine","0"
"smart goals for customer success manager","D:/Website Goal Planner/vigilant-eagle-drift/articles/D:/Website Goal Planner/vigilant-eagle-drift/articles/smart-goals-for-customer-success-manager","D:/Website Goal Planner/vigilant-eagle-drift/articles/smart-goals-for-customer-success-manager","0"
"smart goals for data analyst","D:/Website Goal Planner/vigilant-eagle-drift/articles/data-analyst-smart-goals-examples","data-analyst-smart-goals-examples","17"
"smart goals for data scientist","D:/Website Goal Planner/vigilant-eagle-drift/articles/data-analyst-smart-goals-examples","data-analyst-smart-goals-examples","0"
"smart goals for decision making","D:/Website Goal Planner/vigilant-eagle-drift/articles/making-smart-goals","making-smart-goals","0"
"smart goals for designers","D:/Website Goal Planner/vigilant-eagle-drift/articles/smart-performance-goals","smart-performance-goals|smart-goals-for-instructional-designers","0"
"smart goals for digital marketing","D:/Website Goal Planner/vigilant-eagle-drift/articles/D:/Website Goal Planner/vigilant-eagle-drift/articles/smart-goals-for-digital-marketing","D:/Website Goal Planner/vigilant-eagle-drift/articles/smart-goals-for-digital-marketing","0"
"smart goals for digital marketing examples","D:/Website Goal Planner/vigilant-eagle-drift/articles/D:/Website Goal Planner/vigilant-eagle-drift/articles/smart-goals-for-digital-marketing","D:/Website Goal Planner/vigilant-eagle-drift/articles/smart-goals-for-digital-marketing","0"
"smart goals for director of operations","D:/Website Goal Planner/vigilant-eagle-drift/articles/D:/Website Goal Planner/vigilant-eagle-drift/articles/smart-goals-for-director-of-operations","D:/Website Goal Planner/vigilant-eagle-drift/articles/smart-goals-for-director-of-operations","0"
"smart goals for dispatchers","D:/Website Goal Planner/vigilant-eagle-drift/articles/beat-procrastination-and-stay-productive","beat-procrastination-and-stay-productive|stay-focused-without-distractions|daily-productivity-routine","0"
"smart goals for diversity and inclusion","D:/Website Goal Planner/vigilant-eagle-drift/articles/D:/Website Goal Planner/vigilant-eagle-drift/articles/smart-goals-for-diversity-and-inclusion","D:/Website Goal Planner/vigilant-eagle-drift/articles/smart-goals-for-diversity-and-inclusion","0"
"smart goals for dummies","D:/Website Goal Planner/vigilant-eagle-drift/articles/beat-procrastination-and-stay-productive","beat-procrastination-and-stay-productive|stay-focused-without-distractions|daily-productivity-routine","0"
"smart goals for ecommerce","D:/Website Goal Planner/vigilant-eagle-drift/articles/beat-procrastination-and-stay-productive","beat-procrastination-and-stay-productive|stay-focused-without-distractions|daily-productivity-routine","0"
"smart goals for electrical engineers","D:/Website Goal Planner/vigilant-eagle-drift/articles/examples-of-smart-goals-for-engineers","examples-of-smart-goals-for-engineers|smart-goals-for-mechanical-engineers|smart-goals-for-mechanical-engineers-examples","0"
"smart goals for emotional regulation","D:/Website Goal Planner/vigilant-eagle-drift/articles/emotional-intelligence-smart-goals","emotional-intelligence-smart-goals|emotional-smart-goals-examples|emotional-wellness-smart-goals","0"
"smart goals for emotional wellness","D:/Website Goal Planner/vigilant-eagle-drift/articles/emotional-wellness-smart-goals","emotional-wellness-smart-goals","0"
"smart goals for employee performance","D:/Website Goal Planner/vigilant-eagle-drift/articles/development-goals-examples","development-goals-examples|smart-method|smart-performance-goals-examples","0"
"smart goals for employees","D:/Website Goal Planner/vigilant-eagle-drift/articles/D:/Website Goal Planner/vigilant-eagle-drift/articles/smart-goals-for-employees","D:/Website Goal Planner/vigilant-eagle-drift/articles/smart-goals-for-employees","0"
"smart goals for entrepreneurs","D:/Website Goal Planner/vigilant-eagle-drift/articles/D:/Website Goal Planner/vigilant-eagle-drift/articles/smart-goals-for-entrepreneurs","D:/Website Goal Planner/vigilant-eagle-drift/articles/smart-goals-for-entrepreneurs","0"
"smart goals for estimators","D:/Website Goal Planner/vigilant-eagle-drift/articles/beat-procrastination-and-stay-productive","beat-procrastination-and-stay-productive|stay-focused-without-distractions|daily-productivity-routine","0"
"smart goals for executive assistant examples","D:/Website Goal Planner/vigilant-eagle-drift/articles/executive-assistant-smart-goals-examples","executive-assistant-smart-goals-examples|executive-assistant-smart-goals","1"
"smart goals for executive directors","D:/Website Goal Planner/vigilant-eagle-drift/articles/executive-assistant-smart-goals-examples","executive-assistant-smart-goals-examples|examples-of-smart-goals-for-executive-assistants|executive-assistant-smart-goals","0"
"smart goals for family relationships","D:/Website Goal Planner/vigilant-eagle-drift/articles/family-smart-goals","family-smart-goals|family-smart-goals-examples","0"
"smart goals for fashion business","D:/Website Goal Planner/vigilant-eagle-drift/articles/goal-tracking-system","goal-tracking-system|smart-goals-examples-for-business|measurable-goals","0"
"smart goals for fashion designers","D:/Website Goal Planner/vigilant-eagle-drift/articles/smart-performance-goals","smart-performance-goals|smart-goals-for-instructional-designers","0"
"smart goals for financial analyst","D:/Website Goal Planner/vigilant-eagle-drift/articles/stay-focused-without-distractions","stay-focused-without-distractions|smart-goals-examples-for-business|financial-smart-goals-examples-for-business","1"
"smart goals for food business","D:/Website Goal Planner/vigilant-eagle-drift/articles/example-of-goals-in-food-business","example-of-goals-in-food-business","0"
"smart goals for food service workers","D:/Website Goal Planner/vigilant-eagle-drift/articles/D:/Website Goal Planner/vigilant-eagle-drift/articles/smart-goals-for-food-service-workers","D:/Website Goal Planner/vigilant-eagle-drift/articles/smart-goals-for-food-service-workers","2"
"smart goals for friends","D:/Website Goal Planner/vigilant-eagle-drift/articles/goal-tracking-system","goal-tracking-system","0"
"smart goals for graduate students","D:/Website Goal Planner/vigilant-eagle-drift/articles/beat-procrastination-and-stay-productive","beat-procrastination-and-stay-productive|daily-productivity-routine|mindset-shifts-for-success","0"
"smart goals for graphic designers","D:/Website Goal Planner/vigilant-eagle-drift/articles/smart-performance-goals","smart-performance-goals|graphic-designer-smart-goals-examples|smart-goals-for-instructional-designers","5"
"smart goals for graphic designers examples","D:/Website Goal Planner/vigilant-eagle-drift/articles/smart-performance-goals","smart-performance-goals|graphic-designer-smart-goals-examples|smart-goals-for-instructional-designers","0"
"smart goals for group work","D:/Website Goal Planner/vigilant-eagle-drift/articles/build-discipline-and-consistency","build-discipline-and-consistency|quotes-for-discipline-and-hard-work|smart-goals-examples","0"
"smart goals for healthcare administrators","D:/Website Goal Planner/vigilant-eagle-drift/articles/examples-of-smart-goals-for-healthcare-administrators","examples-of-smart-goals-for-healthcare-administrators","0"
"smart goals for hospitality industry","D:/Website Goal Planner/vigilant-eagle-drift/articles/examples-of-smart-goals-in-hospitality","examples-of-smart-goals-in-hospitality","0"
"smart goals for hotels","D:/Website Goal Planner/vigilant-eagle-drift/articles/beat-procrastination-and-stay-productive","beat-procrastination-and-stay-productive|stay-focused-without-distractions|daily-productivity-routine","0"
"smart goals for housekeeping managers","D:/Website Goal Planner/vigilant-eagle-drift/articles/smart-goals-for-managers-examples","smart-goals-for-managers-examples|smart-goals-for-warehouse-managers|smart-goals-for-managers","0"
"smart goals for hr assistant","D:/Website Goal Planner/vigilant-eagle-drift/articles/executive-assistant-smart-goals-examples","executive-assistant-smart-goals-examples|hr-smart-goals|examples-of-smart-goals-for-hr-professionals","0"
"smart goals for hr coordinator","D:/Website Goal Planner/vigilant-eagle-drift/articles/examples-of-smart-goals-for-hr-coordinator","examples-of-smart-goals-for-hr-coordinator","1"
"smart goals for hr manager","D:/Website Goal Planner/vigilant-eagle-drift/articles/D:/Website Goal Planner/vigilant-eagle-drift/articles/smart-goals-for-hr-manager","D:/Website Goal Planner/vigilant-eagle-drift/articles/smart-goals-for-hr-manager","0"
"smart goals for hr professionals","D:/Website Goal Planner/vigilant-eagle-drift/articles/D:/Website Goal Planner/vigilant-eagle-drift/articles/smart-goals-for-hr-professionals","D:/Website Goal Planner/vigilant-eagle-drift/articles/smart-goals-for-hr-professionals","0"
"smart goals for human resources","D:/Website Goal Planner/vigilant-eagle-drift/articles/D:/Website Goal Planner/vigilant-eagle-drift/articles/smart-goals-for-human-resources","D:/Website Goal Planner/vigilant-eagle-drift/articles/smart-goals-for-human-resources","0"
"smart goals for information technology examples","D:/Website Goal Planner/vigilant-eagle-drift/articles/D:/Website Goal Planner/vigilant-eagle-drift/articles/smart-goals-for-information-technology-examples","D:/Website Goal Planner/vigilant-eagle-drift/articles/smart-goals-for-information-technology-examples","0"
"smart goals for instructional designers","D:/Website Goal Planner/vigilant-eagle-drift/articles/D:/Website Goal Planner/vigilant-eagle-drift/articles/smart-goals-for-instructional-designers","D:/Website Goal Planner/vigilant-eagle-drift/articles/smart-goals-for-instructional-designers","0"
"smart goals for internship examples","D:/Website Goal Planner/vigilant-eagle-drift/articles/D:/Website Goal Planner/vigilant-eagle-drift/articles/smart-goals-for-internship-examples","D:/Website Goal Planner/vigilant-eagle-drift/articles/smart-goals-for-internship-examples","0"
"smart goals for interpersonal skills","D:/Website Goal Planner/vigilant-eagle-drift/articles/smart-goals-for-leadership","smart-goals-for-leadership|smart-goals-to-improve-leadership-skills|smart-goals-to-improve-communication-skills","0"
"smart goals for it managers","D:/Website Goal Planner/vigilant-eagle-drift/articles/D:/Website Goal Planner/vigilant-eagle-drift/articles/smart-goals-for-it-managers","D:/Website Goal Planner/vigilant-eagle-drift/articles/smart-goals-for-it-managers","0"
"smart goals for it professionals","D:/Website Goal Planner/vigilant-eagle-drift/articles/D:/Website Goal Planner/vigilant-eagle-drift/articles/smart-goals-for-it-professionals","D:/Website Goal Planner/vigilant-eagle-drift/articles/smart-goals-for-it-professionals","0"
"smart goals for jewelry business","D:/Website Goal Planner/vigilant-eagle-drift/articles/goal-tracking-system","goal-tracking-system|smart-goals-examples-for-business|measurable-goals","0"
"smart goals for job","D:/Website Goal Planner/vigilant-eagle-drift/articles/D:/Website Goal Planner/vigilant-eagle-drift/articles/smart-goals-for-job","D:/Website Goal Planner/vigilant-eagle-drift/articles/smart-goals-for-job","0"
"smart goals for kitchen staff","D:/Website Goal Planner/vigilant-eagle-drift/articles/D:/Website Goal Planner/vigilant-eagle-drift/articles/smart-goals-for-kitchen-staff","D:/Website Goal Planner/vigilant-eagle-drift/articles/smart-goals-for-kitchen-staff","0"
"smart goals for lawyers examples","D:/Website Goal Planner/vigilant-eagle-drift/articles/D:/Website Goal Planner/vigilant-eagle-drift/articles/smart-goals-for-lawyers-examples","D:/Website Goal Planner/vigilant-eagle-drift/articles/smart-goals-for-lawyers-examples","0"
"smart goals for leadership","D:/Website Goal Planner/vigilant-eagle-drift/articles/D:/Website Goal Planner/vigilant-eagle-drift/articles/smart-goals-for-leadership","D:/Website Goal Planner/vigilant-eagle-drift/articles/smart-goals-for-leadership","0"
"smart goals for leadership development","D:/Website Goal Planner/vigilant-eagle-drift/articles/D:/Website Goal Planner/vigilant-eagle-drift/articles/smart-goals-for-leadership","D:/Website Goal Planner/vigilant-eagle-drift/articles/smart-goals-for-leadership|D:/Website Goal Planner/vigilant-eagle-drift/articles/smart-goals-for-leadership-development|D:/Website Goal Planner/vigilant-eagle-drift/articles/smart-goals-for-leadership-development","0"
"smart goals for leadership skills examples","D:/Website Goal Planner/vigilant-eagle-drift/articles/D:/Website Goal Planner/vigilant-eagle-drift/articles/smart-goals-for-leadership","D:/Website Goal Planner/vigilant-eagle-drift/articles/smart-goals-for-leadership|D:/Website Goal Planner/vigilant-eagle-drift/articles/smart-goals-for-leadership-skills-examples","0"
"smart goals for learning","D:/Website Goal Planner/vigilant-eagle-drift/articles/D:/Website Goal Planner/vigilant-eagle-drift/articles/smart-goals-for-learning","D:/Website Goal Planner/vigilant-eagle-drift/articles/smart-goals-for-learning","0"
"smart goals for learning and development","D:/Website Goal Planner/vigilant-eagle-drift/articles/D:/Website Goal Planner/vigilant-eagle-drift/articles/smart-goals-for-learning","D:/Website Goal Planner/vigilant-eagle-drift/articles/smart-goals-for-learning|D:/Website Goal Planner/vigilant-eagle-drift/articles/smart-goals-for-learning-and-development","0"
"smart goals for life","D:/Website Goal Planner/vigilant-eagle-drift/articles/D:/Website Goal Planner/vigilant-eagle-drift/articles/smart-goals-for-life","D:/Website Goal Planner/vigilant-eagle-drift/articles/smart-goals-for-life","0"
"smart goals for listening skills","D:/Website Goal Planner/vigilant-eagle-drift/articles/D:/Website Goal Planner/vigilant-eagle-drift/articles/smart-goals-for-listening-skills","D:/Website Goal Planner/vigilant-eagle-drift/articles/smart-goals-for-listening-skills","0"
"smart goals for loan officers","D:/Website Goal Planner/vigilant-eagle-drift/articles/D:/Website Goal Planner/vigilant-eagle-drift/articles/smart-goals-for-loan-officers","D:/Website Goal Planner/vigilant-eagle-drift/articles/smart-goals-for-loan-officers","0"
"smart goals for maintenance technician","D:/Website Goal Planner/vigilant-eagle-drift/articles/D:/Website Goal Planner/vigilant-eagle-drift/articles/smart-goals-for-maintenance-technician","D:/Website Goal Planner/vigilant-eagle-drift/articles/smart-goals-for-maintenance-technician","0"
"smart goals for managers","D:/Website Goal Planner/vigilant-eagle-drift/articles/D:/Website Goal Planner/vigilant-eagle-drift/articles/smart-goals-for-managers","D:/Website Goal Planner/vigilant-eagle-drift/articles/smart-goals-for-managers","0"
"smart goals for managers and leaders","D:/Website Goal Planner/vigilant-eagle-drift/articles/D:/Website Goal Planner/vigilant-eagle-drift/articles/smart-goals-for-managers","D:/Website Goal Planner/vigilant-eagle-drift/articles/smart-goals-for-managers","0"
"smart goals for managers examples","D:/Website Goal Planner/vigilant-eagle-drift/articles/D:/Website Goal Planner/vigilant-eagle-drift/articles/smart-goals-for-managers-examples","D:/Website Goal Planner/vigilant-eagle-drift/articles/smart-goals-for-managers-examples|D:/Website Goal Planner/vigilant-eagle-drift/articles/smart-goals-for-managers","0"
"smart goals for managers in 2021","D:/Website Goal Planner/vigilant-eagle-drift/articles/D:/Website Goal Planner/vigilant-eagle-drift/articles/smart-goals-for-managers","D:/Website Goal Planner/vigilant-eagle-drift/articles/smart-goals-for-managers","0"
"smart goals for marketing campaign","D:/Website Goal Planner/vigilant-eagle-drift/articles/D:/Website Goal Planner/vigilant-eagle-drift/articles/smart-goals-for-marketing-campaign","D:/Website Goal Planner/vigilant-eagle-drift/articles/smart-goals-for-marketing-campaign","0"
"smart goals for marketing examples","D:/Website Goal Planner/vigilant-eagle-drift/articles/D:/Website Goal Planner/vigilant-eagle-drift/articles/smart-goals-for-marketing-examples","D:/Website Goal Planner/vigilant-eagle-drift/articles/smart-goals-for-marketing-examples","0"
"smart goals for marketing internship","D:/Website Goal Planner/vigilant-eagle-drift/articles/smart-marketing-goals-examples","smart-marketing-goals-examples|smart-marketing-goals|smart-goals-for-content-marketing-examples","0"
"smart goals for marketing managers","D:/Website Goal Planner/vigilant-eagle-drift/articles/D:/Website Goal Planner/vigilant-eagle-drift/articles/smart-goals-for-marketing-managers","D:/Website Goal Planner/vigilant-eagle-drift/articles/smart-goals-for-marketing-managers","0"
"smart goals for mechanical engineers","D:/Website Goal Planner/vigilant-eagle-drift/articles/D:/Website Goal Planner/vigilant-eagle-drift/articles/smart-goals-for-mechanical-engineers","D:/Website Goal Planner/vigilant-eagle-drift/articles/smart-goals-for-mechanical-engineers","0"
"smart goals for mechanical engineers examples","D:/Website Goal Planner/vigilant-eagle-drift/articles/D:/Website Goal Planner/vigilant-eagle-drift/articles/smart-goals-for-mechanical-engineers","D:/Website Goal Planner/vigilant-eagle-drift/articles/smart-goals-for-mechanical-engineers|D:/Website Goal Planner/vigilant-eagle-drift/articles/smart-goals-for-mechanical-engineers-examples","7"
"smart goals for medical students","D:/Website Goal Planner/vigilant-eagle-drift/articles/D:/Website Goal Planner/vigilant-eagle-drift/articles/smart-goals-for-medical-students","D:/Website Goal Planner/vigilant-eagle-drift/articles/smart-goals-for-medical-students","0"
"smart goals for mental health examples","D:/Website Goal Planner/vigilant-eagle-drift/articles/D:/Website Goal Planner/vigilant-eagle-drift/articles/smart-goals-for-mental-health-examples","D:/Website Goal Planner/vigilant-eagle-drift/articles/smart-goals-for-mental-health-examples|D:/Website Goal Planner/vigilant-eagle-drift/articles/smart-goals-for-mental-health","0"
"smart goals for mentees","D:/Website Goal Planner/vigilant-eagle-drift/articles/D:/Website Goal Planner/vigilant-eagle-drift/articles/smart-goals-for-mentees","D:/Website Goal Planner/vigilant-eagle-drift/articles/smart-goals-for-mentees","0"
"smart goals for mentoring","D:/Website Goal Planner/vigilant-eagle-drift/articles/D:/Website Goal Planner/vigilant-eagle-drift/articles/smart-goals-for-mentoring","D:/Website Goal Planner/vigilant-eagle-drift/articles/smart-goals-for-mentoring","0"
"smart goals for mentoring examples","D:/Website Goal Planner/vigilant-eagle-drift/articles/D:/Website Goal Planner/vigilant-eagle-drift/articles/smart-goals-for-mentoring","D:/Website Goal Planner/vigilant-eagle-drift/articles/smart-goals-for-mentoring|D:/Website Goal Planner/vigilant-eagle-drift/articles/smart-goals-for-mentoring-examples","0"
"smart goals for mentorship program","D:/Website Goal Planner/vigilant-eagle-drift/articles/D:/Website Goal Planner/vigilant-eagle-drift/articles/smart-goals-for-mentorship-program","D:/Website Goal Planner/vigilant-eagle-drift/articles/smart-goals-for-mentorship-program","0"
"smart goals for mentorship program examples","D:/Website Goal Planner/vigilant-eagle-drift/articles/D:/Website Goal Planner/vigilant-eagle-drift/articles/smart-goals-for-mentorship-program","D:/Website Goal Planner/vigilant-eagle-drift/articles/smart-goals-for-mentorship-program","0"
"smart goals for merchandising","D:/Website Goal Planner/vigilant-eagle-drift/articles/D:/Website Goal Planner/vigilant-eagle-drift/articles/smart-goals-for-merchandising","D:/Website Goal Planner/vigilant-eagle-drift/articles/smart-goals-for-merchandising","0"
"smart goals for mindfulness","D:/Website Goal Planner/vigilant-eagle-drift/articles/D:/Website Goal Planner/vigilant-eagle-drift/articles/smart-goals-for-mindfulness","D:/Website Goal Planner/vigilant-eagle-drift/articles/smart-goals-for-mindfulness","0"
"smart goals for moms","D:/Website Goal Planner/vigilant-eagle-drift/articles/D:/Website Goal Planner/vigilant-eagle-drift/articles/smart-goals-for-moms","D:/Website Goal Planner/vigilant-eagle-drift/articles/smart-goals-for-moms","0"
"smart goals for motivation","D:/Website Goal Planner/vigilant-eagle-drift/articles/D:/Website Goal Planner/vigilant-eagle-drift/articles/smart-goals-for-motivation","D:/Website Goal Planner/vigilant-eagle-drift/articles/smart-goals-for-motivation","0"
"smart goals for musicians","D:/Website Goal Planner/vigilant-eagle-drift/articles/D:/Website Goal Planner/vigilant-eagle-drift/articles/smart-goals-for-musicians","D:/Website Goal Planner/vigilant-eagle-drift/articles/smart-goals-for-musicians","0"
"smart goals for network engineers","D:/Website Goal Planner/vigilant-eagle-drift/articles/D:/Website Goal Planner/vigilant-eagle-drift/articles/smart-goals-for-network-engineers","D:/Website Goal Planner/vigilant-eagle-drift/articles/smart-goals-for-network-engineers","0"
"smart goals for new business","D:/Website Goal Planner/vigilant-eagle-drift/articles/D:/Website Goal Planner/vigilant-eagle-drift/articles/smart-goals-for-new-business","D:/Website Goal Planner/vigilant-eagle-drift/articles/smart-goals-for-new-business","0"
"smart goals for new employees","D:/Website Goal Planner/vigilant-eagle-drift/articles/D:/Website Goal Planner/vigilant-eagle-drift/articles/smart-goals-for-new-employees","D:/Website Goal Planner/vigilant-eagle-drift/articles/smart-goals-for-new-employees","0"
"smart goals for new employees examples","D:/Website Goal Planner/vigilant-eagle-drift/articles/D:/Website Goal Planner/vigilant-eagle-drift/articles/smart-goals-for-new-employees","D:/Website Goal Planner/vigilant-eagle-drift/articles/smart-goals-for-new-employees|D:/Website Goal Planner/vigilant-eagle-drift/articles/smart-goals-for-new-employees-examples","0"
"smart goals for new hires","D:/Website Goal Planner/vigilant-eagle-drift/articles/D:/Website Goal Planner/vigilant-eagle-drift/articles/smart-goals-for-new-hires","D:/Website Goal Planner/vigilant-eagle-drift/articles/smart-goals-for-new-hires","0"
"smart goals for new hires examples","D:/Website Goal Planner/vigilant-eagle-drift/articles/D:/Website Goal Planner/vigilant-eagle-drift/articles/smart-goals-for-new-hires","D:/Website Goal Planner/vigilant-eagle-drift/articles/smart-goals-for-new-hires|D:/Website Goal Planner/vigilant-eagle-drift/articles/smart-goals-for-new-hires-examples","0"
"smart goals for new job","D:/Website Goal Planner/vigilant-eagle-drift/articles/D:/Website Goal Planner/vigilant-eagle-drift/articles/smart-goals-for-new-job","D:/Website Goal Planner/vigilant-eagle-drift/articles/smart-goals-for-new-job","0"
"smart goals for new managers","D:/Website Goal Planner/vigilant-eagle-drift/articles/D:/Website Goal Planner/vigilant-eagle-drift/articles/smart-goals-for-new-managers","D:/Website Goal Planner/vigilant-eagle-drift/articles/smart-goals-for-new-managers","0"
"smart goals for office managers examples","D:/Website Goal Planner/vigilant-eagle-drift/articles/D:/Website Goal Planner/vigilant-eagle-drift/articles/smart-goals-for-office-managers-examples","D:/Website Goal Planner/vigilant-eagle-drift/articles/smart-goals-for-office-managers-examples","0"
"smart goals for operations manager","D:/Website Goal Planner/vigilant-eagle-drift/articles/D:/Website Goal Planner/vigilant-eagle-drift/articles/smart-goals-for-operations-manager","D:/Website Goal Planner/vigilant-eagle-drift/articles/smart-goals-for-operations-manager","0"
"smart goals for operations managers","D:/Website Goal Planner/vigilant-eagle-drift/articles/D:/Website Goal Planner/vigilant-eagle-drift/articles/smart-goals-for-operations-managers","D:/Website Goal Planner/vigilant-eagle-drift/articles/smart-goals-for-operations-managers|D:/Website Goal Planner/vigilant-eagle-drift/articles/smart-goals-for-operations-manager","0"
"smart goals for organizational skills","D:/Website Goal Planner/vigilant-eagle-drift/articles/D:/Website Goal Planner/vigilant-eagle-drift/articles/smart-goals-for-organizational-skills","D:/Website Goal Planner/vigilant-eagle-drift/articles/smart-goals-for-organizational-skills","0"
"smart goals for paraprofessionals examples","D:/Website Goal Planner/vigilant-eagle-drift/articles/D:/Website Goal Planner/vigilant-eagle-drift/articles/smart-goals-for-paraprofessionals-examples","D:/Website Goal Planner/vigilant-eagle-drift/articles/smart-goals-for-paraprofessionals-examples","0"
"smart goals for patients","D:/Website Goal Planner/vigilant-eagle-drift/articles/D:/Website Goal Planner/vigilant-eagle-drift/articles/smart-goals-for-patients","D:/Website Goal Planner/vigilant-eagle-drift/articles/smart-goals-for-patients","0"
"smart goals for patients examples","D:/Website Goal Planner/vigilant-eagle-drift/articles/D:/Website Goal Planner/vigilant-eagle-drift/articles/smart-goals-for-patients","D:/Website Goal Planner/vigilant-eagle-drift/articles/smart-goals-for-patients|D:/Website Goal Planner/vigilant-eagle-drift/articles/smart-goals-for-patients-examples","0"
"smart goals for personal development","D:/Website Goal Planner/vigilant-eagle-drift/articles/D:/Website Goal Planner/vigilant-eagle-drift/articles/smart-goals-for-personal-development","D:/Website Goal Planner/vigilant-eagle-drift/articles/smart-goals-for-personal-development","0"
"smart goals for personal development at work","D:/Website Goal Planner/vigilant-eagle-drift/articles/D:/Website Goal Planner/vigilant-eagle-drift/articles/smart-goals-for-personal-development","D:/Website Goal Planner/vigilant-eagle-drift/articles/smart-goals-for-personal-development|D:/Website Goal Planner/vigilant-eagle-drift/articles/smart-goals-for-personal-development-at-work","0"
"smart goals for personal hygiene","D:/Website Goal Planner/vigilant-eagle-drift/articles/D:/Website Goal Planner/vigilant-eagle-drift/articles/smart-goals-for-personal-hygiene","D:/Website Goal Planner/vigilant-eagle-drift/articles/smart-goals-for-personal-hygiene","0"
"smart goals for phd students","D:/Website Goal Planner/vigilant-eagle-drift/articles/D:/Website Goal Planner/vigilant-eagle-drift/articles/smart-goals-for-phd-students","D:/Website Goal Planner/vigilant-eagle-drift/articles/smart-goals-for-phd-students","0"
"smart goals for placement students","D:/Website Goal Planner/vigilant-eagle-drift/articles/D:/Website Goal Planner/vigilant-eagle-drift/articles/smart-goals-for-placement-students","D:/Website Goal Planner/vigilant-eagle-drift/articles/smart-goals-for-placement-students","0"
"smart goals for pmo","D:/Website Goal Planner/vigilant-eagle-drift/articles/beat-procrastination-and-stay-productive","beat-procrastination-and-stay-productive|stay-focused-without-distractions|daily-productivity-routine","0"
"smart goals for presentation skills examples","D:/Website Goal Planner/vigilant-eagle-drift/articles/D:/Website Goal Planner/vigilant-eagle-drift/articles/smart-goals-for-presentation-skills-examples","D:/Website Goal Planner/vigilant-eagle-drift/articles/smart-goals-for-presentation-skills-examples","0"
"smart goals for problem solving skills","D:/Website Goal Planner/vigilant-eagle-drift/articles/D:/Website Goal Planner/vigilant-eagle-drift/articles/smart-goals-for-problem-solving-skills","D:/Website Goal Planner/vigilant-eagle-drift/articles/smart-goals-for-problem-solving-skills","0"
"smart goals for process improvement","D:/Website Goal Planner/vigilant-eagle-drift/articles/D:/Website Goal Planner/vigilant-eagle-drift/articles/smart-goals-for-process-improvement","D:/Website Goal Planner/vigilant-eagle-drift/articles/smart-goals-for-process-improvement","0"
"smart goals for product managers","D:/Website Goal Planner/vigilant-eagle-drift/articles/D:/Website Goal Planner/vigilant-eagle-drift/articles/smart-goals-for-product-managers","D:/Website Goal Planner/vigilant-eagle-drift/articles/smart-goals-for-product-managers","0"
"smart goals for product managers examples","D:/Website Goal Planner/vigilant-eagle-drift/articles/D:/Website Goal Planner/vigilant-eagle-drift/articles/smart-goals-for-product-managers","D:/Website Goal Planner/vigilant-eagle-drift/articles/smart-goals-for-product-managers|D:/Website Goal Planner/vigilant-eagle-drift/articles/smart-goals-for-product-managers-examples","0"
"smart goals for product owners","D:/Website Goal Planner/vigilant-eagle-drift/articles/D:/Website Goal Planner/vigilant-eagle-drift/articles/smart-goals-for-product-owners","D:/Website Goal Planner/vigilant-eagle-drift/articles/smart-goals-for-product-owners","0"
"smart goals for professional development","D:/Website Goal Planner/vigilant-eagle-drift/articles/D:/Website Goal Planner/vigilant-eagle-drift/articles/smart-goals-for-professional-development","D:/Website Goal Planner/vigilant-eagle-drift/articles/smart-goals-for-professional-development","0"
"smart goals for professional development examples","D:/Website Goal Planner/vigilant-eagle-drift/articles/D:/Website Goal Planner/vigilant-eagle-drift/articles/smart-goals-for-professional-development","D:/Website Goal Planner/vigilant-eagle-drift/articles/smart-goals-for-professional-development|D:/Website Goal Planner/vigilant-eagle-drift/articles/smart-goals-for-professional-development-examples","0"
"smart goals for program managers","D:/Website Goal Planner/vigilant-eagle-drift/articles/D:/Website Goal Planner/vigilant-eagle-drift/articles/smart-goals-for-program-managers","D:/Website Goal Planner/vigilant-eagle-drift/articles/smart-goals-for-program-managers","0"
"smart goals for project engineers","D:/Website Goal Planner/vigilant-eagle-drift/articles/D:/Website Goal Planner/vigilant-eagle-drift/articles/smart-goals-for-project-engineers","D:/Website Goal Planner/vigilant-eagle-drift/articles/smart-goals-for-project-engineers","0"
"smart goals for project examples","D:/Website Goal Planner/vigilant-eagle-drift/articles/D:/Website Goal Planner/vigilant-eagle-drift/articles/smart-goals-for-project-examples","D:/Website Goal Planner/vigilant-eagle-drift/articles/smart-goals-for-project-examples","0"
"smart goals for project managers","D:/Website Goal Planner/vigilant-eagle-drift/articles/D:/Website Goal Planner/vigilant-eagle-drift/articles/smart-goals-for-project-managers","D:/Website Goal Planner/vigilant-eagle-drift/articles/smart-goals-for-project-managers","0"
"smart goals for purchasing department examples","D:/Website Goal Planner/vigilant-eagle-drift/articles/D:/Website Goal Planner/vigilant-eagle-drift/articles/smart-goals-for-purchasing-department-examples","D:/Website Goal Planner/vigilant-eagle-drift/articles/smart-goals-for-purchasing-department-examples","0"
"smart goals for quality improvement","D:/Website Goal Planner/vigilant-eagle-drift/articles/D:/Website Goal Planner/vigilant-eagle-drift/articles/smart-goals-for-quality-improvement","D:/Website Goal Planner/vigilant-eagle-drift/articles/smart-goals-for-quality-improvement","0"
"smart goals for receptionist","D:/Website Goal Planner/vigilant-eagle-drift/articles/D:/Website Goal Planner/vigilant-eagle-drift/articles/smart-goals-for-receptionist","D:/Website Goal Planner/vigilant-eagle-drift/articles/smart-goals-for-receptionist","0"
"smart goals for receptionist examples","D:/Website Goal Planner/vigilant-eagle-drift/articles/D:/Website Goal Planner/vigilant-eagle-drift/articles/smart-goals-for-receptionist","D:/Website Goal Planner/vigilant-eagle-drift/articles/smart-goals-for-receptionist|D:/Website Goal Planner/vigilant-eagle-drift/articles/smart-goals-for-receptionist-examples","0"
"smart goals for remote employees examples","D:/Website Goal Planner/vigilant-eagle-drift/articles/D:/Website Goal Planner/vigilant-eagle-drift/articles/smart-goals-for-remote-employees-examples","D:/Website Goal Planner/vigilant-eagle-drift/articles/smart-goals-for-remote-employees-examples","0"
"smart goals for research assistants","D:/Website Goal Planner/vigilant-eagle-drift/articles/D:/Website Goal Planner/vigilant-eagle-drift/articles/smart-goals-for-research-assistants","D:/Website Goal Planner/vigilant-eagle-drift/articles/smart-goals-for-research-assistants","0"
"smart goals for research examples","D:/Website Goal Planner/vigilant-eagle-drift/articles/D:/Website Goal Planner/vigilant-eagle-drift/articles/smart-goals-for-research-examples","D:/Website Goal Planner/vigilant-eagle-drift/articles/smart-goals-for-research-examples","0"
"smart goals for research project examples","D:/Website Goal Planner/vigilant-eagle-drift/articles/D:/Website Goal Planner/vigilant-eagle-drift/articles/smart-goals-for-research-project-examples","D:/Website Goal Planner/vigilant-eagle-drift/articles/smart-goals-for-research-project-examples","0"
"smart goals for resilience examples","D:/Website Goal Planner/vigilant-eagle-drift/articles/D:/Website Goal Planner/vigilant-eagle-drift/articles/smart-goals-for-resilience-examples","D:/Website Goal Planner/vigilant-eagle-drift/articles/smart-goals-for-resilience-examples","0"
"smart goals for restaurants","D:/Website Goal Planner/vigilant-eagle-drift/articles/D:/Website Goal Planner/vigilant-eagle-drift/articles/smart-goals-for-restaurants","D:/Website Goal Planner/vigilant-eagle-drift/articles/smart-goals-for-restaurants","0"
"smart goals for restaurants examples","D:/Website Goal Planner/vigilant-eagle-drift/articles/D:/Website Goal Planner/vigilant-eagle-drift/articles/smart-goals-for-restaurants-examples","D:/Website Goal Planner/vigilant-eagle-drift/articles/smart-goals-for-restaurants-examples|D:/Website Goal Planner/vigilant-eagle-drift/articles/smart-goals-for-restaurants","0"
"smart goals for retail managers","D:/Website Goal Planner/vigilant-eagle-drift/articles/D:/Website Goal Planner/vigilant-eagle-drift/articles/smart-goals-for-retail-managers","D:/Website Goal Planner/vigilant-eagle-drift/articles/smart-goals-for-retail-managers","0"
"smart goals for retail store manager","D:/Website Goal Planner/vigilant-eagle-drift/articles/D:/Website Goal Planner/vigilant-eagle-drift/articles/smart-goals-for-retail-store-manager","D:/Website Goal Planner/vigilant-eagle-drift/articles/smart-goals-for-retail-store-manager","8"
"smart goals for sales managers","D:/Website Goal Planner/vigilant-eagle-drift/articles/D:/Website Goal Planner/vigilant-eagle-drift/articles/smart-goals-for-sales-managers","D:/Website Goal Planner/vigilant-eagle-drift/articles/smart-goals-for-sales-managers","0"
"smart goals for sales managers examples","D:/Website Goal Planner/vigilant-eagle-drift/articles/D:/Website Goal Planner/vigilant-eagle-drift/articles/smart-goals-for-sales-managers-examples","D:/Website Goal Planner/vigilant-eagle-drift/articles/smart-goals-for-sales-managers-examples|D:/Website Goal Planner/vigilant-eagle-drift/articles/smart-goals-for-sales-managers","0"
"smart goals for sales reps","D:/Website Goal Planner/vigilant-eagle-drift/articles/D:/Website Goal Planner/vigilant-eagle-drift/articles/smart-goals-for-sales-reps","D:/Website Goal Planner/vigilant-eagle-drift/articles/smart-goals-for-sales-reps","0"
"smart goals for self improvement","D:/Website Goal Planner/vigilant-eagle-drift/articles/D:/Website Goal Planner/vigilant-eagle-drift/articles/smart-goals-for-self-improvement","D:/Website Goal Planner/vigilant-eagle-drift/articles/smart-goals-for-self-improvement","0"
"smart goals for setting boundaries","D:/Website Goal Planner/vigilant-eagle-drift/articles/D:/Website Goal Planner/vigilant-eagle-drift/articles/smart-goals-for-setting-boundaries","D:/Website Goal Planner/vigilant-eagle-drift/articles/smart-goals-for-setting-boundaries","0"
"smart goals for small business","D:/Website Goal Planner/vigilant-eagle-drift/articles/break-big-goals-into-small-steps","break-big-goals-into-small-steps|goal-tracking-system|smart-goals-examples-for-business","0"
"smart goals for soft skills","D:/Website Goal Planner/vigilant-eagle-drift/articles/D:/Website Goal Planner/vigilant-eagle-drift/articles/smart-goals-for-soft-skills","D:/Website Goal Planner/vigilant-eagle-drift/articles/smart-goals-for-soft-skills","0"
"smart goals for special education paraprofessionals","D:/Website Goal Planner/vigilant-eagle-drift/articles/D:/Website Goal Planner/vigilant-eagle-drift/articles/smart-goals-for-special-education-paraprofessionals","D:/Website Goal Planner/vigilant-eagle-drift/articles/smart-goals-for-special-education-paraprofessionals","0"
"smart goals for spiritual growth","D:/Website Goal Planner/vigilant-eagle-drift/articles/D:/Website Goal Planner/vigilant-eagle-drift/articles/smart-goals-for-spiritual-growth","D:/Website Goal Planner/vigilant-eagle-drift/articles/smart-goals-for-spiritual-growth","0"
"smart goals for strategic planning","D:/Website Goal Planner/vigilant-eagle-drift/articles/D:/Website Goal Planner/vigilant-eagle-drift/articles/smart-goals-for-strategic-planning","D:/Website Goal Planner/vigilant-eagle-drift/articles/smart-goals-for-strategic-planning","0"
"smart goals for students","D:/Website Goal Planner/vigilant-eagle-drift/articles/D:/Website Goal Planner/vigilant-eagle-drift/articles/smart-goals-for-students","D:/Website Goal Planner/vigilant-eagle-drift/articles/smart-goals-for-students","0"
"smart goals for studying examples","D:/Website Goal Planner/vigilant-eagle-drift/articles/D:/Website Goal Planner/vigilant-eagle-drift/articles/smart-goals-for-studying-examples","D:/Website Goal Planner/vigilant-eagle-drift/articles/smart-goals-for-studying-examples","0"
"smart goals for supervisors","D:/Website Goal Planner/vigilant-eagle-drift/articles/D:/Website Goal Planner/vigilant-eagle-drift/articles/smart-goals-for-supervisors","D:/Website Goal Planner/vigilant-eagle-drift/articles/smart-goals-for-supervisors","0"
"smart goals for supervisors examples","D:/Website Goal Planner/vigilant-eagle-drift/articles/D:/Website Goal Planner/vigilant-eagle-drift/articles/smart-goals-for-supervisors-examples","D:/Website Goal Planner/vigilant-eagle-drift/articles/smart-goals-for-supervisors-examples|D:/Website Goal Planner/vigilant-eagle-drift/articles/smart-goals-for-supervisors","0"
"smart goals for team building","D:/Website Goal Planner/vigilant-eagle-drift/articles/D:/Website Goal Planner/vigilant-eagle-drift/articles/smart-goals-for-team-building","D:/Website Goal Planner/vigilant-eagle-drift/articles/smart-goals-for-team-building","0"
"smart goals for team leaders","D:/Website Goal Planner/vigilant-eagle-drift/articles/D:/Website Goal Planner/vigilant-eagle-drift/articles/smart-goals-for-team-leaders","D:/Website Goal Planner/vigilant-eagle-drift/articles/smart-goals-for-team-leaders","0"
"smart goals for teams","D:/Website Goal Planner/vigilant-eagle-drift/articles/D:/Website Goal Planner/vigilant-eagle-drift/articles/smart-goals-for-teams","D:/Website Goal Planner/vigilant-eagle-drift/articles/smart-goals-for-teams","0"
"smart goals for tech lead","NO_COVERAGE","","0"
"smart goals for teenagers","D:/Website Goal Planner/vigilant-eagle-drift/articles/D:/Website Goal Planner/vigilant-eagle-drift/articles/smart-goals-for-teenagers","D:/Website Goal Planner/vigilant-eagle-drift/articles/smart-goals-for-teenagers","0"
"smart goals for teens","D:/Website Goal Planner/vigilant-eagle-drift/articles/D:/Website Goal Planner/vigilant-eagle-drift/articles/smart-goals-for-teens","D:/Website Goal Planner/vigilant-eagle-drift/articles/smart-goals-for-teens","0"
"smart goals for training and development","D:/Website Goal Planner/vigilant-eagle-drift/articles/D:/Website Goal Planner/vigilant-eagle-drift/articles/smart-goals-for-training-and-development","D:/Website Goal Planner/vigilant-eagle-drift/articles/smart-goals-for-training-and-development","0"
"smart goals for training examples","D:/Website Goal Planner/vigilant-eagle-drift/articles/D:/Website Goal Planner/vigilant-eagle-drift/articles/smart-goals-for-training-examples","D:/Website Goal Planner/vigilant-eagle-drift/articles/smart-goals-for-training-examples","0"
"smart goals for university students","D:/Website Goal Planner/vigilant-eagle-drift/articles/D:/Website Goal Planner/vigilant-eagle-drift/articles/smart-goals-for-university-students","D:/Website Goal Planner/vigilant-eagle-drift/articles/smart-goals-for-university-students","0"
"smart goals for virtual assistants","D:/Website Goal Planner/vigilant-eagle-drift/articles/measurable-goals","measurable-goals|examples-of-smart-goals-for-executive-assistants|list-of-smart-goals-for-administrative-assistants","0"
"smart goals for warehouse employees","D:/Website Goal Planner/vigilant-eagle-drift/articles/D:/Website Goal Planner/vigilant-eagle-drift/articles/smart-goals-for-warehouse-employees","D:/Website Goal Planner/vigilant-eagle-drift/articles/smart-goals-for-warehouse-employees","35"
"smart goals for warehouse managers","D:/Website Goal Planner/vigilant-eagle-drift/articles/D:/Website Goal Planner/vigilant-eagle-drift/articles/smart-goals-for-warehouse-managers","D:/Website Goal Planner/vigilant-eagle-drift/articles/smart-goals-for-warehouse-managers","1"
"smart goals for work","D:/Website Goal Planner/vigilant-eagle-drift/articles/D:/Website Goal Planner/vigilant-eagle-drift/articles/smart-goals-for-work","D:/Website Goal Planner/vigilant-eagle-drift/articles/smart-goals-for-work","0"
"smart goals for work life balance","D:/Website Goal Planner/vigilant-eagle-drift/articles/D:/Website Goal Planner/vigilant-eagle-drift/articles/smart-goals-for-work","D:/Website Goal Planner/vigilant-eagle-drift/articles/smart-goals-for-work|D:/Website Goal Planner/vigilant-eagle-drift/articles/smart-goals-for-work-life-balance","0"
"smart goals for work performance","D:/Website Goal Planner/vigilant-eagle-drift/articles/D:/Website Goal Planner/vigilant-eagle-drift/articles/smart-goals-for-work","D:/Website Goal Planner/vigilant-eagle-drift/articles/smart-goals-for-work|D:/Website Goal Planner/vigilant-eagle-drift/articles/smart-goals-for-work-performance","0"
"smart goals for writing examples","D:/Website Goal Planner/vigilant-eagle-drift/articles/D:/Website Goal Planner/vigilant-eagle-drift/articles/smart-goals-for-writing-examples","D:/Website Goal Planner/vigilant-eagle-drift/articles/smart-goals-for-writing-examples","0"
"smart goals for written communication","D:/Website Goal Planner/vigilant-eagle-drift/articles/D:/Website Goal Planner/vigilant-eagle-drift/articles/smart-goals-for-written-communication","D:/Website Goal Planner/vigilant-eagle-drift/articles/smart-goals-for-written-communication","0"
"smart goals for young adults","D:/Website Goal Planner/vigilant-eagle-drift/articles/D:/Website Goal Planner/vigilant-eagle-drift/articles/smart-goals-for-young-adults","D:/Website Goal Planner/vigilant-eagle-drift/articles/smart-goals-for-young-adults","0"
"smart goals for yourself","D:/Website Goal Planner/vigilant-eagle-drift/articles/D:/Website Goal Planner/vigilant-eagle-drift/articles/smart-goals-for-yourself","D:/Website Goal Planner/vigilant-eagle-drift/articles/smart-goals-for-yourself","0"
"smart goals framework","D:/Website Goal Planner/vigilant-eagle-drift/articles/smart-framework","smart-framework","2"
"smart goals full form","D:/Website Goal Planner/vigilant-eagle-drift/articles/D:/Website Goal Planner/vigilant-eagle-drift/articles/smart-goals-full-form","D:/Website Goal Planner/vigilant-eagle-drift/articles/smart-goals-full-form","0"
"smart goals george doran","D:/Website Goal Planner/vigilant-eagle-drift/articles/D:/Website Goal Planner/vigilant-eagle-drift/articles/smart-goals-george-doran","D:/Website Goal Planner/vigilant-eagle-drift/articles/smart-goals-george-doran","0"
"smart goals get self help","D:/Website Goal Planner/vigilant-eagle-drift/articles/D:/Website Goal Planner/vigilant-eagle-drift/articles/smart-goals-get-self-help","D:/Website Goal Planner/vigilant-eagle-drift/articles/smart-goals-get-self-help","0"
"smart goals group activity","D:/Website Goal Planner/vigilant-eagle-drift/articles/D:/Website Goal Planner/vigilant-eagle-drift/articles/smart-goals-group-activity","D:/Website Goal Planner/vigilant-eagle-drift/articles/smart-goals-group-activity","0"
"smart goals guide","D:/Website Goal Planner/vigilant-eagle-drift/articles/D:/Website Goal Planner/vigilant-eagle-drift/articles/smart-goals-guide","D:/Website Goal Planner/vigilant-eagle-drift/articles/smart-goals-guide","0"
"smart goals hbr","D:/Website Goal Planner/vigilant-eagle-drift/articles/D:/Website Goal Planner/vigilant-eagle-drift/articles/smart-goals-hbr","D:/Website Goal Planner/vigilant-eagle-drift/articles/smart-goals-hbr","0"
"smart goals healthcare examples","D:/Website Goal Planner/vigilant-eagle-drift/articles/D:/Website Goal Planner/vigilant-eagle-drift/articles/smart-goals-healthcare-examples","D:/Website Goal Planner/vigilant-eagle-drift/articles/smart-goals-healthcare-examples","0"
"smart goals how to","D:/Website Goal Planner/vigilant-eagle-drift/articles/D:/Website Goal Planner/vigilant-eagle-drift/articles/smart-goals-how-to","D:/Website Goal Planner/vigilant-eagle-drift/articles/smart-goals-how-to","0"
"smart goals hubspot","D:/Website Goal Planner/vigilant-eagle-drift/articles/D:/Website Goal Planner/vigilant-eagle-drift/articles/smart-goals-hubspot","D:/Website Goal Planner/vigilant-eagle-drift/articles/smart-goals-hubspot","0"
"smart goals in business examples","D:/Website Goal Planner/vigilant-eagle-drift/articles/D:/Website Goal Planner/vigilant-eagle-drift/articles/smart-goals-in-business-examples","D:/Website Goal Planner/vigilant-eagle-drift/articles/smart-goals-in-business-examples","0"
"smart goals in digital marketing","D:/Website Goal Planner/vigilant-eagle-drift/articles/D:/Website Goal Planner/vigilant-eagle-drift/articles/smart-goals-in-digital-marketing","D:/Website Goal Planner/vigilant-eagle-drift/articles/smart-goals-in-digital-marketing","0"
"smart goals in health and social care examples","D:/Website Goal Planner/vigilant-eagle-drift/articles/D:/Website Goal Planner/vigilant-eagle-drift/articles/smart-goals-in-health-and-social-care-examples","D:/Website Goal Planner/vigilant-eagle-drift/articles/smart-goals-in-health-and-social-care-examples","0"
"smart goals in healthcare examples","D:/Website Goal Planner/vigilant-eagle-drift/articles/D:/Website Goal Planner/vigilant-eagle-drift/articles/smart-goals-in-healthcare-examples","D:/Website Goal Planner/vigilant-eagle-drift/articles/smart-goals-in-healthcare-examples","0"
"smart goals in hrm","D:/Website Goal Planner/vigilant-eagle-drift/articles/D:/Website Goal Planner/vigilant-eagle-drift/articles/smart-goals-in-hrm","D:/Website Goal Planner/vigilant-eagle-drift/articles/smart-goals-in-hrm","0"
"smart goals in leadership","D:/Website Goal Planner/vigilant-eagle-drift/articles/D:/Website Goal Planner/vigilant-eagle-drift/articles/smart-goals-in-leadership","D:/Website Goal Planner/vigilant-eagle-drift/articles/smart-goals-in-leadership","0"
"smart goals in performance management","D:/Website Goal Planner/vigilant-eagle-drift/articles/D:/Website Goal Planner/vigilant-eagle-drift/articles/smart-goals-in-performance-management","D:/Website Goal Planner/vigilant-eagle-drift/articles/smart-goals-in-performance-management","0"
"smart goals in pr","D:/Website Goal Planner/vigilant-eagle-drift/articles/D:/Website Goal Planner/vigilant-eagle-drift/articles/smart-goals-in-pr","D:/Website Goal Planner/vigilant-eagle-drift/articles/smart-goals-in-pr","0"
"smart goals in project management","D:/Website Goal Planner/vigilant-eagle-drift/articles/D:/Website Goal Planner/vigilant-eagle-drift/articles/smart-goals-in-project-management","D:/Website Goal Planner/vigilant-eagle-drift/articles/smart-goals-in-project-management|D:/Website Goal Planner/vigilant-eagle-drift/articles/smart-goals-in-pr","0"
"smart goals in psychology","D:/Website Goal Planner/vigilant-eagle-drift/articles/smart-goals-psychology-examples","smart-goals-psychology-examples","0"
"smart goals in quality improvement","D:/Website Goal Planner/vigilant-eagle-drift/articles/D:/Website Goal Planner/vigilant-eagle-drift/articles/smart-goals-in-quality-improvement","D:/Website Goal Planner/vigilant-eagle-drift/articles/smart-goals-in-quality-improvement","0"
"smart goals in research","D:/Website Goal Planner/vigilant-eagle-drift/articles/D:/Website Goal Planner/vigilant-eagle-drift/articles/smart-goals-in-research","D:/Website Goal Planner/vigilant-eagle-drift/articles/smart-goals-in-research","0"
"smart goals in social work","D:/Website Goal Planner/vigilant-eagle-drift/articles/D:/Website Goal Planner/vigilant-eagle-drift/articles/smart-goals-in-social-work","D:/Website Goal Planner/vigilant-eagle-drift/articles/smart-goals-in-social-work","0"
"smart goals in spanish","D:/Website Goal Planner/vigilant-eagle-drift/articles/D:/Website Goal Planner/vigilant-eagle-drift/articles/smart-goals-in-spanish","D:/Website Goal Planner/vigilant-eagle-drift/articles/smart-goals-in-spanish","20"
"smart goals in time management","D:/Website Goal Planner/vigilant-eagle-drift/articles/D:/Website Goal Planner/vigilant-eagle-drift/articles/smart-goals-in-time-management","D:/Website Goal Planner/vigilant-eagle-drift/articles/smart-goals-in-time-management","0"
"smart goals in workplace","D:/Website Goal Planner/vigilant-eagle-drift/articles/D:/Website Goal Planner/vigilant-eagle-drift/articles/smart-goals-in-workplace","D:/Website Goal Planner/vigilant-eagle-drift/articles/smart-goals-in-workplace","0"
"smart goals indeed","D:/Website Goal Planner/vigilant-eagle-drift/articles/D:/Website Goal Planner/vigilant-eagle-drift/articles/smart-goals-indeed","D:/Website Goal Planner/vigilant-eagle-drift/articles/smart-goals-indeed","0"
"smart goals information","D:/Website Goal Planner/vigilant-eagle-drift/articles/D:/Website Goal Planner/vigilant-eagle-drift/articles/smart-goals-information","D:/Website Goal Planner/vigilant-eagle-drift/articles/smart-goals-information","0"
"smart goals internship examples","D:/Website Goal Planner/vigilant-eagle-drift/articles/D:/Website Goal Planner/vigilant-eagle-drift/articles/smart-goals-internship-examples","D:/Website Goal Planner/vigilant-eagle-drift/articles/smart-goals-internship-examples","0"
"smart goals it","D:/Website Goal Planner/vigilant-eagle-drift/articles/D:/Website Goal Planner/vigilant-eagle-drift/articles/smart-goals-it","D:/Website Goal Planner/vigilant-eagle-drift/articles/smart-goals-it","0"
"smart goals leadership development","D:/Website Goal Planner/vigilant-eagle-drift/articles/smart-goals-for-leadership","smart-goals-for-leadership|leadership-development-smart-goals-examples|smart-goals-for-leadership-development","0"
"smart goals long term examples","D:/Website Goal Planner/vigilant-eagle-drift/articles/D:/Website Goal Planner/vigilant-eagle-drift/articles/smart-goals-long-term-examples","D:/Website Goal Planner/vigilant-eagle-drift/articles/smart-goals-long-term-examples","0"
"smart goals meaning","D:/Website Goal Planner/vigilant-eagle-drift/articles/self-improvement-plan-2026","self-improvement-plan-2026","0"
"smart goals medical","D:/Website Goal Planner/vigilant-eagle-drift/articles/D:/Website Goal Planner/vigilant-eagle-drift/articles/smart-goals-medical","D:/Website Goal Planner/vigilant-eagle-drift/articles/smart-goals-medical","0"
"smart goals mental health examples","D:/Website Goal Planner/vigilant-eagle-drift/articles/D:/Website Goal Planner/vigilant-eagle-drift/articles/smart-goals-mental-health-examples","D:/Website Goal Planner/vigilant-eagle-drift/articles/smart-goals-mental-health-examples","0"
"smart goals mind tools","D:/Website Goal Planner/vigilant-eagle-drift/articles/D:/Website Goal Planner/vigilant-eagle-drift/articles/smart-goals-mind-tools","D:/Website Goal Planner/vigilant-eagle-drift/articles/smart-goals-mind-tools","0"
"smart goals motivation","D:/Website Goal Planner/vigilant-eagle-drift/articles/D:/Website Goal Planner/vigilant-eagle-drift/articles/smart-goals-motivation","D:/Website Goal Planner/vigilant-eagle-drift/articles/smart-goals-motivation","0"
"smart goals ncbi","D:/Website Goal Planner/vigilant-eagle-drift/articles/D:/Website Goal Planner/vigilant-eagle-drift/articles/smart-goals-ncbi","D:/Website Goal Planner/vigilant-eagle-drift/articles/smart-goals-ncbi","0"
"smart goals need to be","D:/Website Goal Planner/vigilant-eagle-drift/articles/D:/Website Goal Planner/vigilant-eagle-drift/articles/smart-goals-need-to-be","D:/Website Goal Planner/vigilant-eagle-drift/articles/smart-goals-need-to-be","0"
"smart goals networking examples","D:/Website Goal Planner/vigilant-eagle-drift/articles/D:/Website Goal Planner/vigilant-eagle-drift/articles/smart-goals-networking-examples","D:/Website Goal Planner/vigilant-eagle-drift/articles/smart-goals-networking-examples","0"
"smart goals new year's resolutions","D:/Website Goal Planner/vigilant-eagle-drift/articles/D:/Website Goal Planner/vigilant-eagle-drift/articles/smart-goals-new-years-resolutions","D:/Website Goal Planner/vigilant-eagle-drift/articles/smart-goals-new-years-resolutions","0"
"smart goals organizational behavior","D:/Website Goal Planner/vigilant-eagle-drift/articles/D:/Website Goal Planner/vigilant-eagle-drift/articles/smart-goals-organizational-behavior","D:/Website Goal Planner/vigilant-eagle-drift/articles/smart-goals-organizational-behavior","0"
"smart goals paper","D:/Website Goal Planner/vigilant-eagle-drift/articles/D:/Website Goal Planner/vigilant-eagle-drift/articles/smart-goals-paper","D:/Website Goal Planner/vigilant-eagle-drift/articles/smart-goals-paper","0"
"smart goals presentation","D:/Website Goal Planner/vigilant-eagle-drift/articles/D:/Website Goal Planner/vigilant-eagle-drift/articles/smart-goals-presentation","D:/Website Goal Planner/vigilant-eagle-drift/articles/smart-goals-presentation","0"
"smart goals presentation ppt","D:/Website Goal Planner/vigilant-eagle-drift/articles/D:/Website Goal Planner/vigilant-eagle-drift/articles/smart-goals-presentation","D:/Website Goal Planner/vigilant-eagle-drift/articles/smart-goals-presentation|D:/Website Goal Planner/vigilant-eagle-drift/articles/smart-goals-presentation-ppt","0"
"smart goals professional examples","D:/Website Goal Planner/vigilant-eagle-drift/articles/D:/Website Goal Planner/vigilant-eagle-drift/articles/smart-goals-professional-examples","D:/Website Goal Planner/vigilant-eagle-drift/articles/smart-goals-professional-examples","0"
"smart goals psychology examples","D:/Website Goal Planner/vigilant-eagle-drift/articles/D:/Website Goal Planner/vigilant-eagle-drift/articles/smart-goals-psychology-examples","D:/Website Goal Planner/vigilant-eagle-drift/articles/smart-goals-psychology-examples","0"
"smart goals public health","D:/Website Goal Planner/vigilant-eagle-drift/articles/D:/Website Goal Planner/vigilant-eagle-drift/articles/smart-goals-public-health","D:/Website Goal Planner/vigilant-eagle-drift/articles/smart-goals-public-health","0"
"smart goals reddit","D:/Website Goal Planner/vigilant-eagle-drift/articles/D:/Website Goal Planner/vigilant-eagle-drift/articles/smart-goals-reddit","D:/Website Goal Planner/vigilant-eagle-drift/articles/smart-goals-reddit","0"
"smart goals s stands for","D:/Website Goal Planner/vigilant-eagle-drift/articles/D:/Website Goal Planner/vigilant-eagle-drift/articles/smart-goals-s-stands-for","D:/Website Goal Planner/vigilant-eagle-drift/articles/smart-goals-s-stands-for","0"
"smart goals short medium and long term","D:/Website Goal Planner/vigilant-eagle-drift/articles/D:/Website Goal Planner/vigilant-eagle-drift/articles/smart-goals-short-medium-and-long-term","D:/Website Goal Planner/vigilant-eagle-drift/articles/smart-goals-short-medium-and-long-term","0"
"smart goals short term","D:/Website Goal Planner/vigilant-eagle-drift/articles/D:/Website Goal Planner/vigilant-eagle-drift/articles/smart-goals-short-term","D:/Website Goal Planner/vigilant-eagle-drift/articles/smart-goals-short-term","0"
"smart goals short term example","D:/Website Goal Planner/vigilant-eagle-drift/articles/D:/Website Goal Planner/vigilant-eagle-drift/articles/smart-goals-short-term","D:/Website Goal Planner/vigilant-eagle-drift/articles/smart-goals-short-term","0"
"smart goals should be","D:/Website Goal Planner/vigilant-eagle-drift/articles/D:/Website Goal Planner/vigilant-eagle-drift/articles/smart-goals-should-be","D:/Website Goal Planner/vigilant-eagle-drift/articles/smart-goals-should-be","0"
"smart goals social work examples","D:/Website Goal Planner/vigilant-eagle-drift/articles/D:/Website Goal Planner/vigilant-eagle-drift/articles/smart-goals-social-work-examples","D:/Website Goal Planner/vigilant-eagle-drift/articles/smart-goals-social-work-examples","0"
"smart goals specific measurable","D:/Website Goal Planner/vigilant-eagle-drift/articles/D:/Website Goal Planner/vigilant-eagle-drift/articles/goals-specific-measurable","D:/Website Goal Planner/vigilant-eagle-drift/articles/goals-specific-measurable|D:/Website Goal Planner/vigilant-eagle-drift/articles/smart-goals-specific-measurable|D:/Website Goal Planner/vigilant-eagle-drift/articles/specific-measurable","0"
"smart goals specific measurable achievable realistic time bound","D:/Website Goal Planner/vigilant-eagle-drift/articles/D:/Website Goal Planner/vigilant-eagle-drift/articles/goals-specific-measurable","D:/Website Goal Planner/vigilant-eagle-drift/articles/goals-specific-measurable|D:/Website Goal Planner/vigilant-eagle-drift/articles/goals-specific-measurable-achievable|D:/Website Goal Planner/vigilant-eagle-drift/articles/smart-goals-specific-measurable|D:/Website Goal Planner/vigilant-eagle-drift/articles/smart-goals-specific-measurable-achievable-realistic-time-bound|D:/Website Goal Planner/vigilant-eagle-drift/articles/specific-measurable|D:/Website Goal Planner/vigilant-eagle-drift/articles/specific-measurable-achievable","0"
"smart goals specific measurable attainable relevant time bound","D:/Website Goal Planner/vigilant-eagle-drift/articles/D:/Website Goal Planner/vigilant-eagle-drift/articles/goals-specific-measurable","D:/Website Goal Planner/vigilant-eagle-drift/articles/goals-specific-measurable|D:/Website Goal Planner/vigilant-eagle-drift/articles/smart-goals-specific-measurable|D:/Website Goal Planner/vigilant-eagle-drift/articles/smart-goals-specific-measurable-attainable-relevant-time-bound|D:/Website Goal Planner/vigilant-eagle-drift/articles/specific-measurable|D:/Website Goal Planner/vigilant-eagle-drift/articles/specific-measurable-attainable-relevant-time-bound","0"
"smart goals sport","D:/Website Goal Planner/vigilant-eagle-drift/articles/D:/Website Goal Planner/vigilant-eagle-drift/articles/smart-goals-sport","D:/Website Goal Planner/vigilant-eagle-drift/articles/smart-goals-sport","0"
"smart goals stand for","D:/Website Goal Planner/vigilant-eagle-drift/articles/D:/Website Goal Planner/vigilant-eagle-drift/articles/smart-goals-stand-for","D:/Website Goal Planner/vigilant-eagle-drift/articles/smart-goals-stand-for","0"
"smart goals stands for","D:/Website Goal Planner/vigilant-eagle-drift/articles/smart-goals-acronym","smart-goals-acronym|smart-criteria|goals-should-be-smart","2"
"smart goals strategic planning","D:/Website Goal Planner/vigilant-eagle-drift/articles/D:/Website Goal Planner/vigilant-eagle-drift/articles/smart-goals-strategic-planning","D:/Website Goal Planner/vigilant-eagle-drift/articles/smart-goals-strategic-planning","0"
"smart goals study","D:/Website Goal Planner/vigilant-eagle-drift/articles/D:/Website Goal Planner/vigilant-eagle-drift/articles/smart-goals-study","D:/Website Goal Planner/vigilant-eagle-drift/articles/smart-goals-study","0"
"smart goals sustainability","D:/Website Goal Planner/vigilant-eagle-drift/articles/D:/Website Goal Planner/vigilant-eagle-drift/articles/smart-goals-sustainability","D:/Website Goal Planner/vigilant-eagle-drift/articles/smart-goals-sustainability","0"
"smart goals t","D:/Website Goal Planner/vigilant-eagle-drift/articles/D:/Website Goal Planner/vigilant-eagle-drift/articles/smart-goals-t","D:/Website Goal Planner/vigilant-eagle-drift/articles/smart-goals-t","0"
"smart goals table example","D:/Website Goal Planner/vigilant-eagle-drift/articles/D:/Website Goal Planner/vigilant-eagle-drift/articles/smart-goals-t","D:/Website Goal Planner/vigilant-eagle-drift/articles/smart-goals-t|D:/Website Goal Planner/vigilant-eagle-drift/articles/smart-goals-table-example","0"
"smart goals ted talk","D:/Website Goal Planner/vigilant-eagle-drift/articles/D:/Website Goal Planner/vigilant-eagle-drift/articles/smart-goals-t","D:/Website Goal Planner/vigilant-eagle-drift/articles/smart-goals-t|D:/Website Goal Planner/vigilant-eagle-drift/articles/smart-goals-ted-talk","0"
"smart goals template","D:/Website Goal Planner/vigilant-eagle-drift/articles/D:/Website Goal Planner/vigilant-eagle-drift/articles/smart-goals-t","D:/Website Goal Planner/vigilant-eagle-drift/articles/smart-goals-t","0"
"smart goals therapy worksheet","D:/Website Goal Planner/vigilant-eagle-drift/articles/D:/Website Goal Planner/vigilant-eagle-drift/articles/smart-goals-therapy-worksheet","D:/Website Goal Planner/vigilant-eagle-drift/articles/smart-goals-therapy-worksheet|D:/Website Goal Planner/vigilant-eagle-drift/articles/smart-goals-t","0"
"smart goals time bound examples","D:/Website Goal Planner/vigilant-eagle-drift/articles/D:/Website Goal Planner/vigilant-eagle-drift/articles/smart-goals-t","D:/Website Goal Planner/vigilant-eagle-drift/articles/smart-goals-t|D:/Website Goal Planner/vigilant-eagle-drift/articles/smart-goals-time-bound-examples","0"
"smart goals timely","D:/Website Goal Planner/vigilant-eagle-drift/articles/D:/Website Goal Planner/vigilant-eagle-drift/articles/smart-goals-t","D:/Website Goal Planner/vigilant-eagle-drift/articles/smart-goals-t|D:/Website Goal Planner/vigilant-eagle-drift/articles/smart-goals-timely","0"
"smart goals to become a manager","D:/Website Goal Planner/vigilant-eagle-drift/articles/D:/Website Goal Planner/vigilant-eagle-drift/articles/smart-goals-t","D:/Website Goal Planner/vigilant-eagle-drift/articles/smart-goals-t|D:/Website Goal Planner/vigilant-eagle-drift/articles/smart-goals-to-become-a-manager","0"
"smart goals to improve communication skills","D:/Website Goal Planner/vigilant-eagle-drift/articles/D:/Website Goal Planner/vigilant-eagle-drift/articles/smart-goals-to-improve-communication-skills","D:/Website Goal Planner/vigilant-eagle-drift/articles/smart-goals-to-improve-communication-skills|D:/Website Goal Planner/vigilant-eagle-drift/articles/smart-goals-t","2"
"smart goals to improve emotional intelligence","D:/Website Goal Planner/vigilant-eagle-drift/articles/D:/Website Goal Planner/vigilant-eagle-drift/articles/smart-goals-t","D:/Website Goal Planner/vigilant-eagle-drift/articles/smart-goals-t|D:/Website Goal Planner/vigilant-eagle-drift/articles/smart-goals-to-improve-emotional-intelligence","0"
"smart goals to improve leadership","D:/Website Goal Planner/vigilant-eagle-drift/articles/D:/Website Goal Planner/vigilant-eagle-drift/articles/smart-goals-t","D:/Website Goal Planner/vigilant-eagle-drift/articles/smart-goals-t|D:/Website Goal Planner/vigilant-eagle-drift/articles/smart-goals-to-improve-leadership","0"
"smart goals to improve leadership skills","D:/Website Goal Planner/vigilant-eagle-drift/articles/D:/Website Goal Planner/vigilant-eagle-drift/articles/smart-goals-to-improve-leadership-skills","D:/Website Goal Planner/vigilant-eagle-drift/articles/smart-goals-to-improve-leadership-skills|D:/Website Goal Planner/vigilant-eagle-drift/articles/smart-goals-t|D:/Website Goal Planner/vigilant-eagle-drift/articles/smart-goals-to-improve-leadership","0"
"smart goals to improve writing skills","D:/Website Goal Planner/vigilant-eagle-drift/articles/D:/Website Goal Planner/vigilant-eagle-drift/articles/smart-goals-t","D:/Website Goal Planner/vigilant-eagle-drift/articles/smart-goals-t|D:/Website Goal Planner/vigilant-eagle-drift/articles/smart-goals-to-improve-writing-skills","0"
"smart goals to set for yourself","D:/Website Goal Planner/vigilant-eagle-drift/articles/D:/Website Goal Planner/vigilant-eagle-drift/articles/smart-goals-t","D:/Website Goal Planner/vigilant-eagle-drift/articles/smart-goals-t|D:/Website Goal Planner/vigilant-eagle-drift/articles/smart-goals-to-set-for-yourself","0"
"smart goals training","D:/Website Goal Planner/vigilant-eagle-drift/articles/D:/Website Goal Planner/vigilant-eagle-drift/articles/smart-goals-training","D:/Website Goal Planner/vigilant-eagle-drift/articles/smart-goals-training|D:/Website Goal Planner/vigilant-eagle-drift/articles/smart-goals-t","0"
"smart goals university","D:/Website Goal Planner/vigilant-eagle-drift/articles/D:/Website Goal Planner/vigilant-eagle-drift/articles/smart-goals-university","D:/Website Goal Planner/vigilant-eagle-drift/articles/smart-goals-university","0"
"smart goals website","D:/Website Goal Planner/vigilant-eagle-drift/articles/D:/Website Goal Planner/vigilant-eagle-drift/articles/smart-goals-website","D:/Website Goal Planner/vigilant-eagle-drift/articles/smart-goals-website","0"
"smart goals what are they","D:/Website Goal Planner/vigilant-eagle-drift/articles/D:/Website Goal Planner/vigilant-eagle-drift/articles/smart-goals-what-are-they","D:/Website Goal Planner/vigilant-eagle-drift/articles/smart-goals-what-are-they","0"
"smart goals what does it stand for","D:/Website Goal Planner/vigilant-eagle-drift/articles/D:/Website Goal Planner/vigilant-eagle-drift/articles/smart-goals-what-does-it-stand-for","D:/Website Goal Planner/vigilant-eagle-drift/articles/smart-goals-what-does-it-stand-for","0"
"smart goals who created","D:/Website Goal Planner/vigilant-eagle-drift/articles/D:/Website Goal Planner/vigilant-eagle-drift/articles/smart-goals-who-created","D:/Website Goal Planner/vigilant-eagle-drift/articles/smart-goals-who-created","0"
"smart goals why","D:/Website Goal Planner/vigilant-eagle-drift/articles/D:/Website Goal Planner/vigilant-eagle-drift/articles/smart-goals-why","D:/Website Goal Planner/vigilant-eagle-drift/articles/smart-goals-why","0"
"smart goals worksheet","D:/Website Goal Planner/vigilant-eagle-drift/articles/smart-goals-therapy-worksheet","smart-goals-therapy-worksheet|smart-goals-worksheet-for-students|dbt-smart-goals-worksheet","0"
"smart goals worksheet for students","D:/Website Goal Planner/vigilant-eagle-drift/articles/D:/Website Goal Planner/vigilant-eagle-drift/articles/smart-goals-worksheet-for-students","D:/Website Goal Planner/vigilant-eagle-drift/articles/smart-goals-worksheet-for-students","0"
"smart goals workshop","D:/Website Goal Planner/vigilant-eagle-drift/articles/D:/Website Goal Planner/vigilant-eagle-drift/articles/smart-goals-workshop","D:/Website Goal Planner/vigilant-eagle-drift/articles/smart-goals-workshop","6"
"smart goals youtube","D:/Website Goal Planner/vigilant-eagle-drift/articles/D:/Website Goal Planner/vigilant-eagle-drift/articles/smart-goals-youtube","D:/Website Goal Planner/vigilant-eagle-drift/articles/smart-goals-youtube","0"
"smart guide to goal setting","D:/Website Goal Planner/vigilant-eagle-drift/articles/D:/Website Goal Planner/vigilant-eagle-drift/articles/smart-guide-to-goal-setting","D:/Website Goal Planner/vigilant-eagle-drift/articles/smart-guide-to-goal-setting","0"
"smart guidelines","D:/Website Goal Planner/vigilant-eagle-drift/articles/D:/Website Goal Planner/vigilant-eagle-drift/articles/smart-guidelines","D:/Website Goal Planner/vigilant-eagle-drift/articles/smart-guidelines","0"
"smart health and safety objectives examples","D:/Website Goal Planner/vigilant-eagle-drift/articles/D:/Website Goal Planner/vigilant-eagle-drift/articles/smart-health-and-safety-objectives-examples","D:/Website Goal Planner/vigilant-eagle-drift/articles/smart-health-and-safety-objectives-examples","0"
"smart hr objectives examples","D:/Website Goal Planner/vigilant-eagle-drift/articles/D:/Website Goal Planner/vigilant-eagle-drift/articles/smart-hr-objectives-examples","D:/Website Goal Planner/vigilant-eagle-drift/articles/smart-hr-objectives-examples","0"
"smart in business plan example","D:/Website Goal Planner/vigilant-eagle-drift/articles/D:/Website Goal Planner/vigilant-eagle-drift/articles/smart-in-business-plan-example","D:/Website Goal Planner/vigilant-eagle-drift/articles/smart-in-business-plan-example","0"
"smart in goal","D:/Website Goal Planner/vigilant-eagle-drift/articles/D:/Website Goal Planner/vigilant-eagle-drift/articles/smart-in-goal","D:/Website Goal Planner/vigilant-eagle-drift/articles/smart-in-goal","0"
"smart in learning objectives","D:/Website Goal Planner/vigilant-eagle-drift/articles/D:/Website Goal Planner/vigilant-eagle-drift/articles/smart-in-learning-objectives","D:/Website Goal Planner/vigilant-eagle-drift/articles/smart-in-learning-objectives","0"
"smart in making objectives","D:/Website Goal Planner/vigilant-eagle-drift/articles/D:/Website Goal Planner/vigilant-eagle-drift/articles/smart-in-making-objectives","D:/Website Goal Planner/vigilant-eagle-drift/articles/smart-in-making-objectives","0"
"smart in objective setting","D:/Website Goal Planner/vigilant-eagle-drift/articles/D:/Website Goal Planner/vigilant-eagle-drift/articles/smart-in-objective-setting","D:/Website Goal Planner/vigilant-eagle-drift/articles/smart-in-objective-setting","0"
"smart in objectives stands for","D:/Website Goal Planner/vigilant-eagle-drift/articles/D:/Website Goal Planner/vigilant-eagle-drift/articles/smart-in-objectives-stands-for","D:/Website Goal Planner/vigilant-eagle-drift/articles/smart-in-objectives-stands-for","0"
"smart in project management examples","D:/Website Goal Planner/vigilant-eagle-drift/articles/smart-objectives-examples","smart-objectives-examples|smart-acronym|smart-criteria","0"
"smart in setting goals","D:/Website Goal Planner/vigilant-eagle-drift/articles/D:/Website Goal Planner/vigilant-eagle-drift/articles/smart-in-setting-goals","D:/Website Goal Planner/vigilant-eagle-drift/articles/smart-in-setting-goals","0"
"smart in smart goals","D:/Website Goal Planner/vigilant-eagle-drift/articles/D:/Website Goal Planner/vigilant-eagle-drift/articles/t-in-smart-goals","D:/Website Goal Planner/vigilant-eagle-drift/articles/t-in-smart-goals","0"
"smart in smart goals stand for","D:/Website Goal Planner/vigilant-eagle-drift/articles/D:/Website Goal Planner/vigilant-eagle-drift/articles/smart-goals-stand-for","D:/Website Goal Planner/vigilant-eagle-drift/articles/smart-goals-stand-for|D:/Website Goal Planner/vigilant-eagle-drift/articles/smart-in-smart-goals-stand-for|D:/Website Goal Planner/vigilant-eagle-drift/articles/t-in-smart-goals","0"
"smart in strategic management","D:/Website Goal Planner/vigilant-eagle-drift/articles/D:/Website Goal Planner/vigilant-eagle-drift/articles/smart-in-strategic-management","D:/Website Goal Planner/vigilant-eagle-drift/articles/smart-in-strategic-management","0"
"smart internship goals examples","D:/Website Goal Planner/vigilant-eagle-drift/articles/smart-goals-for-internship-examples","smart-goals-for-internship-examples|smart-goals-internship-examples","0"
"smart is an acronym which stands for","D:/Website Goal Planner/vigilant-eagle-drift/articles/D:/Website Goal Planner/vigilant-eagle-drift/articles/smart-is-an-acronym-which-stands-for","D:/Website Goal Planner/vigilant-eagle-drift/articles/smart-is-an-acronym-which-stands-for","0"
"smart leadership acronym","D:/Website Goal Planner/vigilant-eagle-drift/articles/D:/Website Goal Planner/vigilant-eagle-drift/articles/smart-leadership-acronym","D:/Website Goal Planner/vigilant-eagle-drift/articles/smart-leadership-acronym","0"
"smart leadership goals examples","D:/Website Goal Planner/vigilant-eagle-drift/articles/D:/Website Goal Planner/vigilant-eagle-drift/articles/smart-leadership-goals-examples","D:/Website Goal Planner/vigilant-eagle-drift/articles/smart-leadership-goals-examples","0"
"smart leadership objectives examples","D:/Website Goal Planner/vigilant-eagle-drift/articles/D:/Website Goal Planner/vigilant-eagle-drift/articles/smart-leadership-objectives-examples","D:/Website Goal Planner/vigilant-eagle-drift/articles/smart-leadership-objectives-examples","0"
"smart learning examples","D:/Website Goal Planner/vigilant-eagle-drift/articles/D:/Website Goal Planner/vigilant-eagle-drift/articles/smart-learning-examples","D:/Website Goal Planner/vigilant-eagle-drift/articles/smart-learning-examples","0"
"smart learning goals","D:/Website Goal Planner/vigilant-eagle-drift/articles/D:/Website Goal Planner/vigilant-eagle-drift/articles/smart-learning-goals","D:/Website Goal Planner/vigilant-eagle-drift/articles/smart-learning-goals","0"
"smart learning goals examples","D:/Website Goal Planner/vigilant-eagle-drift/articles/D:/Website Goal Planner/vigilant-eagle-drift/articles/smart-learning-goals","D:/Website Goal Planner/vigilant-eagle-drift/articles/smart-learning-goals|D:/Website Goal Planner/vigilant-eagle-drift/articles/smart-learning-goals-examples","0"
"smart learning objective","D:/Website Goal Planner/vigilant-eagle-drift/articles/D:/Website Goal Planner/vigilant-eagle-drift/articles/smart-learning-objective","D:/Website Goal Planner/vigilant-eagle-drift/articles/smart-learning-objective","0"
"smart learning objectives for teachers","D:/Website Goal Planner/vigilant-eagle-drift/articles/D:/Website Goal Planner/vigilant-eagle-drift/articles/smart-learning-objective","D:/Website Goal Planner/vigilant-eagle-drift/articles/smart-learning-objective|D:/Website Goal Planner/vigilant-eagle-drift/articles/smart-learning-objectives-for-teachers","0"
"smart lesson objectives","D:/Website Goal Planner/vigilant-eagle-drift/articles/D:/Website Goal Planner/vigilant-eagle-drift/articles/smart-lesson-objectives","D:/Website Goal Planner/vigilant-eagle-drift/articles/smart-lesson-objectives","0"
"smart lesson objectives examples","D:/Website Goal Planner/vigilant-eagle-drift/articles/D:/Website Goal Planner/vigilant-eagle-drift/articles/smart-lesson-objectives-examples","D:/Website Goal Planner/vigilant-eagle-drift/articles/smart-lesson-objectives-examples|D:/Website Goal Planner/vigilant-eagle-drift/articles/smart-lesson-objectives","0"
"smart life goals","D:/Website Goal Planner/vigilant-eagle-drift/articles/D:/Website Goal Planner/vigilant-eagle-drift/articles/smart-life-goals","D:/Website Goal Planner/vigilant-eagle-drift/articles/smart-life-goals","0"
"smart management acronym","D:/Website Goal Planner/vigilant-eagle-drift/articles/D:/Website Goal Planner/vigilant-eagle-drift/articles/smart-management-acronym","D:/Website Goal Planner/vigilant-eagle-drift/articles/smart-management-acronym","0"
"smart marketing acronym","D:/Website Goal Planner/vigilant-eagle-drift/articles/D:/Website Goal Planner/vigilant-eagle-drift/articles/smart-marketing-acronym","D:/Website Goal Planner/vigilant-eagle-drift/articles/smart-marketing-acronym","0"
"smart marketing examples","D:/Website Goal Planner/vigilant-eagle-drift/articles/D:/Website Goal Planner/vigilant-eagle-drift/articles/smart-marketing-examples","D:/Website Goal Planner/vigilant-eagle-drift/articles/smart-marketing-examples","0"
"smart marketing goals","D:/Website Goal Planner/vigilant-eagle-drift/articles/D:/Website Goal Planner/vigilant-eagle-drift/articles/smart-marketing-goals","D:/Website Goal Planner/vigilant-eagle-drift/articles/smart-marketing-goals","0"
"smart marketing goals examples","D:/Website Goal Planner/vigilant-eagle-drift/articles/D:/Website Goal Planner/vigilant-eagle-drift/articles/smart-marketing-goals-examples","D:/Website Goal Planner/vigilant-eagle-drift/articles/smart-marketing-goals-examples|D:/Website Goal Planner/vigilant-eagle-drift/articles/smart-marketing-goals","0"
"smart marketing objectives","D:/Website Goal Planner/vigilant-eagle-drift/articles/D:/Website Goal Planner/vigilant-eagle-drift/articles/smart-marketing-objectives","D:/Website Goal Planner/vigilant-eagle-drift/articles/smart-marketing-objectives","0"
"smart marketing objectives examples","D:/Website Goal Planner/vigilant-eagle-drift/articles/D:/Website Goal Planner/vigilant-eagle-drift/articles/smart-marketing-objectives-examples","D:/Website Goal Planner/vigilant-eagle-drift/articles/smart-marketing-objectives-examples|D:/Website Goal Planner/vigilant-eagle-drift/articles/smart-marketing-objectives","0"
"smart marketing objectives examples for a new business","D:/Website Goal Planner/vigilant-eagle-drift/articles/D:/Website Goal Planner/vigilant-eagle-drift/articles/smart-marketing-objectives-examples","D:/Website Goal Planner/vigilant-eagle-drift/articles/smart-marketing-objectives-examples|D:/Website Goal Planner/vigilant-eagle-drift/articles/smart-marketing-objectives|D:/Website Goal Planner/vigilant-eagle-drift/articles/smart-marketing-objectives-examples-for-a-new-business","0"
"smart marketing objectives examples for a new product","D:/Website Goal Planner/vigilant-eagle-drift/articles/D:/Website Goal Planner/vigilant-eagle-drift/articles/smart-marketing-objectives-examples","D:/Website Goal Planner/vigilant-eagle-drift/articles/smart-marketing-objectives-examples|D:/Website Goal Planner/vigilant-eagle-drift/articles/smart-marketing-objectives|D:/Website Goal Planner/vigilant-eagle-drift/articles/smart-marketing-objectives-examples-for-a-new-product","1"
"smart marketing objectives for starbucks","D:/Website Goal Planner/vigilant-eagle-drift/articles/D:/Website Goal Planner/vigilant-eagle-drift/articles/smart-marketing-objectives","D:/Website Goal Planner/vigilant-eagle-drift/articles/smart-marketing-objectives|D:/Website Goal Planner/vigilant-eagle-drift/articles/smart-marketing-objectives-for-starbucks","0"
"smart marketing strategy example","D:/Website Goal Planner/vigilant-eagle-drift/articles/D:/Website Goal Planner/vigilant-eagle-drift/articles/smart-marketing-strategy-example","D:/Website Goal Planner/vigilant-eagle-drift/articles/smart-marketing-strategy-example","0"
"smart measurable","D:/Website Goal Planner/vigilant-eagle-drift/articles/D:/Website Goal Planner/vigilant-eagle-drift/articles/smart-measurable","D:/Website Goal Planner/vigilant-eagle-drift/articles/smart-measurable","0"
"smart measurable achievable","D:/Website Goal Planner/vigilant-eagle-drift/articles/D:/Website Goal Planner/vigilant-eagle-drift/articles/smart-measurable","D:/Website Goal Planner/vigilant-eagle-drift/articles/smart-measurable|D:/Website Goal Planner/vigilant-eagle-drift/articles/smart-measurable-achievable","0"
"smart measurable achievable realistic time","D:/Website Goal Planner/vigilant-eagle-drift/articles/D:/Website Goal Planner/vigilant-eagle-drift/articles/smart-measurable","D:/Website Goal Planner/vigilant-eagle-drift/articles/smart-measurable|D:/Website Goal Planner/vigilant-eagle-drift/articles/smart-measurable-achievable|D:/Website Goal Planner/vigilant-eagle-drift/articles/smart-measurable-achievable-realistic-time","0"
"smart measurable attainable","D:/Website Goal Planner/vigilant-eagle-drift/articles/D:/Website Goal Planner/vigilant-eagle-drift/articles/smart-measurable","D:/Website Goal Planner/vigilant-eagle-drift/articles/smart-measurable|D:/Website Goal Planner/vigilant-eagle-drift/articles/smart-measurable-attainable","0"
"smart measurable example","D:/Website Goal Planner/vigilant-eagle-drift/articles/D:/Website Goal Planner/vigilant-eagle-drift/articles/smart-measurable","D:/Website Goal Planner/vigilant-eagle-drift/articles/smart-measurable|D:/Website Goal Planner/vigilant-eagle-drift/articles/smart-measurable-example","0"
"smart measurable goals","D:/Website Goal Planner/vigilant-eagle-drift/articles/D:/Website Goal Planner/vigilant-eagle-drift/articles/measurable-goals","D:/Website Goal Planner/vigilant-eagle-drift/articles/measurable-goals|D:/Website Goal Planner/vigilant-eagle-drift/articles/smart-measurable|D:/Website Goal Planner/vigilant-eagle-drift/articles/smart-measurable-goals","0"
"smart measures examples","D:/Website Goal Planner/vigilant-eagle-drift/articles/D:/Website Goal Planner/vigilant-eagle-drift/articles/smart-measures-examples","D:/Website Goal Planner/vigilant-eagle-drift/articles/smart-measures-examples","0"
"smart mentee goals examples","D:/Website Goal Planner/vigilant-eagle-drift/articles/D:/Website Goal Planner/vigilant-eagle-drift/articles/smart-mentee-goals-examples","D:/Website Goal Planner/vigilant-eagle-drift/articles/smart-mentee-goals-examples","0"
"smart mentoring goals examples","D:/Website Goal Planner/vigilant-eagle-drift/articles/D:/Website Goal Planner/vigilant-eagle-drift/articles/smart-mentoring-goals-examples","D:/Website Goal Planner/vigilant-eagle-drift/articles/smart-mentoring-goals-examples","0"
"smart method","D:/Website Goal Planner/vigilant-eagle-drift/articles/D:/Website Goal Planner/vigilant-eagle-drift/articles/smart-method","D:/Website Goal Planner/vigilant-eagle-drift/articles/smart-method","0"
"smart method example","D:/Website Goal Planner/vigilant-eagle-drift/articles/D:/Website Goal Planner/vigilant-eagle-drift/articles/smart-method","D:/Website Goal Planner/vigilant-eagle-drift/articles/smart-method|D:/Website Goal Planner/vigilant-eagle-drift/articles/smart-method-example","0"
"smart method for setting goals","D:/Website Goal Planner/vigilant-eagle-drift/articles/D:/Website Goal Planner/vigilant-eagle-drift/articles/smart-method","D:/Website Goal Planner/vigilant-eagle-drift/articles/smart-method|D:/Website Goal Planner/vigilant-eagle-drift/articles/smart-method-for-setting-goals","0"
"smart method goals","D:/Website Goal Planner/vigilant-eagle-drift/articles/D:/Website Goal Planner/vigilant-eagle-drift/articles/smart-method","D:/Website Goal Planner/vigilant-eagle-drift/articles/smart-method|D:/Website Goal Planner/vigilant-eagle-drift/articles/smart-method-goals","0"
"smart method goals examples","D:/Website Goal Planner/vigilant-eagle-drift/articles/D:/Website Goal Planner/vigilant-eagle-drift/articles/smart-method","D:/Website Goal Planner/vigilant-eagle-drift/articles/smart-method|D:/Website Goal Planner/vigilant-eagle-drift/articles/smart-method-goals|D:/Website Goal Planner/vigilant-eagle-drift/articles/smart-method-goals-examples","0"
"smart method of goal setting","D:/Website Goal Planner/vigilant-eagle-drift/articles/D:/Website Goal Planner/vigilant-eagle-drift/articles/smart-method","D:/Website Goal Planner/vigilant-eagle-drift/articles/smart-method|D:/Website Goal Planner/vigilant-eagle-drift/articles/smart-method-of-goal-setting","0"
"smart method of goal setting examples","D:/Website Goal Planner/vigilant-eagle-drift/articles/D:/Website Goal Planner/vigilant-eagle-drift/articles/smart-method","D:/Website Goal Planner/vigilant-eagle-drift/articles/smart-method|D:/Website Goal Planner/vigilant-eagle-drift/articles/smart-method-of-goal-setting|D:/Website Goal Planner/vigilant-eagle-drift/articles/smart-method-of-goal-setting-examples","0"
"smart method to set goals","D:/Website Goal Planner/vigilant-eagle-drift/articles/D:/Website Goal Planner/vigilant-eagle-drift/articles/smart-method","D:/Website Goal Planner/vigilant-eagle-drift/articles/smart-method|D:/Website Goal Planner/vigilant-eagle-drift/articles/smart-method-to-set-goals","0"
"smart methodology example","D:/Website Goal Planner/vigilant-eagle-drift/articles/D:/Website Goal Planner/vigilant-eagle-drift/articles/smart-method","D:/Website Goal Planner/vigilant-eagle-drift/articles/smart-method|D:/Website Goal Planner/vigilant-eagle-drift/articles/smart-methodology-example","0"
"smart milestones","D:/Website Goal Planner/vigilant-eagle-drift/articles/D:/Website Goal Planner/vigilant-eagle-drift/articles/smart-milestones","D:/Website Goal Planner/vigilant-eagle-drift/articles/smart-milestones|D:/Website Goal Planner/vigilant-eagle-drift/articles/how-to-create-a-goal-roadmap-2026","0"
"smart mnemonic","D:/Website Goal Planner/vigilant-eagle-drift/articles/D:/Website Goal Planner/vigilant-eagle-drift/articles/smart-mnemonic","D:/Website Goal Planner/vigilant-eagle-drift/articles/smart-mnemonic","0"
"smart model acronym","D:/Website Goal Planner/vigilant-eagle-drift/articles/D:/Website Goal Planner/vigilant-eagle-drift/articles/smart-model-acronym","D:/Website Goal Planner/vigilant-eagle-drift/articles/smart-model-acronym","0"
"smart model for goals","D:/Website Goal Planner/vigilant-eagle-drift/articles/D:/Website Goal Planner/vigilant-eagle-drift/articles/smart-model-for-goals","D:/Website Goal Planner/vigilant-eagle-drift/articles/smart-model-for-goals","0"
"smart model goals","D:/Website Goal Planner/vigilant-eagle-drift/articles/D:/Website Goal Planner/vigilant-eagle-drift/articles/smart-model-goals","D:/Website Goal Planner/vigilant-eagle-drift/articles/smart-model-goals","0"
"smart model objectives","D:/Website Goal Planner/vigilant-eagle-drift/articles/D:/Website Goal Planner/vigilant-eagle-drift/articles/smart-model-objectives","D:/Website Goal Planner/vigilant-eagle-drift/articles/smart-model-objectives","0"
"smart model of goal setting","D:/Website Goal Planner/vigilant-eagle-drift/articles/D:/Website Goal Planner/vigilant-eagle-drift/articles/smart-model-of-goal-setting","D:/Website Goal Planner/vigilant-eagle-drift/articles/smart-model-of-goal-setting","0"
"smart new year's resolutions","D:/Website Goal Planner/vigilant-eagle-drift/articles/D:/Website Goal Planner/vigilant-eagle-drift/articles/smart-new-years-resolutions","D:/Website Goal Planner/vigilant-eagle-drift/articles/smart-new-years-resolutions","0"
"smart objective contoh","D:/Website Goal Planner/vigilant-eagle-drift/articles/objective-setting-examples","objective-setting-examples|a-smart-objective|contoh-smart-goals","0"
"smart objective examples business","D:/Website Goal Planner/vigilant-eagle-drift/articles/D:/Website Goal Planner/vigilant-eagle-drift/articles/smart-objective-examples-business","D:/Website Goal Planner/vigilant-eagle-drift/articles/smart-objective-examples-business","0"
"smart objective for clothing business","D:/Website Goal Planner/vigilant-eagle-drift/articles/D:/Website Goal Planner/vigilant-eagle-drift/articles/smart-objective-for-clothing-business","D:/Website Goal Planner/vigilant-eagle-drift/articles/smart-objective-for-clothing-business","0"
"smart objective framework","D:/Website Goal Planner/vigilant-eagle-drift/articles/D:/Website Goal Planner/vigilant-eagle-drift/articles/smart-objective-framework","D:/Website Goal Planner/vigilant-eagle-drift/articles/smart-objective-framework","0"
"smart objective stands for","D:/Website Goal Planner/vigilant-eagle-drift/articles/D:/Website Goal Planner/vigilant-eagle-drift/articles/smart-objective-stands-for","D:/Website Goal Planner/vigilant-eagle-drift/articles/smart-objective-stands-for","0"
"smart objective statement","D:/Website Goal Planner/vigilant-eagle-drift/articles/D:/Website Goal Planner/vigilant-eagle-drift/articles/smart-objective-statement","D:/Website Goal Planner/vigilant-eagle-drift/articles/smart-objective-statement","0"
"smart objectives","D:/Website Goal Planner/vigilant-eagle-drift/articles/D:/Website Goal Planner/vigilant-eagle-drift/articles/smart-objectives","D:/Website Goal Planner/vigilant-eagle-drift/articles/smart-objectives","0"
"smart objectives acronym","D:/Website Goal Planner/vigilant-eagle-drift/articles/D:/Website Goal Planner/vigilant-eagle-drift/articles/smart-objectives-acronym","D:/Website Goal Planner/vigilant-eagle-drift/articles/smart-objectives-acronym","0"
"smart objectives digital marketing","D:/Website Goal Planner/vigilant-eagle-drift/articles/D:/Website Goal Planner/vigilant-eagle-drift/articles/smart-objectives-digital-marketing","D:/Website Goal Planner/vigilant-eagle-drift/articles/smart-objectives-digital-marketing","0"
"smart objectives evaluation","D:/Website Goal Planner/vigilant-eagle-drift/articles/D:/Website Goal Planner/vigilant-eagle-drift/articles/smart-objectives-evaluation","D:/Website Goal Planner/vigilant-eagle-drift/articles/smart-objectives-evaluation","0"
"smart objectives examples","D:/Website Goal Planner/vigilant-eagle-drift/articles/D:/Website Goal Planner/vigilant-eagle-drift/articles/smart-objectives-examples","D:/Website Goal Planner/vigilant-eagle-drift/articles/smart-objectives-examples","0"
"smart objectives examples for managers","D:/Website Goal Planner/vigilant-eagle-drift/articles/D:/Website Goal Planner/vigilant-eagle-drift/articles/smart-objectives-examples","D:/Website Goal Planner/vigilant-eagle-drift/articles/smart-objectives-examples|D:/Website Goal Planner/vigilant-eagle-drift/articles/smart-objectives-examples-for-managers","0"
"smart objectives examples in business","D:/Website Goal Planner/vigilant-eagle-drift/articles/D:/Website Goal Planner/vigilant-eagle-drift/articles/smart-objectives-examples","D:/Website Goal Planner/vigilant-eagle-drift/articles/smart-objectives-examples|D:/Website Goal Planner/vigilant-eagle-drift/articles/smart-objectives-examples-in-business","0"
"smart objectives examples in healthcare","D:/Website Goal Planner/vigilant-eagle-drift/articles/D:/Website Goal Planner/vigilant-eagle-drift/articles/smart-objectives-examples","D:/Website Goal Planner/vigilant-eagle-drift/articles/smart-objectives-examples","0"
"smart objectives examples lesson plan","D:/Website Goal Planner/vigilant-eagle-drift/articles/D:/Website Goal Planner/vigilant-eagle-drift/articles/smart-objectives-examples","D:/Website Goal Planner/vigilant-eagle-drift/articles/smart-objectives-examples|D:/Website Goal Planner/vigilant-eagle-drift/articles/smart-objectives-examples-lesson-plan","0"
"smart objectives examples marketing","D:/Website Goal Planner/vigilant-eagle-drift/articles/D:/Website Goal Planner/vigilant-eagle-drift/articles/smart-objectives-examples","D:/Website Goal Planner/vigilant-eagle-drift/articles/smart-objectives-examples|D:/Website Goal Planner/vigilant-eagle-drift/articles/smart-objectives-examples-marketing","0"
"smart objectives examples project management","D:/Website Goal Planner/vigilant-eagle-drift/articles/D:/Website Goal Planner/vigilant-eagle-drift/articles/smart-objectives-examples","D:/Website Goal Planner/vigilant-eagle-drift/articles/smart-objectives-examples|D:/Website Goal Planner/vigilant-eagle-drift/articles/smart-objectives-examples-project-management","0"
"smart objectives examples public health","D:/Website Goal Planner/vigilant-eagle-drift/articles/D:/Website Goal Planner/vigilant-eagle-drift/articles/smart-objectives-examples","D:/Website Goal Planner/vigilant-eagle-drift/articles/smart-objectives-examples|D:/Website Goal Planner/vigilant-eagle-drift/articles/smart-objectives-examples-public-health","0"
"smart objectives examples research","D:/Website Goal Planner/vigilant-eagle-drift/articles/D:/Website Goal Planner/vigilant-eagle-drift/articles/smart-objectives-examples","D:/Website Goal Planner/vigilant-eagle-drift/articles/smart-objectives-examples|D:/Website Goal Planner/vigilant-eagle-drift/articles/smart-objectives-examples-research","0"
"smart objectives for a business examples","D:/Website Goal Planner/vigilant-eagle-drift/articles/D:/Website Goal Planner/vigilant-eagle-drift/articles/smart-objectives-for-a-business-examples","D:/Website Goal Planner/vigilant-eagle-drift/articles/smart-objectives-for-a-business-examples","0"
"smart objectives for cleaners","D:/Website Goal Planner/vigilant-eagle-drift/articles/D:/Website Goal Planner/vigilant-eagle-drift/articles/smart-objectives-for-cleaners","D:/Website Goal Planner/vigilant-eagle-drift/articles/smart-objectives-for-cleaners","0"
"smart objectives for digital marketing","D:/Website Goal Planner/vigilant-eagle-drift/articles/D:/Website Goal Planner/vigilant-eagle-drift/articles/smart-objectives-for-digital-marketing","D:/Website Goal Planner/vigilant-eagle-drift/articles/smart-objectives-for-digital-marketing","0"
"smart objectives for food industry","D:/Website Goal Planner/vigilant-eagle-drift/articles/D:/Website Goal Planner/vigilant-eagle-drift/articles/smart-objectives-for-food-industry","D:/Website Goal Planner/vigilant-eagle-drift/articles/smart-objectives-for-food-industry","0"
"smart objectives for graphic designers","D:/Website Goal Planner/vigilant-eagle-drift/articles/D:/Website Goal Planner/vigilant-eagle-drift/articles/smart-objectives-for-graphic-designers","D:/Website Goal Planner/vigilant-eagle-drift/articles/smart-objectives-for-graphic-designers","0"
"smart objectives for managers","D:/Website Goal Planner/vigilant-eagle-drift/articles/D:/Website Goal Planner/vigilant-eagle-drift/articles/smart-objectives-for-managers","D:/Website Goal Planner/vigilant-eagle-drift/articles/smart-objectives-for-managers","0"
"smart objectives for marketing campaign examples","D:/Website Goal Planner/vigilant-eagle-drift/articles/D:/Website Goal Planner/vigilant-eagle-drift/articles/smart-objectives-for-marketing-campaign-examples","D:/Website Goal Planner/vigilant-eagle-drift/articles/smart-objectives-for-marketing-campaign-examples","0"
"smart objectives for online business","D:/Website Goal Planner/vigilant-eagle-drift/articles/motivational-speakers-and-influencers","motivational-speakers-and-influencers|smart-objectives|smart-objectives-examples","0"
"smart objectives for personal development","D:/Website Goal Planner/vigilant-eagle-drift/articles/D:/Website Goal Planner/vigilant-eagle-drift/articles/smart-objectives-for-personal-development","D:/Website Goal Planner/vigilant-eagle-drift/articles/smart-objectives-for-personal-development","0"
"smart objectives for receptionist","D:/Website Goal Planner/vigilant-eagle-drift/articles/D:/Website Goal Planner/vigilant-eagle-drift/articles/smart-objectives-for-receptionist","D:/Website Goal Planner/vigilant-eagle-drift/articles/smart-objectives-for-receptionist","0"
"smart objectives for restaurants examples","D:/Website Goal Planner/vigilant-eagle-drift/articles/smart-objectives","smart-objectives|smart-objectives-examples|smart-acronym","0"
"smart objectives for work","D:/Website Goal Planner/vigilant-eagle-drift/articles/D:/Website Goal Planner/vigilant-eagle-drift/articles/smart-objectives-for-work","D:/Website Goal Planner/vigilant-eagle-drift/articles/smart-objectives-for-work","0"
"smart objectives full form","D:/Website Goal Planner/vigilant-eagle-drift/articles/D:/Website Goal Planner/vigilant-eagle-drift/articles/smart-objectives-full-form","D:/Website Goal Planner/vigilant-eagle-drift/articles/smart-objectives-full-form","0"
"smart objectives importance","D:/Website Goal Planner/vigilant-eagle-drift/articles/D:/Website Goal Planner/vigilant-eagle-drift/articles/smart-objectives-importance","D:/Website Goal Planner/vigilant-eagle-drift/articles/smart-objectives-importance","0"
"smart objectives in digital marketing","D:/Website Goal Planner/vigilant-eagle-drift/articles/D:/Website Goal Planner/vigilant-eagle-drift/articles/smart-objectives-in-digital-marketing","D:/Website Goal Planner/vigilant-eagle-drift/articles/smart-objectives-in-digital-marketing","0"
"smart objectives in healthcare","D:/Website Goal Planner/vigilant-eagle-drift/articles/D:/Website Goal Planner/vigilant-eagle-drift/articles/smart-objectives-in-healthcare","D:/Website Goal Planner/vigilant-eagle-drift/articles/smart-objectives-in-healthcare","0"
"smart objectives in management","D:/Website Goal Planner/vigilant-eagle-drift/articles/D:/Website Goal Planner/vigilant-eagle-drift/articles/smart-objectives-in-management","D:/Website Goal Planner/vigilant-eagle-drift/articles/smart-objectives-in-management","0"
"smart objectives in marketing examples","D:/Website Goal Planner/vigilant-eagle-drift/articles/D:/Website Goal Planner/vigilant-eagle-drift/articles/smart-objectives-in-marketing-examples","D:/Website Goal Planner/vigilant-eagle-drift/articles/smart-objectives-in-marketing-examples","0"
"smart objectives in project management","D:/Website Goal Planner/vigilant-eagle-drift/articles/D:/Website Goal Planner/vigilant-eagle-drift/articles/smart-objectives-in-project-management","D:/Website Goal Planner/vigilant-eagle-drift/articles/smart-objectives-in-project-management","0"
"smart objectives in research examples","D:/Website Goal Planner/vigilant-eagle-drift/articles/D:/Website Goal Planner/vigilant-eagle-drift/articles/smart-objectives-in-research-examples","D:/Website Goal Planner/vigilant-eagle-drift/articles/smart-objectives-in-research-examples","0"
"smart objectives in teaching","D:/Website Goal Planner/vigilant-eagle-drift/articles/D:/Website Goal Planner/vigilant-eagle-drift/articles/smart-objectives-in-teaching","D:/Website Goal Planner/vigilant-eagle-drift/articles/smart-objectives-in-teaching","0"
"smart objectives measurable","D:/Website Goal Planner/vigilant-eagle-drift/articles/D:/Website Goal Planner/vigilant-eagle-drift/articles/smart-objectives-measurable","D:/Website Goal Planner/vigilant-eagle-drift/articles/smart-objectives-measurable","0"
"smart objectives nhs examples","D:/Website Goal Planner/vigilant-eagle-drift/articles/D:/Website Goal Planner/vigilant-eagle-drift/articles/smart-objectives-nhs-examples","D:/Website Goal Planner/vigilant-eagle-drift/articles/smart-objectives-nhs-examples","0"
"smart objectives of amazon","D:/Website Goal Planner/vigilant-eagle-drift/articles/D:/Website Goal Planner/vigilant-eagle-drift/articles/smart-objectives-of-amazon","D:/Website Goal Planner/vigilant-eagle-drift/articles/smart-objectives-of-amazon","0"
"smart objectives of coca cola","D:/Website Goal Planner/vigilant-eagle-drift/articles/D:/Website Goal Planner/vigilant-eagle-drift/articles/smart-objectives-of-coca-cola","D:/Website Goal Planner/vigilant-eagle-drift/articles/smart-objectives-of-coca-cola","0"
"smart objectives ppt","D:/Website Goal Planner/vigilant-eagle-drift/articles/D:/Website Goal Planner/vigilant-eagle-drift/articles/smart-objectives-ppt","D:/Website Goal Planner/vigilant-eagle-drift/articles/smart-objectives-ppt","0"
"smart objectives pr","D:/Website Goal Planner/vigilant-eagle-drift/articles/D:/Website Goal Planner/vigilant-eagle-drift/articles/smart-objectives-pr","D:/Website Goal Planner/vigilant-eagle-drift/articles/smart-objectives-pr","0"
"smart objectives public health","D:/Website Goal Planner/vigilant-eagle-drift/articles/D:/Website Goal Planner/vigilant-eagle-drift/articles/smart-objectives-public-health","D:/Website Goal Planner/vigilant-eagle-drift/articles/smart-objectives-public-health","0"
"smart objectives realistic","D:/Website Goal Planner/vigilant-eagle-drift/articles/D:/Website Goal Planner/vigilant-eagle-drift/articles/smart-objectives-realistic","D:/Website Goal Planner/vigilant-eagle-drift/articles/smart-objectives-realistic","0"
"smart objectives relevant","D:/Website Goal Planner/vigilant-eagle-drift/articles/D:/Website Goal Planner/vigilant-eagle-drift/articles/smart-objectives-relevant","D:/Website Goal Planner/vigilant-eagle-drift/articles/smart-objectives-relevant","0"
"smart objectives research","D:/Website Goal Planner/vigilant-eagle-drift/articles/D:/Website Goal Planner/vigilant-eagle-drift/articles/smart-objectives-research","D:/Website Goal Planner/vigilant-eagle-drift/articles/smart-objectives-research","0"
"smart objectives research examples","D:/Website Goal Planner/vigilant-eagle-drift/articles/D:/Website Goal Planner/vigilant-eagle-drift/articles/smart-objectives-research","D:/Website Goal Planner/vigilant-eagle-drift/articles/smart-objectives-research|D:/Website Goal Planner/vigilant-eagle-drift/articles/smart-objectives-research-examples","0"
"smart objectives specific","D:/Website Goal Planner/vigilant-eagle-drift/articles/D:/Website Goal Planner/vigilant-eagle-drift/articles/smart-objectives-specific","D:/Website Goal Planner/vigilant-eagle-drift/articles/smart-objectives-specific","0"
"smart objectives table","D:/Website Goal Planner/vigilant-eagle-drift/articles/D:/Website Goal Planner/vigilant-eagle-drift/articles/smart-objectives-table","D:/Website Goal Planner/vigilant-eagle-drift/articles/smart-objectives-table","0"
"smart objectives templates","D:/Website Goal Planner/vigilant-eagle-drift/articles/D:/Website Goal Planner/vigilant-eagle-drift/articles/smart-objectives-templates","D:/Website Goal Planner/vigilant-eagle-drift/articles/smart-objectives-templates","0"
"smart objectives theory","D:/Website Goal Planner/vigilant-eagle-drift/articles/D:/Website Goal Planner/vigilant-eagle-drift/articles/smart-objectives-theory","D:/Website Goal Planner/vigilant-eagle-drift/articles/smart-objectives-theory","0"
"smart objectives time bound","D:/Website Goal Planner/vigilant-eagle-drift/articles/D:/Website Goal Planner/vigilant-eagle-drift/articles/smart-objectives-time-bound","D:/Website Goal Planner/vigilant-eagle-drift/articles/smart-objectives-time-bound","0"
"smart objectives to increase brand awareness examples","D:/Website Goal Planner/vigilant-eagle-drift/articles/D:/Website Goal Planner/vigilant-eagle-drift/articles/smart-objectives-to-increase-brand-awareness-examples","D:/Website Goal Planner/vigilant-eagle-drift/articles/smart-objectives-to-increase-brand-awareness-examples","0"
"smart objectives with examples","D:/Website Goal Planner/vigilant-eagle-drift/articles/D:/Website Goal Planner/vigilant-eagle-drift/articles/smart-objectives-with-examples","D:/Website Goal Planner/vigilant-eagle-drift/articles/smart-objectives-with-examples","0"
"smart of objectives","D:/Website Goal Planner/vigilant-eagle-drift/articles/D:/Website Goal Planner/vigilant-eagle-drift/articles/smart-of-objectives","D:/Website Goal Planner/vigilant-eagle-drift/articles/smart-of-objectives","0"
"smart okrs","D:/Website Goal Planner/vigilant-eagle-drift/articles/D:/Website Goal Planner/vigilant-eagle-drift/articles/smart-okrs","D:/Website Goal Planner/vigilant-eagle-drift/articles/smart-okrs","0"
"smart operational goals examples","D:/Website Goal Planner/vigilant-eagle-drift/articles/D:/Website Goal Planner/vigilant-eagle-drift/articles/smart-operational-goals-examples","D:/Website Goal Planner/vigilant-eagle-drift/articles/smart-operational-goals-examples","0"
"smart organizational goals examples","D:/Website Goal Planner/vigilant-eagle-drift/articles/D:/Website Goal Planner/vigilant-eagle-drift/articles/smart-organizational-goals-examples","D:/Website Goal Planner/vigilant-eagle-drift/articles/smart-organizational-goals-examples","0"
"smart outcome","D:/Website Goal Planner/vigilant-eagle-drift/articles/D:/Website Goal Planner/vigilant-eagle-drift/articles/smart-outcome","D:/Website Goal Planner/vigilant-eagle-drift/articles/smart-outcome","0"
"smart outcome example","D:/Website Goal Planner/vigilant-eagle-drift/articles/D:/Website Goal Planner/vigilant-eagle-drift/articles/smart-outcome","D:/Website Goal Planner/vigilant-eagle-drift/articles/smart-outcome|D:/Website Goal Planner/vigilant-eagle-drift/articles/smart-outcome-example","0"
"smart outcome goals","D:/Website Goal Planner/vigilant-eagle-drift/articles/D:/Website Goal Planner/vigilant-eagle-drift/articles/smart-outcome","D:/Website Goal Planner/vigilant-eagle-drift/articles/smart-outcome|D:/Website Goal Planner/vigilant-eagle-drift/articles/smart-outcome-goals","0"
"smart pdp examples","D:/Website Goal Planner/vigilant-eagle-drift/articles/D:/Website Goal Planner/vigilant-eagle-drift/articles/smart-pdp-examples","D:/Website Goal Planner/vigilant-eagle-drift/articles/smart-pdp-examples","0"
"smart performance goals","D:/Website Goal Planner/vigilant-eagle-drift/articles/D:/Website Goal Planner/vigilant-eagle-drift/articles/smart-performance-goals","D:/Website Goal Planner/vigilant-eagle-drift/articles/smart-performance-goals","0"
"smart performance goals examples","D:/Website Goal Planner/vigilant-eagle-drift/articles/D:/Website Goal Planner/vigilant-eagle-drift/articles/smart-performance-goals-examples","D:/Website Goal Planner/vigilant-eagle-drift/articles/smart-performance-goals-examples|D:/Website Goal Planner/vigilant-eagle-drift/articles/smart-performance-goals","0"
"smart performance goals for instructional designers","D:/Website Goal Planner/vigilant-eagle-drift/articles/D:/Website Goal Planner/vigilant-eagle-drift/articles/smart-performance-goals","D:/Website Goal Planner/vigilant-eagle-drift/articles/smart-performance-goals","0"
"smart performance objectives","D:/Website Goal Planner/vigilant-eagle-drift/articles/D:/Website Goal Planner/vigilant-eagle-drift/articles/smart-performance-objectives","D:/Website Goal Planner/vigilant-eagle-drift/articles/smart-performance-objectives","0"
"smart performance objectives examples","D:/Website Goal Planner/vigilant-eagle-drift/articles/D:/Website Goal Planner/vigilant-eagle-drift/articles/smart-performance-objectives-examples","D:/Website Goal Planner/vigilant-eagle-drift/articles/smart-performance-objectives-examples|D:/Website Goal Planner/vigilant-eagle-drift/articles/smart-performance-objectives","0"
"smart personal development goals","D:/Website Goal Planner/vigilant-eagle-drift/articles/D:/Website Goal Planner/vigilant-eagle-drift/articles/smart-personal-development-goals","D:/Website Goal Planner/vigilant-eagle-drift/articles/smart-personal-development-goals","0"
"smart personal development goals for work examples","D:/Website Goal Planner/vigilant-eagle-drift/articles/D:/Website Goal Planner/vigilant-eagle-drift/articles/smart-personal-development-goals","D:/Website Goal Planner/vigilant-eagle-drift/articles/smart-personal-development-goals|D:/Website Goal Planner/vigilant-eagle-drift/articles/smart-personal-development-goals-for-work-examples","0"
"smart personal development plan example","D:/Website Goal Planner/vigilant-eagle-drift/articles/D:/Website Goal Planner/vigilant-eagle-drift/articles/smart-personal-development-plan-example","D:/Website Goal Planner/vigilant-eagle-drift/articles/smart-personal-development-plan-example","0"
"smart personal goals","D:/Website Goal Planner/vigilant-eagle-drift/articles/D:/Website Goal Planner/vigilant-eagle-drift/articles/smart-personal-goals","D:/Website Goal Planner/vigilant-eagle-drift/articles/smart-personal-goals","0"
"smart personal goals for work","D:/Website Goal Planner/vigilant-eagle-drift/articles/D:/Website Goal Planner/vigilant-eagle-drift/articles/smart-personal-goals","D:/Website Goal Planner/vigilant-eagle-drift/articles/smart-personal-goals|D:/Website Goal Planner/vigilant-eagle-drift/articles/smart-personal-goals-for-work","0"
"smart personal objectives","D:/Website Goal Planner/vigilant-eagle-drift/articles/D:/Website Goal Planner/vigilant-eagle-drift/articles/smart-personal-objectives","D:/Website Goal Planner/vigilant-eagle-drift/articles/smart-personal-objectives","0"
"smart plan acronym","D:/Website Goal Planner/vigilant-eagle-drift/articles/D:/Website Goal Planner/vigilant-eagle-drift/articles/smart-plan-acronym","D:/Website Goal Planner/vigilant-eagle-drift/articles/smart-plan-acronym","0"
"smart plan example","D:/Website Goal Planner/vigilant-eagle-drift/articles/D:/Website Goal Planner/vigilant-eagle-drift/articles/smart-plan-example","D:/Website Goal Planner/vigilant-eagle-drift/articles/smart-plan-example","20"
"smart plan specific measurable","D:/Website Goal Planner/vigilant-eagle-drift/articles/D:/Website Goal Planner/vigilant-eagle-drift/articles/smart-plan-specific-measurable","D:/Website Goal Planner/vigilant-eagle-drift/articles/smart-plan-specific-measurable|D:/Website Goal Planner/vigilant-eagle-drift/articles/specific-measurable","0"
"smart pr objectives examples","D:/Website Goal Planner/vigilant-eagle-drift/articles/D:/Website Goal Planner/vigilant-eagle-drift/articles/smart-pr-objectives-examples","D:/Website Goal Planner/vigilant-eagle-drift/articles/smart-pr-objectives-examples","0"
"smart principles","D:/Website Goal Planner/vigilant-eagle-drift/articles/D:/Website Goal Planner/vigilant-eagle-drift/articles/smart-principles","D:/Website Goal Planner/vigilant-eagle-drift/articles/smart-principles","0"
"smart principles examples","D:/Website Goal Planner/vigilant-eagle-drift/articles/D:/Website Goal Planner/vigilant-eagle-drift/articles/smart-principles","D:/Website Goal Planner/vigilant-eagle-drift/articles/smart-principles|D:/Website Goal Planner/vigilant-eagle-drift/articles/smart-principles-examples","0"
"smart principles for goal setting","D:/Website Goal Planner/vigilant-eagle-drift/articles/D:/Website Goal Planner/vigilant-eagle-drift/articles/smart-principles","D:/Website Goal Planner/vigilant-eagle-drift/articles/smart-principles|D:/Website Goal Planner/vigilant-eagle-drift/articles/smart-principles-for-goal-setting","0"
"smart process goals","D:/Website Goal Planner/vigilant-eagle-drift/articles/D:/Website Goal Planner/vigilant-eagle-drift/articles/smart-process-goals","D:/Website Goal Planner/vigilant-eagle-drift/articles/smart-process-goals","0"
"smart project examples","D:/Website Goal Planner/vigilant-eagle-drift/articles/D:/Website Goal Planner/vigilant-eagle-drift/articles/smart-project-examples","D:/Website Goal Planner/vigilant-eagle-drift/articles/smart-project-examples","0"
"smart project management examples","D:/Website Goal Planner/vigilant-eagle-drift/articles/D:/Website Goal Planner/vigilant-eagle-drift/articles/smart-project-management-examples","D:/Website Goal Planner/vigilant-eagle-drift/articles/smart-project-management-examples","0"
"smart project manager","D:/Website Goal Planner/vigilant-eagle-drift/articles/D:/Website Goal Planner/vigilant-eagle-drift/articles/smart-project-manager","D:/Website Goal Planner/vigilant-eagle-drift/articles/smart-project-manager","1"
"smart project objectives examples","D:/Website Goal Planner/vigilant-eagle-drift/articles/D:/Website Goal Planner/vigilant-eagle-drift/articles/smart-project-objectives-examples","D:/Website Goal Planner/vigilant-eagle-drift/articles/smart-project-objectives-examples","0"
"smart promotional objectives","D:/Website Goal Planner/vigilant-eagle-drift/articles/D:/Website Goal Planner/vigilant-eagle-drift/articles/smart-promotional-objectives","D:/Website Goal Planner/vigilant-eagle-drift/articles/smart-promotional-objectives","0"
"smart promotional objectives examples","D:/Website Goal Planner/vigilant-eagle-drift/articles/D:/Website Goal Planner/vigilant-eagle-drift/articles/smart-promotional-objectives","D:/Website Goal Planner/vigilant-eagle-drift/articles/smart-promotional-objectives|D:/Website Goal Planner/vigilant-eagle-drift/articles/smart-promotional-objectives-examples","0"
"smart purpose","D:/Website Goal Planner/vigilant-eagle-drift/articles/D:/Website Goal Planner/vigilant-eagle-drift/articles/smart-purpose","D:/Website Goal Planner/vigilant-eagle-drift/articles/smart-purpose","0"
"smart quality objectives examples","D:/Website Goal Planner/vigilant-eagle-drift/articles/D:/Website Goal Planner/vigilant-eagle-drift/articles/smart-quality-objectives-examples","D:/Website Goal Planner/vigilant-eagle-drift/articles/smart-quality-objectives-examples","0"
"smart realistic","D:/Website Goal Planner/vigilant-eagle-drift/articles/D:/Website Goal Planner/vigilant-eagle-drift/articles/smart-realistic","D:/Website Goal Planner/vigilant-eagle-drift/articles/smart-realistic","0"
"smart realistic example","D:/Website Goal Planner/vigilant-eagle-drift/articles/D:/Website Goal Planner/vigilant-eagle-drift/articles/smart-realistic","D:/Website Goal Planner/vigilant-eagle-drift/articles/smart-realistic|D:/Website Goal Planner/vigilant-eagle-drift/articles/smart-realistic-example","0"
"smart recommendations examples","D:/Website Goal Planner/vigilant-eagle-drift/articles/D:/Website Goal Planner/vigilant-eagle-drift/articles/smart-recommendations-examples","D:/Website Goal Planner/vigilant-eagle-drift/articles/smart-recommendations-examples","0"
"smart recovery goals","D:/Website Goal Planner/vigilant-eagle-drift/articles/D:/Website Goal Planner/vigilant-eagle-drift/articles/smart-recovery-goals","D:/Website Goal Planner/vigilant-eagle-drift/articles/smart-recovery-goals","0"
"smart relationship goals","D:/Website Goal Planner/vigilant-eagle-drift/articles/D:/Website Goal Planner/vigilant-eagle-drift/articles/smart-relationship-goals","D:/Website Goal Planner/vigilant-eagle-drift/articles/smart-relationship-goals","0"
"smart relevant example","D:/Website Goal Planner/vigilant-eagle-drift/articles/D:/Website Goal Planner/vigilant-eagle-drift/articles/smart-relevant-example","D:/Website Goal Planner/vigilant-eagle-drift/articles/smart-relevant-example","0"
"smart research objectives","D:/Website Goal Planner/vigilant-eagle-drift/articles/D:/Website Goal Planner/vigilant-eagle-drift/articles/smart-research-objectives","D:/Website Goal Planner/vigilant-eagle-drift/articles/smart-research-objectives","2"
"smart research objectives examples","D:/Website Goal Planner/vigilant-eagle-drift/articles/D:/Website Goal Planner/vigilant-eagle-drift/articles/smart-research-objectives","D:/Website Goal Planner/vigilant-eagle-drift/articles/smart-research-objectives|D:/Website Goal Planner/vigilant-eagle-drift/articles/smart-research-objectives-examples","0"
"smart rule for goal setting","D:/Website Goal Planner/vigilant-eagle-drift/articles/D:/Website Goal Planner/vigilant-eagle-drift/articles/smart-rule-for-goal-setting","D:/Website Goal Planner/vigilant-eagle-drift/articles/smart-rule-for-goal-setting","0"
"smart rule for objectives","D:/Website Goal Planner/vigilant-eagle-drift/articles/D:/Website Goal Planner/vigilant-eagle-drift/articles/smart-rule-for-objectives","D:/Website Goal Planner/vigilant-eagle-drift/articles/smart-rule-for-objectives","0"
"smart rule in project management","D:/Website Goal Planner/vigilant-eagle-drift/articles/D:/Website Goal Planner/vigilant-eagle-drift/articles/smart-rule-in-project-management","D:/Website Goal Planner/vigilant-eagle-drift/articles/smart-rule-in-project-management","0"
"smart sales call objectives examples","D:/Website Goal Planner/vigilant-eagle-drift/articles/D:/Website Goal Planner/vigilant-eagle-drift/articles/smart-sales-call-objectives-examples","D:/Website Goal Planner/vigilant-eagle-drift/articles/smart-sales-call-objectives-examples","0"
"smart sales goals examples","D:/Website Goal Planner/vigilant-eagle-drift/articles/D:/Website Goal Planner/vigilant-eagle-drift/articles/smart-sales-goals-examples","D:/Website Goal Planner/vigilant-eagle-drift/articles/smart-sales-goals-examples","0"
"smart sales objectives","D:/Website Goal Planner/vigilant-eagle-drift/articles/D:/Website Goal Planner/vigilant-eagle-drift/articles/smart-sales-objectives","D:/Website Goal Planner/vigilant-eagle-drift/articles/smart-sales-objectives","0"
"smart sales objectives examples","D:/Website Goal Planner/vigilant-eagle-drift/articles/D:/Website Goal Planner/vigilant-eagle-drift/articles/smart-sales-objectives","D:/Website Goal Planner/vigilant-eagle-drift/articles/smart-sales-objectives|D:/Website Goal Planner/vigilant-eagle-drift/articles/smart-sales-objectives-examples","0"
"smart simple measurable","D:/Website Goal Planner/vigilant-eagle-drift/articles/D:/Website Goal Planner/vigilant-eagle-drift/articles/smart-simple-measurable","D:/Website Goal Planner/vigilant-eagle-drift/articles/smart-simple-measurable","0"
"smart specific","D:/Website Goal Planner/vigilant-eagle-drift/articles/D:/Website Goal Planner/vigilant-eagle-drift/articles/smart-specific","D:/Website Goal Planner/vigilant-eagle-drift/articles/smart-specific","0"
"smart specific measurable","D:/Website Goal Planner/vigilant-eagle-drift/articles/D:/Website Goal Planner/vigilant-eagle-drift/articles/smart-specific-measurable","D:/Website Goal Planner/vigilant-eagle-drift/articles/smart-specific-measurable|D:/Website Goal Planner/vigilant-eagle-drift/articles/smart-specific|D:/Website Goal Planner/vigilant-eagle-drift/articles/specific-measurable","0"
"smart specific measurable achievable","D:/Website Goal Planner/vigilant-eagle-drift/articles/D:/Website Goal Planner/vigilant-eagle-drift/articles/smart-specific-measurable","D:/Website Goal Planner/vigilant-eagle-drift/articles/smart-specific-measurable|D:/Website Goal Planner/vigilant-eagle-drift/articles/smart-specific-measurable-achievable|D:/Website Goal Planner/vigilant-eagle-drift/articles/smart-specific|D:/Website Goal Planner/vigilant-eagle-drift/articles/specific-measurable|D:/Website Goal Planner/vigilant-eagle-drift/articles/specific-measurable-achievable","0"
"smart specific measurable achievable realistic and timely","D:/Website Goal Planner/vigilant-eagle-drift/articles/D:/Website Goal Planner/vigilant-eagle-drift/articles/smart-specific-measurable","D:/Website Goal Planner/vigilant-eagle-drift/articles/smart-specific-measurable|D:/Website Goal Planner/vigilant-eagle-drift/articles/smart-specific-measurable-achievable|D:/Website Goal Planner/vigilant-eagle-drift/articles/smart-specific|D:/Website Goal Planner/vigilant-eagle-drift/articles/smart-specific-measurable-achievable-realistic-and-timely|D:/Website Goal Planner/vigilant-eagle-drift/articles/specific-measurable|D:/Website Goal Planner/vigilant-eagle-drift/articles/specific-measurable-achievable|D:/Website Goal Planner/vigilant-eagle-drift/articles/specific-measurable-achievable-realistic-and-timely","0"
"smart specific measurable achievable realistic time bound","D:/Website Goal Planner/vigilant-eagle-drift/articles/D:/Website Goal Planner/vigilant-eagle-drift/articles/smart-specific-measurable","D:/Website Goal Planner/vigilant-eagle-drift/articles/smart-specific-measurable|D:/Website Goal Planner/vigilant-eagle-drift/articles/smart-specific-measurable-achievable|D:/Website Goal Planner/vigilant-eagle-drift/articles/smart-specific|D:/Website Goal Planner/vigilant-eagle-drift/articles/smart-specific-measurable-achievable-realistic-time-bound|D:/Website Goal Planner/vigilant-eagle-drift/articles/specific-measurable|D:/Website Goal Planner/vigilant-eagle-drift/articles/specific-measurable-achievable","0"
"smart specific measurable achievable realistic timely","D:/Website Goal Planner/vigilant-eagle-drift/articles/D:/Website Goal Planner/vigilant-eagle-drift/articles/smart-specific-measurable","D:/Website Goal Planner/vigilant-eagle-drift/articles/smart-specific-measurable|D:/Website Goal Planner/vigilant-eagle-drift/articles/smart-specific-measurable-achievable|D:/Website Goal Planner/vigilant-eagle-drift/articles/smart-specific|D:/Website Goal Planner/vigilant-eagle-drift/articles/specific-measurable|D:/Website Goal Planner/vigilant-eagle-drift/articles/specific-measurable-achievable","0"
"smart specific measurable achievable reasonable timeline","D:/Website Goal Planner/vigilant-eagle-drift/articles/D:/Website Goal Planner/vigilant-eagle-drift/articles/smart-specific-measurable","D:/Website Goal Planner/vigilant-eagle-drift/articles/smart-specific-measurable|D:/Website Goal Planner/vigilant-eagle-drift/articles/smart-specific-measurable-achievable|D:/Website Goal Planner/vigilant-eagle-drift/articles/smart-specific|D:/Website Goal Planner/vigilant-eagle-drift/articles/specific-measurable|D:/Website Goal Planner/vigilant-eagle-drift/articles/specific-measurable-achievable","0"
"smart specific measurable achievable relevant and time bound","D:/Website Goal Planner/vigilant-eagle-drift/articles/D:/Website Goal Planner/vigilant-eagle-drift/articles/smart-specific-measurable","D:/Website Goal Planner/vigilant-eagle-drift/articles/smart-specific-measurable|D:/Website Goal Planner/vigilant-eagle-drift/articles/smart-specific-measurable-achievable|D:/Website Goal Planner/vigilant-eagle-drift/articles/smart-specific|D:/Website Goal Planner/vigilant-eagle-drift/articles/specific-measurable|D:/Website Goal Planner/vigilant-eagle-drift/articles/specific-measurable-achievable|D:/Website Goal Planner/vigilant-eagle-drift/articles/specific-measurable-achievable-relevant-and-time-bound","0"
"smart specific measurable achievable relevant time bound","D:/Website Goal Planner/vigilant-eagle-drift/articles/D:/Website Goal Planner/vigilant-eagle-drift/articles/smart-specific-measurable","D:/Website Goal Planner/vigilant-eagle-drift/articles/smart-specific-measurable|D:/Website Goal Planner/vigilant-eagle-drift/articles/smart-specific-measurable-achievable|D:/Website Goal Planner/vigilant-eagle-drift/articles/smart-specific|D:/Website Goal Planner/vigilant-eagle-drift/articles/smart-specific-measurable-achievable-relevant-time-bound|D:/Website Goal Planner/vigilant-eagle-drift/articles/specific-measurable|D:/Website Goal Planner/vigilant-eagle-drift/articles/specific-measurable-achievable","0"
"smart specific measurable achievable relevant timely","D:/Website Goal Planner/vigilant-eagle-drift/articles/D:/Website Goal Planner/vigilant-eagle-drift/articles/smart-specific-measurable","D:/Website Goal Planner/vigilant-eagle-drift/articles/smart-specific-measurable|D:/Website Goal Planner/vigilant-eagle-drift/articles/smart-specific-measurable-achievable|D:/Website Goal Planner/vigilant-eagle-drift/articles/smart-specific|D:/Website Goal Planner/vigilant-eagle-drift/articles/smart-specific-measurable-achievable-relevant-timely|D:/Website Goal Planner/vigilant-eagle-drift/articles/specific-measurable|D:/Website Goal Planner/vigilant-eagle-drift/articles/specific-measurable-achievable|D:/Website Goal Planner/vigilant-eagle-drift/articles/specific-measurable-achievable-relevant-timely","0"
"smart specific measurable actionable","D:/Website Goal Planner/vigilant-eagle-drift/articles/D:/Website Goal Planner/vigilant-eagle-drift/articles/smart-specific-measurable","D:/Website Goal Planner/vigilant-eagle-drift/articles/smart-specific-measurable|D:/Website Goal Planner/vigilant-eagle-drift/articles/smart-specific|D:/Website Goal Planner/vigilant-eagle-drift/articles/smart-specific-measurable-actionable|D:/Website Goal Planner/vigilant-eagle-drift/articles/specific-measurable","0"
"smart specific measurable attainable","D:/Website Goal Planner/vigilant-eagle-drift/articles/D:/Website Goal Planner/vigilant-eagle-drift/articles/smart-specific-measurable","D:/Website Goal Planner/vigilant-eagle-drift/articles/smart-specific-measurable|D:/Website Goal Planner/vigilant-eagle-drift/articles/smart-specific|D:/Website Goal Planner/vigilant-eagle-drift/articles/smart-specific-measurable-attainable|D:/Website Goal Planner/vigilant-eagle-drift/articles/specific-measurable","0"
"smart specific measurable attainable realistic time bound","D:/Website Goal Planner/vigilant-eagle-drift/articles/D:/Website Goal Planner/vigilant-eagle-drift/articles/smart-specific-measurable","D:/Website Goal Planner/vigilant-eagle-drift/articles/smart-specific-measurable|D:/Website Goal Planner/vigilant-eagle-drift/articles/smart-specific|D:/Website Goal Planner/vigilant-eagle-drift/articles/smart-specific-measurable-attainable|D:/Website Goal Planner/vigilant-eagle-drift/articles/smart-specific-measurable-attainable-realistic-time-bound|D:/Website Goal Planner/vigilant-eagle-drift/articles/specific-measurable-attainable-realistic-time-bound","0"
"smart specific measurable attainable realistic timely","D:/Website Goal Planner/vigilant-eagle-drift/articles/D:/Website Goal Planner/vigilant-eagle-drift/articles/smart-specific-measurable","D:/Website Goal Planner/vigilant-eagle-drift/articles/smart-specific-measurable|D:/Website Goal Planner/vigilant-eagle-drift/articles/smart-specific|D:/Website Goal Planner/vigilant-eagle-drift/articles/smart-specific-measurable-attainable|D:/Website Goal Planner/vigilant-eagle-drift/articles/smart-specific-measurable-attainable-realistic-timely","0"
"smart specific measurable attainable relevant and time bound","D:/Website Goal Planner/vigilant-eagle-drift/articles/D:/Website Goal Planner/vigilant-eagle-drift/articles/smart-specific-measurable","D:/Website Goal Planner/vigilant-eagle-drift/articles/smart-specific-measurable|D:/Website Goal Planner/vigilant-eagle-drift/articles/smart-specific|D:/Website Goal Planner/vigilant-eagle-drift/articles/smart-specific-measurable-attainable|D:/Website Goal Planner/vigilant-eagle-drift/articles/smart-specific-measurable-attainable-relevant-and-time-bound","0"
"smart specific measurable attainable relevant time bound","D:/Website Goal Planner/vigilant-eagle-drift/articles/D:/Website Goal Planner/vigilant-eagle-drift/articles/smart-specific-measurable","D:/Website Goal Planner/vigilant-eagle-drift/articles/smart-specific-measurable|D:/Website Goal Planner/vigilant-eagle-drift/articles/smart-specific|D:/Website Goal Planner/vigilant-eagle-drift/articles/smart-specific-measurable-attainable|D:/Website Goal Planner/vigilant-eagle-drift/articles/smart-specific-measurable-attainable-relevant-time-bound|D:/Website Goal Planner/vigilant-eagle-drift/articles/specific-measurable-attainable-relevant-time-bound","0"
"smart specific measurable attainable relevant timely","D:/Website Goal Planner/vigilant-eagle-drift/articles/D:/Website Goal Planner/vigilant-eagle-drift/articles/smart-specific-measurable","D:/Website Goal Planner/vigilant-eagle-drift/articles/smart-specific-measurable|D:/Website Goal Planner/vigilant-eagle-drift/articles/smart-specific|D:/Website Goal Planner/vigilant-eagle-drift/articles/smart-specific-measurable-attainable|D:/Website Goal Planner/vigilant-eagle-drift/articles/smart-specific-measurable-attainable-relevant-timely|D:/Website Goal Planner/vigilant-eagle-drift/articles/specific-measurable-attainable-relevant-timely","0"
"smart specific measured achievable realistic timely","D:/Website Goal Planner/vigilant-eagle-drift/articles/D:/Website Goal Planner/vigilant-eagle-drift/articles/smart-specific","D:/Website Goal Planner/vigilant-eagle-drift/articles/smart-specific|D:/Website Goal Planner/vigilant-eagle-drift/articles/smart-specific-measured-achievable-realistic-timely","0"
"smart specific objectives","D:/Website Goal Planner/vigilant-eagle-drift/articles/D:/Website Goal Planner/vigilant-eagle-drift/articles/smart-specific-objectives","D:/Website Goal Planner/vigilant-eagle-drift/articles/smart-specific-objectives","0"
"smart spiritual goals","D:/Website Goal Planner/vigilant-eagle-drift/articles/D:/Website Goal Planner/vigilant-eagle-drift/articles/smart-spiritual-goals","D:/Website Goal Planner/vigilant-eagle-drift/articles/smart-spiritual-goals","0"
"smart sprint goals","D:/Website Goal Planner/vigilant-eagle-drift/articles/D:/Website Goal Planner/vigilant-eagle-drift/articles/smart-sprint-goals","D:/Website Goal Planner/vigilant-eagle-drift/articles/smart-sprint-goals","0"
"smart stand for in business","D:/Website Goal Planner/vigilant-eagle-drift/articles/D:/Website Goal Planner/vigilant-eagle-drift/articles/smart-stand-for-in-business","D:/Website Goal Planner/vigilant-eagle-drift/articles/smart-stand-for-in-business","0"
"smart stand for in goal setting","D:/Website Goal Planner/vigilant-eagle-drift/articles/D:/Website Goal Planner/vigilant-eagle-drift/articles/smart-stand-for-in-goal-setting","D:/Website Goal Planner/vigilant-eagle-drift/articles/smart-stand-for-in-goal-setting","0"
"smart stand for in smart goal","D:/Website Goal Planner/vigilant-eagle-drift/articles/D:/Website Goal Planner/vigilant-eagle-drift/articles/smart-stand-for-in-smart-goal","D:/Website Goal Planner/vigilant-eagle-drift/articles/smart-stand-for-in-smart-goal","0"
"smart stands for goals","D:/Website Goal Planner/vigilant-eagle-drift/articles/D:/Website Goal Planner/vigilant-eagle-drift/articles/smart-stands-for-goals","D:/Website Goal Planner/vigilant-eagle-drift/articles/smart-stands-for-goals","0"
"smart stands for in management","D:/Website Goal Planner/vigilant-eagle-drift/articles/D:/Website Goal Planner/vigilant-eagle-drift/articles/smart-stands-for-in-management","D:/Website Goal Planner/vigilant-eagle-drift/articles/smart-stands-for-in-management","0"
"smart stands for in project management","D:/Website Goal Planner/vigilant-eagle-drift/articles/D:/Website Goal Planner/vigilant-eagle-drift/articles/smart-stands-for-in-project-management","D:/Website Goal Planner/vigilant-eagle-drift/articles/smart-stands-for-in-project-management","0"
"smart stands for specific measurable attainable","D:/Website Goal Planner/vigilant-eagle-drift/articles/smart-stands-for-specific-measurable-attainable-realistic-and","smart-stands-for-specific-measurable-attainable-realistic-and","0"
"smart stands for specific measurable attainable realistic and","D:/Website Goal Planner/vigilant-eagle-drift/articles/D:/Website Goal Planner/vigilant-eagle-drift/articles/smart-stands-for-specific-measurable-attainable-realistic-and","D:/Website Goal Planner/vigilant-eagle-drift/articles/smart-stands-for-specific-measurable-attainable-realistic-and","0"
"smart strategic","D:/Website Goal Planner/vigilant-eagle-drift/articles/D:/Website Goal Planner/vigilant-eagle-drift/articles/smart-strategic","D:/Website Goal Planner/vigilant-eagle-drift/articles/smart-strategic","0"
"smart strategic goals examples","D:/Website Goal Planner/vigilant-eagle-drift/articles/D:/Website Goal Planner/vigilant-eagle-drift/articles/smart-strategic","D:/Website Goal Planner/vigilant-eagle-drift/articles/smart-strategic|D:/Website Goal Planner/vigilant-eagle-drift/articles/smart-strategic-goals-examples","0"
"smart strategic management","D:/Website Goal Planner/vigilant-eagle-drift/articles/D:/Website Goal Planner/vigilant-eagle-drift/articles/smart-strategic","D:/Website Goal Planner/vigilant-eagle-drift/articles/smart-strategic|D:/Website Goal Planner/vigilant-eagle-drift/articles/smart-strategic-management","0"
"smart strategic objectives","D:/Website Goal Planner/vigilant-eagle-drift/articles/D:/Website Goal Planner/vigilant-eagle-drift/articles/smart-strategic","D:/Website Goal Planner/vigilant-eagle-drift/articles/smart-strategic|D:/Website Goal Planner/vigilant-eagle-drift/articles/smart-strategic-objectives","0"
"smart strategic objectives examples","D:/Website Goal Planner/vigilant-eagle-drift/articles/D:/Website Goal Planner/vigilant-eagle-drift/articles/smart-strategic","D:/Website Goal Planner/vigilant-eagle-drift/articles/smart-strategic|D:/Website Goal Planner/vigilant-eagle-drift/articles/smart-strategic-objectives|D:/Website Goal Planner/vigilant-eagle-drift/articles/smart-strategic-objectives-examples","0"
"smart strategic planning","D:/Website Goal Planner/vigilant-eagle-drift/articles/D:/Website Goal Planner/vigilant-eagle-drift/articles/smart-strategic-planning","D:/Website Goal Planner/vigilant-eagle-drift/articles/smart-strategic-planning|D:/Website Goal Planner/vigilant-eagle-drift/articles/smart-strategic","0"
"smart strategy example","D:/Website Goal Planner/vigilant-eagle-drift/articles/D:/Website Goal Planner/vigilant-eagle-drift/articles/smart-strategy-example","D:/Website Goal Planner/vigilant-eagle-drift/articles/smart-strategy-example","0"
"smart study goals examples","D:/Website Goal Planner/vigilant-eagle-drift/articles/D:/Website Goal Planner/vigilant-eagle-drift/articles/smart-study-goals-examples","D:/Website Goal Planner/vigilant-eagle-drift/articles/smart-study-goals-examples|D:/Website Goal Planner/vigilant-eagle-drift/articles/smart-study-goals-examples","0"
"smart success criteria","D:/Website Goal Planner/vigilant-eagle-drift/articles/D:/Website Goal Planner/vigilant-eagle-drift/articles/smart-success-criteria","D:/Website Goal Planner/vigilant-eagle-drift/articles/smart-success-criteria","0"
"smart sustainable measurable attainable","D:/Website Goal Planner/vigilant-eagle-drift/articles/D:/Website Goal Planner/vigilant-eagle-drift/articles/smart-sustainable-measurable-attainable","D:/Website Goal Planner/vigilant-eagle-drift/articles/smart-sustainable-measurable-attainable","0"
"smart system for goals","D:/Website Goal Planner/vigilant-eagle-drift/articles/D:/Website Goal Planner/vigilant-eagle-drift/articles/smart-system-for-goals","D:/Website Goal Planner/vigilant-eagle-drift/articles/smart-system-for-goals","0"
"smart target acronym","D:/Website Goal Planner/vigilant-eagle-drift/articles/D:/Website Goal Planner/vigilant-eagle-drift/articles/smart-target-acronym","D:/Website Goal Planner/vigilant-eagle-drift/articles/smart-target-acronym","0"
"smart target stand for","D:/Website Goal Planner/vigilant-eagle-drift/articles/D:/Website Goal Planner/vigilant-eagle-drift/articles/smart-target-stand-for","D:/Website Goal Planner/vigilant-eagle-drift/articles/smart-target-stand-for","0"
"smart targets","D:/Website Goal Planner/vigilant-eagle-drift/articles/D:/Website Goal Planner/vigilant-eagle-drift/articles/smart-targets","D:/Website Goal Planner/vigilant-eagle-drift/articles/smart-targets","0"
"smart targets business","D:/Website Goal Planner/vigilant-eagle-drift/articles/D:/Website Goal Planner/vigilant-eagle-drift/articles/smart-targets","D:/Website Goal Planner/vigilant-eagle-drift/articles/smart-targets|D:/Website Goal Planner/vigilant-eagle-drift/articles/smart-targets-business","0"
"smart targets examples","D:/Website Goal Planner/vigilant-eagle-drift/articles/D:/Website Goal Planner/vigilant-eagle-drift/articles/smart-targets","D:/Website Goal Planner/vigilant-eagle-drift/articles/smart-targets|D:/Website Goal Planner/vigilant-eagle-drift/articles/smart-targets-examples","0"
"smart targets examples for work","D:/Website Goal Planner/vigilant-eagle-drift/articles/D:/Website Goal Planner/vigilant-eagle-drift/articles/smart-targets","D:/Website Goal Planner/vigilant-eagle-drift/articles/smart-targets|D:/Website Goal Planner/vigilant-eagle-drift/articles/smart-targets-examples|D:/Website Goal Planner/vigilant-eagle-drift/articles/smart-targets-examples-for-work","0"
"smart targets explained","D:/Website Goal Planner/vigilant-eagle-drift/articles/D:/Website Goal Planner/vigilant-eagle-drift/articles/smart-targets","D:/Website Goal Planner/vigilant-eagle-drift/articles/smart-targets|D:/Website Goal Planner/vigilant-eagle-drift/articles/smart-targets-explained","0"
"smart targets for students","D:/Website Goal Planner/vigilant-eagle-drift/articles/D:/Website Goal Planner/vigilant-eagle-drift/articles/smart-targets","D:/Website Goal Planner/vigilant-eagle-drift/articles/smart-targets|D:/Website Goal Planner/vigilant-eagle-drift/articles/smart-targets-for-students","0"
"smart targets health and social care","D:/Website Goal Planner/vigilant-eagle-drift/articles/D:/Website Goal Planner/vigilant-eagle-drift/articles/smart-targets","D:/Website Goal Planner/vigilant-eagle-drift/articles/smart-targets|D:/Website Goal Planner/vigilant-eagle-drift/articles/smart-targets-health-and-social-care","0"
"smart targets measurable","D:/Website Goal Planner/vigilant-eagle-drift/articles/D:/Website Goal Planner/vigilant-eagle-drift/articles/smart-targets","D:/Website Goal Planner/vigilant-eagle-drift/articles/smart-targets|D:/Website Goal Planner/vigilant-eagle-drift/articles/smart-targets-measurable","0"
"smart task examples","D:/Website Goal Planner/vigilant-eagle-drift/articles/D:/Website Goal Planner/vigilant-eagle-drift/articles/smart-task-examples","D:/Website Goal Planner/vigilant-eagle-drift/articles/smart-task-examples","0"
"smart team goals examples","D:/Website Goal Planner/vigilant-eagle-drift/articles/D:/Website Goal Planner/vigilant-eagle-drift/articles/smart-team-goals-examples","D:/Website Goal Planner/vigilant-eagle-drift/articles/smart-team-goals-examples","0"
"smart techniques for goal setting","D:/Website Goal Planner/vigilant-eagle-drift/articles/D:/Website Goal Planner/vigilant-eagle-drift/articles/smart-techniques-for-goal-setting","D:/Website Goal Planner/vigilant-eagle-drift/articles/smart-techniques-for-goal-setting","0"
"smart term goals","D:/Website Goal Planner/vigilant-eagle-drift/articles/D:/Website Goal Planner/vigilant-eagle-drift/articles/smart-term-goals","D:/Website Goal Planner/vigilant-eagle-drift/articles/smart-term-goals","0"
"smart theory of motivation","D:/Website Goal Planner/vigilant-eagle-drift/articles/D:/Website Goal Planner/vigilant-eagle-drift/articles/smart-theory-of-motivation","D:/Website Goal Planner/vigilant-eagle-drift/articles/smart-theory-of-motivation","0"
"smart time bound","D:/Website Goal Planner/vigilant-eagle-drift/articles/D:/Website Goal Planner/vigilant-eagle-drift/articles/smart-time-bound","D:/Website Goal Planner/vigilant-eagle-drift/articles/smart-time-bound","1"
"smart time management goals","D:/Website Goal Planner/vigilant-eagle-drift/articles/D:/Website Goal Planner/vigilant-eagle-drift/articles/smart-time-management-goals","D:/Website Goal Planner/vigilant-eagle-drift/articles/smart-time-management-goals","0"
"smart tool for goal setting","D:/Website Goal Planner/vigilant-eagle-drift/articles/D:/Website Goal Planner/vigilant-eagle-drift/articles/smart-tool-for-goal-setting","D:/Website Goal Planner/vigilant-eagle-drift/articles/smart-tool-for-goal-setting","0"
"smart training acronym","D:/Website Goal Planner/vigilant-eagle-drift/articles/D:/Website Goal Planner/vigilant-eagle-drift/articles/smart-training-acronym","D:/Website Goal Planner/vigilant-eagle-drift/articles/smart-training-acronym","0"
"smart training goals examples","D:/Website Goal Planner/vigilant-eagle-drift/articles/D:/Website Goal Planner/vigilant-eagle-drift/articles/smart-training-goals-examples","D:/Website Goal Planner/vigilant-eagle-drift/articles/smart-training-goals-examples|D:/Website Goal Planner/vigilant-eagle-drift/articles/smart-training-goals-examples","0"
"smart training objectives examples","D:/Website Goal Planner/vigilant-eagle-drift/articles/D:/Website Goal Planner/vigilant-eagle-drift/articles/smart-training-objectives-examples","D:/Website Goal Planner/vigilant-eagle-drift/articles/smart-training-objectives-examples","0"
"smart work goals examples for evaluation","D:/Website Goal Planner/vigilant-eagle-drift/articles/D:/Website Goal Planner/vigilant-eagle-drift/articles/smart-work-goals-examples-for-evaluation","D:/Website Goal Planner/vigilant-eagle-drift/articles/smart-work-goals-examples-for-evaluation","0"
"smart work goals for 2022","D:/Website Goal Planner/vigilant-eagle-drift/articles/build-discipline-and-consistency","build-discipline-and-consistency|quotes-for-discipline-and-hard-work|smart-goals-examples","0"
"smart work objectives","D:/Website Goal Planner/vigilant-eagle-drift/articles/D:/Website Goal Planner/vigilant-eagle-drift/articles/smart-work-objectives","D:/Website Goal Planner/vigilant-eagle-drift/articles/smart-work-objectives","0"
"smart worksheet","D:/Website Goal Planner/vigilant-eagle-drift/articles/D:/Website Goal Planner/vigilant-eagle-drift/articles/smart-worksheet","D:/Website Goal Planner/vigilant-eagle-drift/articles/smart-worksheet","0"
"smarta goals","D:/Website Goal Planner/vigilant-eagle-drift/articles/D:/Website Goal Planner/vigilant-eagle-drift/articles/smarta-goals","D:/Website Goal Planner/vigilant-eagle-drift/articles/smarta-goals","0"
"smartar goals","D:/Website Goal Planner/vigilant-eagle-drift/articles/beat-procrastination-and-stay-productive","beat-procrastination-and-stay-productive|stay-focused-without-distractions|daily-productivity-routine","0"
"smarte goals acronym","D:/Website Goal Planner/vigilant-eagle-drift/articles/D:/Website Goal Planner/vigilant-eagle-drift/articles/smarte-goals-acronym","D:/Website Goal Planner/vigilant-eagle-drift/articles/smarte-goals-acronym","0"
"smarter goals include these characteristics","D:/Website Goal Planner/vigilant-eagle-drift/articles/stay-focused-without-distractions","stay-focused-without-distractions|making-smart-goals|characteristics-of-goals-smart","0"
"smarter goals michael hyatt","D:/Website Goal Planner/vigilant-eagle-drift/articles/D:/Website Goal Planner/vigilant-eagle-drift/articles/smarter-goals-michael-hyatt","D:/Website Goal Planner/vigilant-eagle-drift/articles/smarter-goals-michael-hyatt","0"
"smarter method of goal setting","D:/Website Goal Planner/vigilant-eagle-drift/articles/D:/Website Goal Planner/vigilant-eagle-drift/articles/smarter-method-of-goal-setting","D:/Website Goal Planner/vigilant-eagle-drift/articles/smarter-method-of-goal-setting","0"
"smarter objectives stands for","D:/Website Goal Planner/vigilant-eagle-drift/articles/D:/Website Goal Planner/vigilant-eagle-drift/articles/smarter-objectives-stands-for","D:/Website Goal Planner/vigilant-eagle-drift/articles/smarter-objectives-stands-for","0"
"smartgoals","NO_COVERAGE","","0"
"smarti goals","D:/Website Goal Planner/vigilant-eagle-drift/articles/D:/Website Goal Planner/vigilant-eagle-drift/articles/smarti-goals","D:/Website Goal Planner/vigilant-eagle-drift/articles/smarti-goals","0"
"smartr goal","D:/Website Goal Planner/vigilant-eagle-drift/articles/D:/Website Goal Planner/vigilant-eagle-drift/articles/smartr-goal","D:/Website Goal Planner/vigilant-eagle-drift/articles/smartr-goal","0"
"smartt goals","D:/Website Goal Planner/vigilant-eagle-drift/articles/D:/Website Goal Planner/vigilant-eagle-drift/articles/smartt-goals","D:/Website Goal Planner/vigilant-eagle-drift/articles/smartt-goals","0"
"social smart goals examples for students","D:/Website Goal Planner/vigilant-eagle-drift/articles/D:/Website Goal Planner/vigilant-eagle-drift/articles/smart-goals-examples-for-students","D:/Website Goal Planner/vigilant-eagle-drift/articles/smart-goals-examples-for-students|D:/Website Goal Planner/vigilant-eagle-drift/articles/social-smart-goals-examples-for-students","0"
"soft skills smart goals","D:/Website Goal Planner/vigilant-eagle-drift/articles/D:/Website Goal Planner/vigilant-eagle-drift/articles/soft-skills-smart-goals","D:/Website Goal Planner/vigilant-eagle-drift/articles/soft-skills-smart-goals","0"
"soft skills smart goals examples","D:/Website Goal Planner/vigilant-eagle-drift/articles/D:/Website Goal Planner/vigilant-eagle-drift/articles/soft-skills-smart-goals","D:/Website Goal Planner/vigilant-eagle-drift/articles/soft-skills-smart-goals|D:/Website Goal Planner/vigilant-eagle-drift/articles/soft-skills-smart-goals-examples","0"
"some smart goals","D:/Website Goal Planner/vigilant-eagle-drift/articles/D:/Website Goal Planner/vigilant-eagle-drift/articles/some-smart-goals","D:/Website Goal Planner/vigilant-eagle-drift/articles/some-smart-goals","0"
"specific achievable measurable","D:/Website Goal Planner/vigilant-eagle-drift/articles/D:/Website Goal Planner/vigilant-eagle-drift/articles/specific-achievable-measurable","D:/Website Goal Planner/vigilant-eagle-drift/articles/specific-achievable-measurable","0"
"specific and measurable","D:/Website Goal Planner/vigilant-eagle-drift/articles/D:/Website Goal Planner/vigilant-eagle-drift/articles/specific-and-measurable","D:/Website Goal Planner/vigilant-eagle-drift/articles/specific-and-measurable","0"
"specific and measurable goals","D:/Website Goal Planner/vigilant-eagle-drift/articles/D:/Website Goal Planner/vigilant-eagle-drift/articles/measurable-goals","D:/Website Goal Planner/vigilant-eagle-drift/articles/measurable-goals|D:/Website Goal Planner/vigilant-eagle-drift/articles/specific-and-measurable","0"
"specific attainable measurable","D:/Website Goal Planner/vigilant-eagle-drift/articles/D:/Website Goal Planner/vigilant-eagle-drift/articles/specific-attainable-measurable","D:/Website Goal Planner/vigilant-eagle-drift/articles/specific-attainable-measurable","0"
"specific goals","D:/Website Goal Planner/vigilant-eagle-drift/articles/D:/Website Goal Planner/vigilant-eagle-drift/articles/specific-goals","D:/Website Goal Planner/vigilant-eagle-drift/articles/specific-goals","0"
"specific goals examples","D:/Website Goal Planner/vigilant-eagle-drift/articles/D:/Website Goal Planner/vigilant-eagle-drift/articles/specific-goals-examples","D:/Website Goal Planner/vigilant-eagle-drift/articles/specific-goals-examples|D:/Website Goal Planner/vigilant-eagle-drift/articles/specific-goals","0"
"specific goals examples for students","D:/Website Goal Planner/vigilant-eagle-drift/articles/D:/Website Goal Planner/vigilant-eagle-drift/articles/specific-goals-examples","D:/Website Goal Planner/vigilant-eagle-drift/articles/specific-goals-examples|D:/Website Goal Planner/vigilant-eagle-drift/articles/specific-goals|D:/Website Goal Planner/vigilant-eagle-drift/articles/specific-goals-examples-for-students","0"
"specific goals for students","D:/Website Goal Planner/vigilant-eagle-drift/articles/D:/Website Goal Planner/vigilant-eagle-drift/articles/specific-goals","D:/Website Goal Planner/vigilant-eagle-drift/articles/specific-goals|D:/Website Goal Planner/vigilant-eagle-drift/articles/specific-goals-for-students","0"
"specific goals to set for yourself","D:/Website Goal Planner/vigilant-eagle-drift/articles/D:/Website Goal Planner/vigilant-eagle-drift/articles/specific-goals","D:/Website Goal Planner/vigilant-eagle-drift/articles/specific-goals|D:/Website Goal Planner/vigilant-eagle-drift/articles/specific-goals-to-set-for-yourself","0"
"specific goals you have","D:/Website Goal Planner/vigilant-eagle-drift/articles/D:/Website Goal Planner/vigilant-eagle-drift/articles/specific-goals","D:/Website Goal Planner/vigilant-eagle-drift/articles/specific-goals|D:/Website Goal Planner/vigilant-eagle-drift/articles/specific-goals-you-have","0"
"specific in smart","D:/Website Goal Planner/vigilant-eagle-drift/articles/D:/Website Goal Planner/vigilant-eagle-drift/articles/specific-in-smart","D:/Website Goal Planner/vigilant-eagle-drift/articles/specific-in-smart","0"
"specific in smart objectives","D:/Website Goal Planner/vigilant-eagle-drift/articles/D:/Website Goal Planner/vigilant-eagle-drift/articles/specific-in-smart","D:/Website Goal Planner/vigilant-eagle-drift/articles/specific-in-smart","0"
"specific measurable","D:/Website Goal Planner/vigilant-eagle-drift/articles/D:/Website Goal Planner/vigilant-eagle-drift/articles/specific-measurable","D:/Website Goal Planner/vigilant-eagle-drift/articles/specific-measurable","0"
"specific measurable achievable","D:/Website Goal Planner/vigilant-eagle-drift/articles/D:/Website Goal Planner/vigilant-eagle-drift/articles/specific-measurable-achievable","D:/Website Goal Planner/vigilant-eagle-drift/articles/specific-measurable-achievable","0"
"specific measurable achievable realistic and time bound","D:/Website Goal Planner/vigilant-eagle-drift/articles/D:/Website Goal Planner/vigilant-eagle-drift/articles/specific-measurable-achievable","D:/Website Goal Planner/vigilant-eagle-drift/articles/specific-measurable-achievable|D:/Website Goal Planner/vigilant-eagle-drift/articles/specific-measurable-achievable-realistic-and-time-bound","0"
"specific measurable achievable realistic and time bound smart objectives","D:/Website Goal Planner/vigilant-eagle-drift/articles/D:/Website Goal Planner/vigilant-eagle-drift/articles/specific-measurable-achievable","D:/Website Goal Planner/vigilant-eagle-drift/articles/specific-measurable-achievable|D:/Website Goal Planner/vigilant-eagle-drift/articles/specific-measurable-achievable-realistic-and-time-bound|D:/Website Goal Planner/vigilant-eagle-drift/articles/time-bound-smart","0"
"specific measurable achievable realistic and timely","D:/Website Goal Planner/vigilant-eagle-drift/articles/D:/Website Goal Planner/vigilant-eagle-drift/articles/specific-measurable-achievable","D:/Website Goal Planner/vigilant-eagle-drift/articles/specific-measurable-achievable|D:/Website Goal Planner/vigilant-eagle-drift/articles/specific-measurable-achievable-realistic-and-timely","0"
"specific measurable achievable realistic and timely goals","D:/Website Goal Planner/vigilant-eagle-drift/articles/D:/Website Goal Planner/vigilant-eagle-drift/articles/specific-measurable-achievable","D:/Website Goal Planner/vigilant-eagle-drift/articles/specific-measurable-achievable|D:/Website Goal Planner/vigilant-eagle-drift/articles/specific-measurable-achievable-realistic-and-timely","0"
"specific measurable achievable realistic time","D:/Website Goal Planner/vigilant-eagle-drift/articles/D:/Website Goal Planner/vigilant-eagle-drift/articles/specific-measurable-achievable","D:/Website Goal Planner/vigilant-eagle-drift/articles/specific-measurable-achievable","0"
"specific measurable achievable realistic time bound","D:/Website Goal Planner/vigilant-eagle-drift/articles/D:/Website Goal Planner/vigilant-eagle-drift/articles/specific-measurable-achievable","D:/Website Goal Planner/vigilant-eagle-drift/articles/specific-measurable-achievable","0"
"specific measurable achievable realistic timely","D:/Website Goal Planner/vigilant-eagle-drift/articles/D:/Website Goal Planner/vigilant-eagle-drift/articles/specific-measurable-achievable","D:/Website Goal Planner/vigilant-eagle-drift/articles/specific-measurable-achievable","0"
"specific measurable achievable realistic timely examples","D:/Website Goal Planner/vigilant-eagle-drift/articles/smart-specific-measurable","smart-specific-measurable|smart-specific-measurable-achievable|smart-specific","0"
"specific measurable achievable relevant and time bound","D:/Website Goal Planner/vigilant-eagle-drift/articles/D:/Website Goal Planner/vigilant-eagle-drift/articles/specific-measurable-achievable-relevant-and-time-bound","D:/Website Goal Planner/vigilant-eagle-drift/articles/specific-measurable-achievable-relevant-and-time-bound","0"
"specific measurable achievable relevant and timely","D:/Website Goal Planner/vigilant-eagle-drift/articles/smart-specific-measurable","smart-specific-measurable|smart-specific-measurable-achievable|smart-specific","0"
"specific measurable achievable relevant time bound","D:/Website Goal Planner/vigilant-eagle-drift/articles/smart-specific-measurable","smart-specific-measurable|smart-specific-measurable-achievable|goals-specific-measurable","0"
"specific measurable achievable relevant timely","D:/Website Goal Planner/vigilant-eagle-drift/articles/D:/Website Goal Planner/vigilant-eagle-drift/articles/specific-measurable-achievable-relevant-timely","D:/Website Goal Planner/vigilant-eagle-drift/articles/specific-measurable-achievable-relevant-timely","0"
"specific measurable attainable realistic and timely","D:/Website Goal Planner/vigilant-eagle-drift/articles/smart-specific-measurable","smart-specific-measurable|smart-specific|smart-specific-measurable-attainable","0"
"specific measurable attainable realistic time bound","D:/Website Goal Planner/vigilant-eagle-drift/articles/D:/Website Goal Planner/vigilant-eagle-drift/articles/specific-measurable-attainable-realistic-time-bound","D:/Website Goal Planner/vigilant-eagle-drift/articles/specific-measurable-attainable-realistic-time-bound","0"
"specific measurable attainable realistic timely","D:/Website Goal Planner/vigilant-eagle-drift/articles/smart-specific-measurable","smart-specific-measurable|smart-specific|smart-specific-measurable-attainable","0"
"specific measurable attainable relevant and time bound","D:/Website Goal Planner/vigilant-eagle-drift/articles/smart-specific-measurable","smart-specific-measurable|goals-specific-measurable|smart-goals-specific-measurable","0"
"specific measurable attainable relevant and timely","D:/Website Goal Planner/vigilant-eagle-drift/articles/smart-specific-measurable","smart-specific-measurable|smart-specific|smart-specific-measurable-attainable","0"
"specific measurable attainable relevant time based","D:/Website Goal Planner/vigilant-eagle-drift/articles/D:/Website Goal Planner/vigilant-eagle-drift/articles/specific-measurable-attainable-relevant-time-based","D:/Website Goal Planner/vigilant-eagle-drift/articles/specific-measurable-attainable-relevant-time-based","0"
"specific measurable attainable relevant time bound","D:/Website Goal Planner/vigilant-eagle-drift/articles/D:/Website Goal Planner/vigilant-eagle-drift/articles/specific-measurable-attainable-relevant-time-bound","D:/Website Goal Planner/vigilant-eagle-drift/articles/specific-measurable-attainable-relevant-time-bound","0"
"specific measurable attainable relevant timely","D:/Website Goal Planner/vigilant-eagle-drift/articles/D:/Website Goal Planner/vigilant-eagle-drift/articles/specific-measurable-attainable-relevant-timely","D:/Website Goal Planner/vigilant-eagle-drift/articles/specific-measurable-attainable-relevant-timely","0"
"specific objectives example","D:/Website Goal Planner/vigilant-eagle-drift/articles/D:/Website Goal Planner/vigilant-eagle-drift/articles/specific-objectives-example","D:/Website Goal Planner/vigilant-eagle-drift/articles/specific-objectives-example","0"
"specific realistic achievable timely measurable","D:/Website Goal Planner/vigilant-eagle-drift/articles/D:/Website Goal Planner/vigilant-eagle-drift/articles/specific-realistic-achievable-timely-measurable","D:/Website Goal Planner/vigilant-eagle-drift/articles/specific-realistic-achievable-timely-measurable","0"
"spiritual smart goal examples","D:/Website Goal Planner/vigilant-eagle-drift/articles/D:/Website Goal Planner/vigilant-eagle-drift/articles/spiritual-smart-goal-examples","D:/Website Goal Planner/vigilant-eagle-drift/articles/spiritual-smart-goal-examples","0"
"spiritual smart goals","D:/Website Goal Planner/vigilant-eagle-drift/articles/D:/Website Goal Planner/vigilant-eagle-drift/articles/spiritual-smart-goals","D:/Website Goal Planner/vigilant-eagle-drift/articles/spiritual-smart-goals","0"
"spiritual smart goals examples","D:/Website Goal Planner/vigilant-eagle-drift/articles/D:/Website Goal Planner/vigilant-eagle-drift/articles/spiritual-smart-goals-examples","D:/Website Goal Planner/vigilant-eagle-drift/articles/spiritual-smart-goals-examples|D:/Website Goal Planner/vigilant-eagle-drift/articles/spiritual-smart-goals","6"
"strategic planning smart goals","D:/Website Goal Planner/vigilant-eagle-drift/articles/D:/Website Goal Planner/vigilant-eagle-drift/articles/strategic-planning-smart-goals","D:/Website Goal Planner/vigilant-eagle-drift/articles/strategic-planning-smart-goals","0"
"strong goals","D:/Website Goal Planner/vigilant-eagle-drift/articles/D:/Website Goal Planner/vigilant-eagle-drift/articles/strong-goals","D:/Website Goal Planner/vigilant-eagle-drift/articles/strong-goals","0"
"students smart goals examples","D:/Website Goal Planner/vigilant-eagle-drift/articles/D:/Website Goal Planner/vigilant-eagle-drift/articles/students-smart-goals-examples","D:/Website Goal Planner/vigilant-eagle-drift/articles/students-smart-goals-examples","0"
"success planner","D:/Website Goal Planner/vigilant-eagle-drift/articles/time-management-tips-and-strategies-2026","time-management-tips-and-strategies-2026|stay-focused-without-distractions|daily-productivity-routine","0"
"success planner 2025","NO_COVERAGE","","0"
"success planner 2026","D:/Website Goal Planner/vigilant-eagle-drift/articles/time-management-tips-and-strategies-2026","time-management-tips-and-strategies-2026|daily-productivity-routine|plan-your-day-step-by-step","0"
"success planner book","NO_COVERAGE","","0"
"success planner by vipin sir","D:/Website Goal Planner/vigilant-eagle-drift/articles/time-management-tips-and-strategies-2026","time-management-tips-and-strategies-2026|daily-productivity-routine|plan-your-day-step-by-step","12"
"success planner diary","D:/Website Goal Planner/vigilant-eagle-drift/articles/daily-planner-guide-2026","daily-planner-guide-2026|how-to-create-a-daily-schedule-that-works-2026","0"
"success planner dsp ki pathshala","NO_COVERAGE","","0"
"success planner for neet","NO_COVERAGE","","0"
"success planner for neet by vipin sir","D:/Website Goal Planner/vigilant-eagle-drift/articles/time-management-tips-and-strategies-2026","time-management-tips-and-strategies-2026|daily-productivity-routine|plan-your-day-step-by-step","0"
"success planner pdf","D:/Website Goal Planner/vigilant-eagle-drift/articles/time-management-tips-and-strategies-2026","time-management-tips-and-strategies-2026|stay-focused-without-distractions|daily-planner-guide-2026","0"
"succession planning smart goals examples","D:/Website Goal Planner/vigilant-eagle-drift/articles/examples-of-smart-goals-for-strategic-planning","examples-of-smart-goals-for-strategic-planning|smart-goals-for-strategic-planning|smart-goals-strategic-planning","0"
"t in smart goals","D:/Website Goal Planner/vigilant-eagle-drift/articles/D:/Website Goal Planner/vigilant-eagle-drift/articles/t-in-smart-goals","D:/Website Goal Planner/vigilant-eagle-drift/articles/t-in-smart-goals","0"
"t in smart goals stands for","D:/Website Goal Planner/vigilant-eagle-drift/articles/D:/Website Goal Planner/vigilant-eagle-drift/articles/t-in-smart-goals","D:/Website Goal Planner/vigilant-eagle-drift/articles/t-in-smart-goals|D:/Website Goal Planner/vigilant-eagle-drift/articles/t-in-smart-goals-stands-for","1"
"tangible goals examples","D:/Website Goal Planner/vigilant-eagle-drift/articles/D:/Website Goal Planner/vigilant-eagle-drift/articles/tangible-goals-examples","D:/Website Goal Planner/vigilant-eagle-drift/articles/tangible-goals-examples","0"
"team development goals examples","D:/Website Goal Planner/vigilant-eagle-drift/articles/D:/Website Goal Planner/vigilant-eagle-drift/articles/development-goals-examples","D:/Website Goal Planner/vigilant-eagle-drift/articles/development-goals-examples|D:/Website Goal Planner/vigilant-eagle-drift/articles/team-development-goals-examples","0"
"team leader smart goals examples","D:/Website Goal Planner/vigilant-eagle-drift/articles/D:/Website Goal Planner/vigilant-eagle-drift/articles/team-leader-smart-goals-examples","D:/Website Goal Planner/vigilant-eagle-drift/articles/team-leader-smart-goals-examples","0"
"team smart goals","D:/Website Goal Planner/vigilant-eagle-drift/articles/D:/Website Goal Planner/vigilant-eagle-drift/articles/team-smart-goals","D:/Website Goal Planner/vigilant-eagle-drift/articles/team-smart-goals","0"
"team smart goals examples","D:/Website Goal Planner/vigilant-eagle-drift/articles/D:/Website Goal Planner/vigilant-eagle-drift/articles/team-smart-goals","D:/Website Goal Planner/vigilant-eagle-drift/articles/team-smart-goals|D:/Website Goal Planner/vigilant-eagle-drift/articles/team-smart-goals-examples","0"
"teamwork smart goals examples","D:/Website Goal Planner/vigilant-eagle-drift/articles/D:/Website Goal Planner/vigilant-eagle-drift/articles/teamwork-smart-goals-examples","D:/Website Goal Planner/vigilant-eagle-drift/articles/teamwork-smart-goals-examples","0"
"technology smart goals examples","D:/Website Goal Planner/vigilant-eagle-drift/articles/D:/Website Goal Planner/vigilant-eagle-drift/articles/technology-smart-goals-examples","D:/Website Goal Planner/vigilant-eagle-drift/articles/technology-smart-goals-examples","0"
"ted talk smart goals","D:/Website Goal Planner/vigilant-eagle-drift/articles/D:/Website Goal Planner/vigilant-eagle-drift/articles/ted-talk-smart-goals","D:/Website Goal Planner/vigilant-eagle-drift/articles/ted-talk-smart-goals","0"
"the a in smart goals stands for","D:/Website Goal Planner/vigilant-eagle-drift/articles/D:/Website Goal Planner/vigilant-eagle-drift/articles/a-in-smart-goals","D:/Website Goal Planner/vigilant-eagle-drift/articles/a-in-smart-goals|D:/Website Goal Planner/vigilant-eagle-drift/articles/a-in-smart-goals-stands-for|D:/Website Goal Planner/vigilant-eagle-drift/articles/the-a-in-smart-goals-stands-for","1"
"the acronym smart for goal setting stands for","D:/Website Goal Planner/vigilant-eagle-drift/articles/D:/Website Goal Planner/vigilant-eagle-drift/articles/acronym-smart-for-goal-setting","D:/Website Goal Planner/vigilant-eagle-drift/articles/acronym-smart-for-goal-setting|D:/Website Goal Planner/vigilant-eagle-drift/articles/the-acronym-smart-for-goal-setting-stands-for","0"
"the acronym smart stands for","D:/Website Goal Planner/vigilant-eagle-drift/articles/D:/Website Goal Planner/vigilant-eagle-drift/articles/the-acronym-smart-stands-for","D:/Website Goal Planner/vigilant-eagle-drift/articles/the-acronym-smart-stands-for","0"
"the importance of smart goals","D:/Website Goal Planner/vigilant-eagle-drift/articles/D:/Website Goal Planner/vigilant-eagle-drift/articles/importance-of-smart-goal","D:/Website Goal Planner/vigilant-eagle-drift/articles/importance-of-smart-goal|D:/Website Goal Planner/vigilant-eagle-drift/articles/the-importance-of-smart-goals","0"
"the purpose of smart goals","D:/Website Goal Planner/vigilant-eagle-drift/articles/D:/Website Goal Planner/vigilant-eagle-drift/articles/the-purpose-of-smart-goals","D:/Website Goal Planner/vigilant-eagle-drift/articles/the-purpose-of-smart-goals","0"
"the r in smart goals stands for","D:/Website Goal Planner/vigilant-eagle-drift/articles/D:/Website Goal Planner/vigilant-eagle-drift/articles/the-r-in-smart-goals-stands-for","D:/Website Goal Planner/vigilant-eagle-drift/articles/the-r-in-smart-goals-stands-for","0"
"the s in smart goal stands for what","D:/Website Goal Planner/vigilant-eagle-drift/articles/D:/Website Goal Planner/vigilant-eagle-drift/articles/the-s-in-smart-goal-stands-for-what","D:/Website Goal Planner/vigilant-eagle-drift/articles/the-s-in-smart-goal-stands-for-what","0"
"the s in smart goals stands for","D:/Website Goal Planner/vigilant-eagle-drift/articles/smart-goals-acronym","smart-goals-acronym|smart-criteria|goals-should-be-smart","0"
"the smart acronym stands for","D:/Website Goal Planner/vigilant-eagle-drift/articles/D:/Website Goal Planner/vigilant-eagle-drift/articles/smart-acronym","D:/Website Goal Planner/vigilant-eagle-drift/articles/smart-acronym|D:/Website Goal Planner/vigilant-eagle-drift/articles/the-smart-acronym-stands-for","0"
"the smart criteria","D:/Website Goal Planner/vigilant-eagle-drift/articles/D:/Website Goal Planner/vigilant-eagle-drift/articles/smart-criteria","D:/Website Goal Planner/vigilant-eagle-drift/articles/smart-criteria|D:/Website Goal Planner/vigilant-eagle-drift/articles/the-smart-criteria","0"
"the smart framework","D:/Website Goal Planner/vigilant-eagle-drift/articles/D:/Website Goal Planner/vigilant-eagle-drift/articles/smart-framework","D:/Website Goal Planner/vigilant-eagle-drift/articles/smart-framework|D:/Website Goal Planner/vigilant-eagle-drift/articles/the-smart-framework","0"
"the smart goal","D:/Website Goal Planner/vigilant-eagle-drift/articles/D:/Website Goal Planner/vigilant-eagle-drift/articles/the-smart-goal","D:/Website Goal Planner/vigilant-eagle-drift/articles/the-smart-goal","0"
"the smart goal acronym stands for","D:/Website Goal Planner/vigilant-eagle-drift/articles/D:/Website Goal Planner/vigilant-eagle-drift/articles/smart-goals-acronym","D:/Website Goal Planner/vigilant-eagle-drift/articles/smart-goals-acronym|D:/Website Goal Planner/vigilant-eagle-drift/articles/the-smart-goal|D:/Website Goal Planner/vigilant-eagle-drift/articles/the-smart-goal-acronym-stands-for","0"
"the smart goal method","D:/Website Goal Planner/vigilant-eagle-drift/articles/D:/Website Goal Planner/vigilant-eagle-drift/articles/the-smart-goal","D:/Website Goal Planner/vigilant-eagle-drift/articles/the-smart-goal|D:/Website Goal Planner/vigilant-eagle-drift/articles/the-smart-goal-method","0"
"the smart method of goal setting","D:/Website Goal Planner/vigilant-eagle-drift/articles/D:/Website Goal Planner/vigilant-eagle-drift/articles/smart-method","D:/Website Goal Planner/vigilant-eagle-drift/articles/smart-method|D:/Website Goal Planner/vigilant-eagle-drift/articles/smart-method-of-goal-setting|D:/Website Goal Planner/vigilant-eagle-drift/articles/the-smart-method-of-goal-setting","0"
"the smart objectives","D:/Website Goal Planner/vigilant-eagle-drift/articles/D:/Website Goal Planner/vigilant-eagle-drift/articles/the-smart-objectives","D:/Website Goal Planner/vigilant-eagle-drift/articles/the-smart-objectives","0"
"the t in smart goals stands for","D:/Website Goal Planner/vigilant-eagle-drift/articles/D:/Website Goal Planner/vigilant-eagle-drift/articles/t-in-smart-goals","D:/Website Goal Planner/vigilant-eagle-drift/articles/t-in-smart-goals|D:/Website Goal Planner/vigilant-eagle-drift/articles/t-in-smart-goals-stands-for|D:/Website Goal Planner/vigilant-eagle-drift/articles/the-t-in-smart-goals-stands-for","0"
"there's a smart way to write management goals","D:/Website Goal Planner/vigilant-eagle-drift/articles/D:/Website Goal Planner/vigilant-eagle-drift/articles/theres-a-smart-way-to-write-management-goals","D:/Website Goal Planner/vigilant-eagle-drift/articles/theres-a-smart-way-to-write-management-goals","0"
"there's a smart way to write management goals and objectives","D:/Website Goal Planner/vigilant-eagle-drift/articles/D:/Website Goal Planner/vigilant-eagle-drift/articles/theres-a-smart-way-to-write-management-goals","D:/Website Goal Planner/vigilant-eagle-drift/articles/theres-a-smart-way-to-write-management-goals|D:/Website Goal Planner/vigilant-eagle-drift/articles/theres-a-smart-way-to-write-management-goals-and-objectives","0"
"there's a smart way to write management's goals and objectives","D:/Website Goal Planner/vigilant-eagle-drift/articles/theres-a-smart-way-to-write-management-goals","theres-a-smart-way-to-write-management-goals|theres-a-smart-way-to-write-management-goals-and-objectives|theres-a-smart-way-to-write-managements-goals-and-objectives","0"
"three smart goals","D:/Website Goal Planner/vigilant-eagle-drift/articles/D:/Website Goal Planner/vigilant-eagle-drift/articles/three-smart-goals","D:/Website Goal Planner/vigilant-eagle-drift/articles/three-smart-goals","0"
"ticktick alternative","NO_COVERAGE","","0"
"time based goals","D:/Website Goal Planner/vigilant-eagle-drift/articles/D:/Website Goal Planner/vigilant-eagle-drift/articles/time-based-goals","D:/Website Goal Planner/vigilant-eagle-drift/articles/time-based-goals","0"
"time based goals examples","D:/Website Goal Planner/vigilant-eagle-drift/articles/D:/Website Goal Planner/vigilant-eagle-drift/articles/time-based-goals","D:/Website Goal Planner/vigilant-eagle-drift/articles/time-based-goals|D:/Website Goal Planner/vigilant-eagle-drift/articles/time-based-goals-examples","0"
"time based smart goals","D:/Website Goal Planner/vigilant-eagle-drift/articles/D:/Website Goal Planner/vigilant-eagle-drift/articles/time-based-smart-goals","D:/Website Goal Planner/vigilant-eagle-drift/articles/time-based-smart-goals","0"
"time bound goal","D:/Website Goal Planner/vigilant-eagle-drift/articles/D:/Website Goal Planner/vigilant-eagle-drift/articles/time-bound-goal","D:/Website Goal Planner/vigilant-eagle-drift/articles/time-bound-goal","0"
"time bound goals examples","D:/Website Goal Planner/vigilant-eagle-drift/articles/D:/Website Goal Planner/vigilant-eagle-drift/articles/time-bound-goal","D:/Website Goal Planner/vigilant-eagle-drift/articles/time-bound-goal|D:/Website Goal Planner/vigilant-eagle-drift/articles/time-bound-goals-examples","2"
"time bound in smart goals","D:/Website Goal Planner/vigilant-eagle-drift/articles/D:/Website Goal Planner/vigilant-eagle-drift/articles/time-bound-in-smart-goals","D:/Website Goal Planner/vigilant-eagle-drift/articles/time-bound-in-smart-goals","0"
"time bound objectives","D:/Website Goal Planner/vigilant-eagle-drift/articles/D:/Website Goal Planner/vigilant-eagle-drift/articles/time-bound-objectives","D:/Website Goal Planner/vigilant-eagle-drift/articles/time-bound-objectives","0"
"time bound objectives examples","D:/Website Goal Planner/vigilant-eagle-drift/articles/D:/Website Goal Planner/vigilant-eagle-drift/articles/time-bound-objectives","D:/Website Goal Planner/vigilant-eagle-drift/articles/time-bound-objectives|D:/Website Goal Planner/vigilant-eagle-drift/articles/time-bound-objectives-examples","0"
"time bound smart","D:/Website Goal Planner/vigilant-eagle-drift/articles/D:/Website Goal Planner/vigilant-eagle-drift/articles/time-bound-smart","D:/Website Goal Planner/vigilant-eagle-drift/articles/time-bound-smart","0"
"time bound smart goals","D:/Website Goal Planner/vigilant-eagle-drift/articles/D:/Website Goal Planner/vigilant-eagle-drift/articles/time-bound-smart","D:/Website Goal Planner/vigilant-eagle-drift/articles/time-bound-smart|D:/Website Goal Planner/vigilant-eagle-drift/articles/time-bound-smart-goals","3"
"time bound smart goals examples","D:/Website Goal Planner/vigilant-eagle-drift/articles/D:/Website Goal Planner/vigilant-eagle-drift/articles/time-bound-smart","D:/Website Goal Planner/vigilant-eagle-drift/articles/time-bound-smart|D:/Website Goal Planner/vigilant-eagle-drift/articles/time-bound-smart-goals","0"
"time in smart goals","D:/Website Goal Planner/vigilant-eagle-drift/articles/D:/Website Goal Planner/vigilant-eagle-drift/articles/time-in-smart-goals","D:/Website Goal Planner/vigilant-eagle-drift/articles/time-in-smart-goals","0"
"time management nursing smart goals","D:/Website Goal Planner/vigilant-eagle-drift/articles/D:/Website Goal Planner/vigilant-eagle-drift/articles/time-management-nursing-smart-goals","D:/Website Goal Planner/vigilant-eagle-drift/articles/time-management-nursing-smart-goals","0"
"time management smart goals","D:/Website Goal Planner/vigilant-eagle-drift/articles/D:/Website Goal Planner/vigilant-eagle-drift/articles/time-management-smart-goals","D:/Website Goal Planner/vigilant-eagle-drift/articles/time-management-smart-goals","0"
"time management smart goals examples","D:/Website Goal Planner/vigilant-eagle-drift/articles/D:/Website Goal Planner/vigilant-eagle-drift/articles/time-management-smart-goals-examples","D:/Website Goal Planner/vigilant-eagle-drift/articles/time-management-smart-goals-examples|D:/Website Goal Planner/vigilant-eagle-drift/articles/time-management-smart-goals","3"
"time management smart goals for students","D:/Website Goal Planner/vigilant-eagle-drift/articles/D:/Website Goal Planner/vigilant-eagle-drift/articles/smart-goals-for-students","D:/Website Goal Planner/vigilant-eagle-drift/articles/smart-goals-for-students|D:/Website Goal Planner/vigilant-eagle-drift/articles/time-management-smart-goals","0"
"time management smart goals for students examples","D:/Website Goal Planner/vigilant-eagle-drift/articles/D:/Website Goal Planner/vigilant-eagle-drift/articles/smart-goals-for-students","D:/Website Goal Planner/vigilant-eagle-drift/articles/smart-goals-for-students|D:/Website Goal Planner/vigilant-eagle-drift/articles/time-management-smart-goals|D:/Website Goal Planner/vigilant-eagle-drift/articles/time-management-smart-goals-for-students-examples","0"
"time management tips for busy people","D:/Website Goal Planner/vigilant-eagle-drift/articles/D:/Website Goal Planner/vigilant-eagle-drift/articles/time-management-tips-and-strategies-2026","D:/Website Goal Planner/vigilant-eagle-drift/articles/time-management-tips-and-strategies-2026","0"
"time management tips for busy people for beginners","D:/Website Goal Planner/vigilant-eagle-drift/articles/time-management-tips-and-strategies-2026","time-management-tips-and-strategies-2026|quotes-for-success-and-determination|how-to-create-a-daily-schedule-that-works-2026","0"
"time management tips for busy people for students","D:/Website Goal Planner/vigilant-eagle-drift/articles/time-management-tips-and-strategies-2026","time-management-tips-and-strategies-2026|quotes-for-success-and-determination|how-to-create-a-daily-schedule-that-works-2026","0"
"time management tips for busy people in 2026","D:/Website Goal Planner/vigilant-eagle-drift/articles/time-management-tips-and-strategies-2026","time-management-tips-and-strategies-2026|quotes-for-success-and-determination|how-to-create-a-daily-schedule-that-works-2026","0"
"time management tips for busy people step by step","D:/Website Goal Planner/vigilant-eagle-drift/articles/time-management-tips-and-strategies-2026","time-management-tips-and-strategies-2026|quotes-for-success-and-determination","0"
"timely in smart goals","D:/Website Goal Planner/vigilant-eagle-drift/articles/D:/Website Goal Planner/vigilant-eagle-drift/articles/timely-in-smart-goals","D:/Website Goal Planner/vigilant-eagle-drift/articles/timely-in-smart-goals","0"
"timely smart goals examples","D:/Website Goal Planner/vigilant-eagle-drift/articles/D:/Website Goal Planner/vigilant-eagle-drift/articles/timely-smart-goals-examples","D:/Website Goal Planner/vigilant-eagle-drift/articles/timely-smart-goals-examples","0"
"tips for smart goals","D:/Website Goal Planner/vigilant-eagle-drift/articles/D:/Website Goal Planner/vigilant-eagle-drift/articles/tips-for-smart-goals","D:/Website Goal Planner/vigilant-eagle-drift/articles/tips-for-smart-goals","0"
"todoist alternative","NO_COVERAGE","","0"
"to-dos app alternative","NO_COVERAGE","","0"
"Tony Robbins personal development coaching tips","D:/Website Goal Planner/vigilant-eagle-drift/articles/D:/Website Goal Planner/vigilant-eagle-drift/articles/motivational-speakers-and-influencers","D:/Website Goal Planner/vigilant-eagle-drift/articles/motivational-speakers-and-influencers","0"
"Tony Robbins quotes for achieving success","D:/Website Goal Planner/vigilant-eagle-drift/articles/D:/Website Goal Planner/vigilant-eagle-drift/articles/motivational-speakers-and-influencers","D:/Website Goal Planner/vigilant-eagle-drift/articles/motivational-speakers-and-influencers","0"
"top motivational talks by Les Brown online","D:/Website Goal Planner/vigilant-eagle-drift/articles/D:/Website Goal Planner/vigilant-eagle-drift/articles/motivational-speakers-and-influencers","D:/Website Goal Planner/vigilant-eagle-drift/articles/motivational-speakers-and-influencers","0"
"trackable goals","D:/Website Goal Planner/vigilant-eagle-drift/articles/D:/Website Goal Planner/vigilant-eagle-drift/articles/trackable-goals","D:/Website Goal Planner/vigilant-eagle-drift/articles/trackable-goals","0"
"training and development smart goals examples","D:/Website Goal Planner/vigilant-eagle-drift/articles/D:/Website Goal Planner/vigilant-eagle-drift/articles/training-and-development-smart-goals-examples","D:/Website Goal Planner/vigilant-eagle-drift/articles/training-and-development-smart-goals-examples","0"
"training smart goals examples","D:/Website Goal Planner/vigilant-eagle-drift/articles/D:/Website Goal Planner/vigilant-eagle-drift/articles/training-smart-goals-examples","D:/Website Goal Planner/vigilant-eagle-drift/articles/training-smart-goals-examples","0"
"trello alternative","NO_COVERAGE","","0"
"two goals of advertising","D:/Website Goal Planner/vigilant-eagle-drift/articles/D:/Website Goal Planner/vigilant-eagle-drift/articles/two-goals-of-advertising","D:/Website Goal Planner/vigilant-eagle-drift/articles/two-goals-of-advertising","0"
"two smart goals","D:/Website Goal Planner/vigilant-eagle-drift/articles/D:/Website Goal Planner/vigilant-eagle-drift/articles/two-smart-goals","D:/Website Goal Planner/vigilant-eagle-drift/articles/two-smart-goals|D:/Website Goal Planner/vigilant-eagle-drift/articles/two-smart-goals","0"
"types of smart goals","D:/Website Goal Planner/vigilant-eagle-drift/articles/D:/Website Goal Planner/vigilant-eagle-drift/articles/types-of-smart-goals","D:/Website Goal Planner/vigilant-eagle-drift/articles/types-of-smart-goals","0"
"ultimate career smart goal","D:/Website Goal Planner/vigilant-eagle-drift/articles/D:/Website Goal Planner/vigilant-eagle-drift/articles/ultimate-career-smart-goal","D:/Website Goal Planner/vigilant-eagle-drift/articles/ultimate-career-smart-goal","0"
"under smart goal t stands for","D:/Website Goal Planner/vigilant-eagle-drift/articles/smart-goals-acronym","smart-goals-acronym|smart-acronym|smart-goal-setting","0"
"understanding smart goals","D:/Website Goal Planner/vigilant-eagle-drift/articles/D:/Website Goal Planner/vigilant-eagle-drift/articles/understanding-smart-goals","D:/Website Goal Planner/vigilant-eagle-drift/articles/understanding-smart-goals","0"
"use smart goals","D:/Website Goal Planner/vigilant-eagle-drift/articles/D:/Website Goal Planner/vigilant-eagle-drift/articles/use-smart-goals","D:/Website Goal Planner/vigilant-eagle-drift/articles/use-smart-goals","0"
"using the smart method","D:/Website Goal Planner/vigilant-eagle-drift/articles/D:/Website Goal Planner/vigilant-eagle-drift/articles/smart-method","D:/Website Goal Planner/vigilant-eagle-drift/articles/smart-method|D:/Website Goal Planner/vigilant-eagle-drift/articles/using-the-smart-method","0"
"vision board 2026","NO_COVERAGE","","0"
"vision board app","NO_COVERAGE","","0"
"vision board app android","D:/Website Goal Planner/vigilant-eagle-drift/articles/goal-tracker-app-how-to-track-progress","goal-tracker-app-how-to-track-progress","0"
"vision board app download","D:/Website Goal Planner/vigilant-eagle-drift/articles/daily-planner-guide-2026","daily-planner-guide-2026|habit-tracking-with-a-planner-app|how-to-create-a-daily-schedule-that-works-2026","0"
"vision board app for ipad","NO_COVERAGE","","0"
"vision board app for iphone","D:/Website Goal Planner/vigilant-eagle-drift/articles/goal-planning-system-for-beginners","goal-planning-system-for-beginners|how-to-set-goals-and-actually-achieve-them|goal-tracker-app-how-to-track-progress","0"
"vision board app free","D:/Website Goal Planner/vigilant-eagle-drift/articles/daily-planner-guide-2026","daily-planner-guide-2026|habit-tracking-with-a-planner-app|goal-planning-system-for-beginners","0"
"vision board app free download","D:/Website Goal Planner/vigilant-eagle-drift/articles/daily-planner-guide-2026","daily-planner-guide-2026|habit-tracking-with-a-planner-app|how-to-create-a-daily-schedule-that-works-2026","0"
"vision board app free iphone","D:/Website Goal Planner/vigilant-eagle-drift/articles/goal-planning-system-for-beginners","goal-planning-system-for-beginners|how-to-set-goals-and-actually-achieve-them|goal-tracker-app-how-to-track-progress","0"
"vision board app reddit","D:/Website Goal Planner/vigilant-eagle-drift/articles/goal-planning-system-for-beginners","goal-planning-system-for-beginners|how-to-set-goals-and-actually-achieve-them|goal-tracker-app-how-to-track-progress","0"
"vision board daraz","NO_COVERAGE","","0"
"vision board how does it work","D:/Website Goal Planner/vigilant-eagle-drift/articles/time-management-tips-and-strategies-2026","time-management-tips-and-strategies-2026|build-discipline-and-consistency|quotes-for-discipline-and-hard-work","0"
"vision board ideas","NO_COVERAGE","","0"
"vision board maker","NO_COVERAGE","","0"
"vision board meaning","NO_COVERAGE","","0"
"vision board pinterest","NO_COVERAGE","","0"
"vision board price","NO_COVERAGE","","0"
"vision board template","NO_COVERAGE","","0"
"vision board wallpaper","NO_COVERAGE","","0"
"Vivek Bindra business growth motivation tips","D:/Website Goal Planner/vigilant-eagle-drift/articles/D:/Website Goal Planner/vigilant-eagle-drift/articles/motivational-speakers-and-influencers","D:/Website Goal Planner/vigilant-eagle-drift/articles/motivational-speakers-and-influencers","0"
"Vivek Bindra leadership and motivation videos","D:/Website Goal Planner/vigilant-eagle-drift/articles/D:/Website Goal Planner/vigilant-eagle-drift/articles/motivational-speakers-and-influencers","D:/Website Goal Planner/vigilant-eagle-drift/articles/motivational-speakers-and-influencers","0"
"Vivek Bindra motivational lessons for entrepreneurs","D:/Website Goal Planner/vigilant-eagle-drift/articles/motivational-speakers-and-influencers","motivational-speakers-and-influencers","0"
"weekly planner app","D:/Website Goal Planner/vigilant-eagle-drift/articles/daily-planner-guide-2026","daily-planner-guide-2026|digital-planner-vs-paper|habit-tracking-with-a-planner-app","0"
"weekly planner diary","D:/Website Goal Planner/vigilant-eagle-drift/articles/daily-planner-guide-2026","daily-planner-guide-2026|how-to-create-a-daily-schedule-that-works-2026|weekly-planning-template-2026","0"
"weekly planner for students","D:/Website Goal Planner/vigilant-eagle-drift/articles/how-to-create-a-daily-schedule-that-works-2026","how-to-create-a-daily-schedule-that-works-2026|weekly-planning-template-2026","0"
"weekly planner for teachers","D:/Website Goal Planner/vigilant-eagle-drift/articles/weekly-planning-template-2026","weekly-planning-template-2026","0"
"weekly planner pakistan","D:/Website Goal Planner/vigilant-eagle-drift/articles/daily-planner-guide-2026","daily-planner-guide-2026|how-to-create-a-daily-schedule-that-works-2026|weekly-planning-template-2026","0"
"weekly planner pdf","D:/Website Goal Planner/vigilant-eagle-drift/articles/stay-focused-without-distractions","stay-focused-without-distractions|daily-planner-guide-2026|habit-tracking-with-a-planner-app","0"
"weekly planner printable pdf free","D:/Website Goal Planner/vigilant-eagle-drift/articles/habit-tracking-with-a-planner-app","habit-tracking-with-a-planner-app|habit-tracker-system-that-works-2026","0"
"weekly planner template","D:/Website Goal Planner/vigilant-eagle-drift/articles/D:/Website Goal Planner/vigilant-eagle-drift/articles/weekly-planning-template-2026","D:/Website Goal Planner/vigilant-eagle-drift/articles/weekly-planning-template-2026","0"
"weekly planner template excel","D:/Website Goal Planner/vigilant-eagle-drift/articles/D:/Website Goal Planner/vigilant-eagle-drift/articles/weekly-planning-template-2026","D:/Website Goal Planner/vigilant-eagle-drift/articles/weekly-planning-template-2026","0"
"weekly planner template word","D:/Website Goal Planner/vigilant-eagle-drift/articles/D:/Website Goal Planner/vigilant-eagle-drift/articles/weekly-planning-template-2026","D:/Website Goal Planner/vigilant-eagle-drift/articles/weekly-planning-template-2026","0"
"weekly planner template word free download","D:/Website Goal Planner/vigilant-eagle-drift/articles/D:/Website Goal Planner/vigilant-eagle-drift/articles/weekly-planning-template-2026","D:/Website Goal Planner/vigilant-eagle-drift/articles/weekly-planning-template-2026","0"
"weekly smart goals","D:/Website Goal Planner/vigilant-eagle-drift/articles/D:/Website Goal Planner/vigilant-eagle-drift/articles/weekly-smart-goals","D:/Website Goal Planner/vigilant-eagle-drift/articles/weekly-smart-goals","0"
"what are smart goals acronym","D:/Website Goal Planner/vigilant-eagle-drift/articles/D:/Website Goal Planner/vigilant-eagle-drift/articles/smart-goals-acronym","D:/Website Goal Planner/vigilant-eagle-drift/articles/smart-goals-acronym","0"
"what are smart goals and why are they important","D:/Website Goal Planner/vigilant-eagle-drift/articles/smart-goals-what-are-they","smart-goals-what-are-they","0"
"what are smart goals examples","D:/Website Goal Planner/vigilant-eagle-drift/articles/smart-goals-acronym","smart-goals-acronym|smart-goals-in-social-work|smart-goals-what-are-they","0"
"what are smart goals in business","D:/Website Goal Planner/vigilant-eagle-drift/articles/smart-goals-acronym","smart-goals-acronym|smart-goals-in-social-work|smart-goals-what-are-they","0"
"what are smart goals in education","D:/Website Goal Planner/vigilant-eagle-drift/articles/smart-goals-acronym","smart-goals-acronym|smart-goals-in-social-work|smart-goals-what-are-they","0"
"what are smart goals in healthcare","D:/Website Goal Planner/vigilant-eagle-drift/articles/smart-goals-acronym","smart-goals-acronym|smart-goals-in-social-work|smart-goals-what-are-they","0"
"what are smart goals in marketing","D:/Website Goal Planner/vigilant-eagle-drift/articles/smart-goals-acronym","smart-goals-acronym|smart-goals-in-social-work|smart-goals-what-are-they","0"
"what are smart goals in nursing","D:/Website Goal Planner/vigilant-eagle-drift/articles/smart-goals-acronym","smart-goals-acronym|smart-goals-in-social-work|smart-goals-what-are-they","0"
"what are smart goals in social work","D:/Website Goal Planner/vigilant-eagle-drift/articles/D:/Website Goal Planner/vigilant-eagle-drift/articles/smart-goals-in-social-work","D:/Website Goal Planner/vigilant-eagle-drift/articles/smart-goals-in-social-work","0"
"what are smart goals pdf","D:/Website Goal Planner/vigilant-eagle-drift/articles/smart-goals-acronym","smart-goals-acronym|smart-goals-in-social-work|smart-goals-what-are-they","0"
"what is a vision board and how does it work","D:/Website Goal Planner/vigilant-eagle-drift/articles/smart-goals-what-does-it-stand-for","smart-goals-what-does-it-stand-for|how-to-stay-motivated-and-consistent","0"
"what is a vision board and how to make one","D:/Website Goal Planner/vigilant-eagle-drift/articles/stay-focused-without-distractions","stay-focused-without-distractions|daily-planner-guide-2026|fix-lack-of-motivation","0"
"what is a vision board book","NO_COVERAGE","","0"
"what is a vision board examples","NO_COVERAGE","","0"
"what is a vision board for","NO_COVERAGE","","0"
"what is a vision board for kids","NO_COVERAGE","","0"
"what is a vision board on pinterest","NO_COVERAGE","","0"
"what is a vision board party","NO_COVERAGE","","0"
"what is a vision board used for","NO_COVERAGE","","0"
"what is a vision board workshop","NO_COVERAGE","","0"
"what is the best way to set goals to achieve the best results","D:/Website Goal Planner/vigilant-eagle-drift/articles/habit-tracking-with-a-planner-app","habit-tracking-with-a-planner-app|how-to-set-goals-and-actually-achieve-them","0"
"what mistakes we do while setting common goals","D:/Website Goal Planner/vigilant-eagle-drift/articles/how-to-stay-motivated-and-consistent","how-to-stay-motivated-and-consistent","0"
"what to do when you feel unmotivated","D:/Website Goal Planner/vigilant-eagle-drift/articles/D:/Website Goal Planner/vigilant-eagle-drift/articles/fix-lack-of-motivation","D:/Website Goal Planner/vigilant-eagle-drift/articles/fix-lack-of-motivation|D:/Website Goal Planner/vigilant-eagle-drift/articles/how-to-stay-motivated-and-consistent","0"
"why do many people fail to achieve their goals","D:/Website Goal Planner/vigilant-eagle-drift/articles/quotes-for-success-and-determination","quotes-for-success-and-determination|how-to-stay-motivated-and-consistent","0"
"why do most people fail to achieve their goals","D:/Website Goal Planner/vigilant-eagle-drift/articles/quotes-for-success-and-determination","quotes-for-success-and-determination|how-to-stay-motivated-and-consistent","0"
"why do people fail their goals","D:/Website Goal Planner/vigilant-eagle-drift/articles/beat-procrastination-and-stay-productive","beat-procrastination-and-stay-productive|daily-productivity-routine|mindset-shifts-for-success","0"
"why do people fail to achieve their goals","D:/Website Goal Planner/vigilant-eagle-drift/articles/quotes-for-success-and-determination","quotes-for-success-and-determination|how-to-stay-motivated-and-consistent","0"
"why do people fail to reach their financial goals","D:/Website Goal Planner/vigilant-eagle-drift/articles/beat-procrastination-and-stay-productive","beat-procrastination-and-stay-productive|stay-focused-without-distractions|daily-productivity-routine","0"
"why goal setting is important","D:/Website Goal Planner/vigilant-eagle-drift/articles/time-management-tips-and-strategies-2026","time-management-tips-and-strategies-2026|daily-planner-guide-2026|goal-planning-system-for-beginners","0"
"why goal setting is important for employees","D:/Website Goal Planner/vigilant-eagle-drift/articles/smart-goal-setting","smart-goal-setting|smart-goal-setting-examples|smart-goal-setting-ppt-for-employees","0"
"why goal setting is important for personal development","D:/Website Goal Planner/vigilant-eagle-drift/articles/smart-targets","smart-targets|smart-goal-examples-for-personal-development","0"
"why goal setting is important for students","D:/Website Goal Planner/vigilant-eagle-drift/articles/time-management-tips-and-strategies-2026","time-management-tips-and-strategies-2026|goal-planning-system-for-beginners|quotes-for-success-and-determination","0"
"why goal setting is important for success","D:/Website Goal Planner/vigilant-eagle-drift/articles/time-management-tips-and-strategies-2026","time-management-tips-and-strategies-2026|quotes-for-success-and-determination","0"
"why goal setting is important for young people","D:/Website Goal Planner/vigilant-eagle-drift/articles/time-management-tips-and-strategies-2026","time-management-tips-and-strategies-2026|quotes-for-success-and-determination","0"
"why goal setting is important for young people pdf","D:/Website Goal Planner/vigilant-eagle-drift/articles/time-management-tips-and-strategies-2026","time-management-tips-and-strategies-2026","0"
"why goal setting is important in achieving success in life","D:/Website Goal Planner/vigilant-eagle-drift/articles/quotes-for-success-and-determination","quotes-for-success-and-determination","0"
"why goal setting is important in business","D:/Website Goal Planner/vigilant-eagle-drift/articles/goal-planning-system-for-beginners","goal-planning-system-for-beginners|smart-acronym|business-goal-setting-worksheet","0"
"why goal setting is important in life","D:/Website Goal Planner/vigilant-eagle-drift/articles/quotes-for-success-and-determination","quotes-for-success-and-determination","0"
"why goals fail","D:/Website Goal Planner/vigilant-eagle-drift/articles/smart-goals-why","smart-goals-why","0"
"why setting a goal for your future is important","D:/Website Goal Planner/vigilant-eagle-drift/articles/quotes-for-success-and-determination","quotes-for-success-and-determination|how-to-set-goals-and-actually-achieve-them","0"
"why setting a goal for your future is very important","D:/Website Goal Planner/vigilant-eagle-drift/articles/quotes-for-success-and-determination","quotes-for-success-and-determination|how-to-set-goals-and-actually-achieve-them","0"
"why we fail to achieve your goals","D:/Website Goal Planner/vigilant-eagle-drift/articles/stay-focused-without-distractions","stay-focused-without-distractions|habit-tracking-with-a-planner-app|break-big-goals-into-small-steps","0"
"work life balance smart goals examples","D:/Website Goal Planner/vigilant-eagle-drift/articles/D:/Website Goal Planner/vigilant-eagle-drift/articles/work-life-balance-smart-goals-examples","D:/Website Goal Planner/vigilant-eagle-drift/articles/work-life-balance-smart-goals-examples","0"
"work related smart goals","D:/Website Goal Planner/vigilant-eagle-drift/articles/D:/Website Goal Planner/vigilant-eagle-drift/articles/work-related-smart-goals","D:/Website Goal Planner/vigilant-eagle-drift/articles/work-related-smart-goals","0"
"workplace smart goals","D:/Website Goal Planner/vigilant-eagle-drift/articles/D:/Website Goal Planner/vigilant-eagle-drift/articles/workplace-smart-goals","D:/Website Goal Planner/vigilant-eagle-drift/articles/workplace-smart-goals","0"
"writing measurable goals and objectives examples","D:/Website Goal Planner/vigilant-eagle-drift/articles/D:/Website Goal Planner/vigilant-eagle-drift/articles/measurable-goals","D:/Website Goal Planner/vigilant-eagle-drift/articles/measurable-goals|D:/Website Goal Planner/vigilant-eagle-drift/articles/writing-measurable-goals-and-objectives-examples","0"
"writing smart goals","D:/Website Goal Planner/vigilant-eagle-drift/articles/D:/Website Goal Planner/vigilant-eagle-drift/articles/writing-smart-goals","D:/Website Goal Planner/vigilant-eagle-drift/articles/writing-smart-goals","0"
"writing smart goals examples","D:/Website Goal Planner/vigilant-eagle-drift/articles/D:/Website Goal Planner/vigilant-eagle-drift/articles/writing-smart-goals","D:/Website Goal Planner/vigilant-eagle-drift/articles/writing-smart-goals|D:/Website Goal Planner/vigilant-eagle-drift/articles/writing-smart-goals-examples","0"
"writing smart goals for students","D:/Website Goal Planner/vigilant-eagle-drift/articles/D:/Website Goal Planner/vigilant-eagle-drift/articles/writing-smart-goals","D:/Website Goal Planner/vigilant-eagle-drift/articles/writing-smart-goals|D:/Website Goal Planner/vigilant-eagle-drift/articles/smart-goals-for-students|D:/Website Goal Planner/vigilant-eagle-drift/articles/writing-smart-goals-for-students","0"
"writing smart goals for work","D:/Website Goal Planner/vigilant-eagle-drift/articles/D:/Website Goal Planner/vigilant-eagle-drift/articles/writing-smart-goals","D:/Website Goal Planner/vigilant-eagle-drift/articles/writing-smart-goals|D:/Website Goal Planner/vigilant-eagle-drift/articles/smart-goals-for-work|D:/Website Goal Planner/vigilant-eagle-drift/articles/writing-smart-goals-for-work","0"
"writing smart objectives","D:/Website Goal Planner/vigilant-eagle-drift/articles/D:/Website Goal Planner/vigilant-eagle-drift/articles/writing-smart-objectives","D:/Website Goal Planner/vigilant-eagle-drift/articles/writing-smart-objectives","0"
"writing smart objectives examples","D:/Website Goal Planner/vigilant-eagle-drift/articles/D:/Website Goal Planner/vigilant-eagle-drift/articles/writing-smart-objectives","D:/Website Goal Planner/vigilant-eagle-drift/articles/writing-smart-objectives|D:/Website Goal Planner/vigilant-eagle-drift/articles/writing-smart-objectives-examples","0"
"yearly goal planner printable","D:/Website Goal Planner/vigilant-eagle-drift/articles/habit-tracking-with-a-planner-app","habit-tracking-with-a-planner-app|habit-tracker-system-that-works-2026","0"
"yearly goal planner template","D:/Website Goal Planner/vigilant-eagle-drift/articles/daily-planner-guide-2026","daily-planner-guide-2026|habit-tracking-with-a-planner-app|how-to-set-goals-and-actually-achieve-them","0"
"yearly goal planner template free","D:/Website Goal Planner/vigilant-eagle-drift/articles/daily-planner-guide-2026","daily-planner-guide-2026|habit-tracking-with-a-planner-app|how-to-set-goals-and-actually-achieve-them","0"
"yearly goal planning template","D:/Website Goal Planner/vigilant-eagle-drift/articles/goal-planning-system-for-beginners","goal-planning-system-for-beginners","0"
"yearly goal setting template","D:/Website Goal Planner/vigilant-eagle-drift/articles/goal-planning-system-for-beginners","goal-planning-system-for-beginners|how-to-set-goals-and-actually-achieve-them|smart-goal-setting-template-2026","0"
"yearly goal setting template excel","D:/Website Goal Planner/vigilant-eagle-drift/articles/daily-planner-guide-2026","daily-planner-guide-2026|habit-tracking-with-a-planner-app|goal-planning-system-for-beginners","0"
"yearly goal setting template free download pdf","D:/Website Goal Planner/vigilant-eagle-drift/articles/daily-planner-guide-2026","daily-planner-guide-2026|habit-tracking-with-a-planner-app|how-to-set-goals-and-actually-achieve-them","0"
"yearly goal setting template pdf","D:/Website Goal Planner/vigilant-eagle-drift/articles/how-to-set-goals-and-actually-achieve-them","how-to-set-goals-and-actually-achieve-them","0"
"yearly goal tracker template","D:/Website Goal Planner/vigilant-eagle-drift/articles/habit-tracking-with-a-planner-app","habit-tracking-with-a-planner-app|habit-tracker-system-that-works-2026","0"
"yearly planner 2026","D:/Website Goal Planner/vigilant-eagle-drift/articles/daily-planner-guide-2026","daily-planner-guide-2026|how-to-create-a-daily-schedule-that-works-2026|weekly-planning-template-2026","0"
"yearly planner 2026 printable","D:/Website Goal Planner/vigilant-eagle-drift/articles/habit-tracker-system-that-works-2026","habit-tracker-system-that-works-2026","0"
"yearly planner diary","D:/Website Goal Planner/vigilant-eagle-drift/articles/daily-planner-guide-2026","daily-planner-guide-2026|how-to-create-a-daily-schedule-that-works-2026","0"
"yearly planner of school","NO_COVERAGE","","0"
"yearly planner pakistan","D:/Website Goal Planner/vigilant-eagle-drift/articles/daily-planner-guide-2026","daily-planner-guide-2026|how-to-create-a-daily-schedule-that-works-2026","0"
"yearly planner pdf","D:/Website Goal Planner/vigilant-eagle-drift/articles/stay-focused-without-distractions","stay-focused-without-distractions|daily-planner-guide-2026|habit-tracking-with-a-planner-app","0"
"yearly planner pdf free download","D:/Website Goal Planner/vigilant-eagle-drift/articles/daily-planner-guide-2026","daily-planner-guide-2026|habit-tracking-with-a-planner-app|how-to-create-a-daily-schedule-that-works-2026","0"
"yearly planner template","D:/Website Goal Planner/vigilant-eagle-drift/articles/daily-planner-guide-2026","daily-planner-guide-2026|habit-tracking-with-a-planner-app|how-to-create-a-daily-schedule-that-works-2026","0"
"yearly planner template excel","D:/Website Goal Planner/vigilant-eagle-drift/articles/daily-planner-guide-2026","daily-planner-guide-2026|habit-tracking-with-a-planner-app|how-to-create-a-daily-schedule-that-works-2026","0"
"yearly planner template free download","D:/Website Goal Planner/vigilant-eagle-drift/articles/daily-planner-guide-2026","daily-planner-guide-2026|habit-tracking-with-a-planner-app|how-to-create-a-daily-schedule-that-works-2026","0"